Assay Type,Molecule Name,Molecular Weight,AlogP,#RO5 Violations,Standard Type,Standard Relation,Standard Value,Standard Units,Original Smiles,nM,Inhibitor
F,,554.74,4.84,1.0,IC50,=,123.0,nM,C[C@@H]1CN(C(=O)Cn2c3ccccc3c3ccnc(CN(CCCCN)[C@H]4CCCc5cccnc54)c32)C[C@H](C)O1,123.0,1
B,,428.58,3.79,0.0,IC50,>,7.0,nM,CN(CCc1ccccc1)C[C@@H]1CCN(CCc2c[nH]c3ccc(-n4cnnc4)cc23)C1,7.0,0
B,,644.73,-0.32,2.0,IC50,=,63.0,nM,C[C@@H]1NC(=O)[C@H](CCCNC(=N)N)NC(=O)[C@H](Cc2ccc3ccccc3c2)NC(=O)CNC(=O)[C@@H](Cc2ccc(O)cc2)NC1=O,63.0,1
F,,404.6,3.87,0.0,IC50,=,161.0,nM,c1ccc2c(c1)CN[C@@H](CN(CC[C@@H]1CCCNC1)[C@H]1CCCc3cccnc31)C2,161.0,1
F,,464.57,6.43,1.0,IC50,>,3000.0,nM,CCCCN(c1nc2ccccc2o1)C(c1ccc(-c2ccccc2-c2nnn[nH]2)cc1)C1CC1,3000.0,0
B,,888.04,1.89,2.0,IC50,=,10000.0,nM,CN1C(=O)[C@H](CCCNC(=N)N)NC(=O)[C@@H](Cc2ccc(O)cc2)NC(=O)[C@H](Cc2c[nH]c3ccccc23)N(C)C(=O)[C@H](Cc2ccc3ccccc3c2)NC(=O)[C@@H]1CCCNC(N)=O,10000.0,0
B,,595.74,6.97,2.0,IC50,>,1000.0,nM,C=CCN(C(=O)OCc1ccc([N+](=O)[O-])cc1)C1CCN(CCC(Cn2c(CC)nc3ccccc32)c2ccccc2)CC1,1000.0,0
B,,430.69,5.23,1.0,IC50,=,1873.0,nM,C1=C(CS/C(=N\C2CCCCC2)NC23CC4CC(CC(C4)C2)C3)N2CCN=C2S1,1088.5,0
F,,394.54,3.68,0.0,IC50,=,28.0,nM,C/C(CN)=C(\F)CN(C[C@H]1Cc2ccccc2CN1)[C@H]1CCCc2cccnc21,28.0,1
B,,418.58,4.82,0.0,IC50,>,30000.0,nM,C[C@H](NC(=S)Nc1sc2c(c1C(=O)OC(C)(C)C)CCOC2)c1ccccc1,30000.0,0
B,,2224.61,,,IC50,=,502.0,nM,CC(C)C[C@@H](N)C(=O)NCC(=O)N[C@H](C)C(=O)N[C@H](CO)C(=O)N[C@H](Cc1c[nH]c2ccccc12)C(=O)N[C@H](Cc1cnc[nH]1)C(=O)N[C@H](CCCNC(=N)N)C(=O)N1CCC[C@@H]1C(=O)N[C@H](CC(=O)O)C(=O)N[C@H](CCCCN)C(=O)N[C@H](CCCCNC(=O)[C@H](CCCNC(=N)N)NC(=O)[C@H](Cc1ccc(O)cc1)NC(=O)[C@H](CO)NC(=O)[C@H](CC(C)C)NC(=O)[C@H](CO)NC(=O)[C@@H](NC(=O)[C@@H]1CCCN1C(=O)[C@@H](N)CCCCN)C(C)C)C(N)=O,502.0,0
B,,346.48,4.7,0.0,IC50,>,10000.0,nM,CC1CCCc2sc(NC(=S)Nc3ccccc3)c(C(=O)O)c21,10000.0,0
F,,326.38,2.78,0.0,IC50,=,1000.0,nM,CSc1nnc(-c2ccc(CNC(=O)c3ccccc3)nc2)o1,1000.0,0
B,,303.32,2.41,0.0,IC50,>,10000.0,nM,Cc1ccccc1Cn1nnc2c1C(=O)c1ccccc1C2=O,10000.0,0
B,,488.64,5.72,1.0,IC50,=,29200.0,nM,c1ccc(CNCc2ccc(CN(Cc3nc4ccccc4[nH]3)[C@@H]3CCCc4cccnc43)cc2)nc1,29200.0,0
B,,414.68,4.49,0.0,IC50,=,155.5,nM,c1cc(CNCCCNC2CCCCC2)cc(CNCCCNC2CCCCC2)c1,155.5,1
B,,366.51,2.69,0.0,IC50,=,630.0,nM,CN(C)C1CCN(N(Cc2ccncn2)C2CCCc3cccnc32)CC1,630.0,0
F,,433.64,3.64,0.0,IC50,=,16.9,nM,CC(C)N1CCN(c2cccc3c2C[C@H](CN(C)[C@H]2CCCc4cccnc42)NC3)CC1,16.9,1
B,,406.58,3.22,0.0,IC50,=,51.0,nM,Cc1nc(CN(CC2CC2)C2CCCc3cccnc32)cc(N2CCN(C)CC2)n1,51.0,1
B,,999.11,-3.37,3.0,IC50,=,30.0,nM,CC(=O)N[C@@H](CCCNC(=N)N)C(=O)N[C@@H](C)C(=O)N[C@H]1CCn2nncc2C[C@H](C(=O)O)NC(=O)[C@H](Cc2c[nH]cn2)NC(=O)[C@H](Cc2ccc3ccccc3c2)NC(=O)[C@H](CCCNC(=N)N)NC1=O,30.0,1
B,,847.82,1.39,2.0,IC50,>,30000.0,nM,CN1C(=O)[C@H](CCCNC(=N)N)NC(=O)[C@@H](Cc2ccc(Br)cc2)NC(=O)[C@@H]2CCCN2C(=O)[C@H](Cc2ccc3ccccc3c2)NC(=O)[C@@H]1CCCNC(N)=O,30000.0,0
B,,577.82,4.71,1.0,IC50,=,5.7,nM,c1ccc(CN(Cc2ccc(-c3ccccc3CN3CCCNCCNCCCNCC3)cc2)Cc2ccccn2)nc1,5.7,1
B,,899.12,-2.87,3.0,IC50,=,5900.0,nM,C[C@H](NC(=O)[C@@H](N)CCCNC(=N)N)C(=O)N[C@H]1CSSC[C@@H](C(N)=O)NC(=O)[C@H](Cc2ccccc2)NC(=O)[C@H](Cc2ccccc2)NC(=O)[C@H](CCCNC(=N)N)NC1=O,5900.0,0
B,,786.91,0.76,2.0,IC50,>,30000.0,nM,CN1C(=O)[C@H](CCCNC(=N)N)NC(=O)[C@@H](Cc2ccc(F)cc2)NC(=O)[C@@H]2CCCN2C(=O)[C@H](Cc2ccc3ccccc3c2)NC(=O)[C@@H]1CCCNC(N)=O,30000.0,0
F,,438.54,6.04,1.0,IC50,=,9900.0,nM,CCCCN(c1nc2ccccc2o1)[C@@H](C)c1ccc(-c2ccccc2-c2nnn[nH]2)cc1,9900.0,0
F,,2051.45,,,IC50,=,23.5,nM,NCCCC[C@H]1NC(=O)[C@H](CCCN=C(N)N)NC(=O)[C@@H](Cc2ccc(O)cc2)NC(=O)[C@H](NC(=O)[C@@H](NC(=O)[C@H](CCCN=C(N)N)NC(=O)[C@@H](N)CCCN=C(N)N)c2ccc3ccccc3c2)CSSC[C@H](C(=O)N[C@@H](CCCN=C(N)N)C(N)=O)NC(=O)[C@H](CCCNC(N)=O)NC(=O)[C@H](CCCN=C(N)N)NC(=O)[C@H](Cc2ccc(O)cc2)NC(=O)[C@H]2CCCN2C(=O)[C@H](CCCNC(N)=O)NC1=O,23.5,1
F,,362.52,2.99,0.0,IC50,=,129.0,nM,NC/C=C/CN(C[C@H]1Cc2ccccc2CN1)[C@H]1CCCc2cccnc21,129.5,1
F,,530.71,6.34,2.0,IC50,=,143.0,nM,FC1(F)CCC(NCc2ccc(CN(C[C@H]3Cc4ccccc4CN3)[C@H]3CCCc4cccnc43)cc2)CC1,143.0,1
B,,607.47,4.99,1.0,IC50,>,35000.0,nM,Cl.c1cc(CN2CCCSCCSCCCNCC2)ccc1CN1CCCSCCSCCCNCC1,35000.0,0
B,,1499.74,,,IC50,=,4.0,nM,CN1C(=O)[C@@H](Cc2ccc(O)cc2)NC(=O)CNC(=O)[C@H](Cc2ccc3ccccc3c2)NC(=O)[C@H](CCCNC(=N)N)NC(=O)[C@H]1CCCNC(=O)CCCC(=O)NCCC[C@@H]1C(=O)N[C@@H](CCCNC(=N)N)C(=O)N[C@@H](Cc2ccc3ccccc3c2)C(=O)NCC(=O)N[C@H](Cc2ccc(O)cc2)C(=O)N1C,4.0,1
B,,392.64,4.93,0.0,IC50,=,3575.0,nM,CN(/C(=N/C1CCCCC1)SCC1=CSC2=NCCN12)C1CCCCC1,2253.0,0
F,,2053.42,,,IC50,=,50.6,nM,NCCCC[C@H]1NC(=O)[C@H](CCCNC(N)=O)NC(=O)[C@@H](Cc2ccc(O)cc2)NC(=O)[C@H](NC(=O)[C@@H](NC(=O)[C@H](CCCN=C(N)N)NC(=O)[C@@H](N)CCCN=C(N)N)c2ccc3ccccc3c2)CSSC[C@H](C(=O)N[C@@H](CCCN=C(N)N)C(=O)O)NC(=O)[C@H](CCCNC(N)=O)NC(=O)[C@H](CCCN=C(N)N)NC(=O)[C@H](Cc2ccc(O)cc2)NC(=O)[C@H]2CCCN2C(=O)[C@H](CCCNC(N)=O)NC1=O,50.6,1
B,,424.55,3.22,0.0,IC50,>,10000.0,nM,CC(C)(C)OC(=O)N1CCN(N(Cc2ccncn2)C2CCCc3cccnc32)CC1,10000.0,0
B,,409.58,2.95,0.0,IC50,=,930.0,nM,CC(C)Nc1nc(CN(C)C2CCCc3cccnc32)cc(N2CCN(C)CC2)n1,930.0,0
B,,998.25,-0.53,3.0,IC50,>,10000.0,nM,CC(=O)N[C@@H](CCCNC(=N)N)C(=O)N[C@@H](C)C(=O)N[C@H]1C(=O)N[C@@H](CCCNC(=N)N)C(=O)N[C@@H](Cc2ccccc2)C(=O)N[C@@H](Cc2ccccc2)C(=O)N[C@H](C(=O)O)C(C)(C)SSC1(C)C,10000.0,0
B,,519.65,5.34,2.0,IC50,=,2700.0,nM,N=C(N)NCCc1cc2cc(NC(=O)CCc3ccc(O)cc3)ccc2n1CCc1ccc2ccccc2c1,2700.0,0
B,,743.87,-0.89,2.0,IC50,=,33.0,nM,N=C(N)NCCCC[C@@H]1NC(=O)[C@@H](Cc2ccc(O)cc2)NC(=O)CNC(=O)[C@H](Cc2ccc3ccccc3c2)NC(=O)[C@H](CCCN=C(N)N)NC1=O,33.0,1
B,,649.85,2.72,3.0,IC50,=,40.4,nM,N[C@@H](CCC(=O)N1CCC(Nc2nc(NCc3cn(CCCNCCCNC4CCCCC4)nn3)nc3ccccc23)CC1)C(=O)O,40.4,1
B,,647.82,6.27,2.0,IC50,>,1000.0,nM,C=CCN(C(=O)OCc1ccccc1)C1CCN(CCC(C)(CN2C(=O)N[C@H](Cc3c[nH]c4ccccc34)C2=O)c2ccccc2)CC1,1000.0,0
F,,345.45,2.8,0.0,IC50,=,973.0,nM,NCC#CCN(Cc1nc2ccccc2[nH]1)C1CCCc2cccnc21,973.0,0
F,,546.76,5.75,2.0,IC50,=,664.0,nM,c1ccc(CN(CCCCN(C[C@H]2Cc3ccccc3CN2)[C@H]2CCCc3cccnc32)Cc2ccccn2)nc1,664.0,0
F,,399.54,4.73,0.0,IC50,=,142.0,nM,NCCCCN(Cc1nccc2c1[nH]c1ccccc12)C1CCCc2cccnc21,142.0,1
B,,496.65,5.07,1.0,IC50,>,60000.0,nM,C=CCN(c1ccccc1N(CC=C)S(=O)(=O)c1ccc(C)cc1)S(=O)(=O)c1ccc(C)cc1,60000.0,0
B,,1020.25,,,IC50,=,22.0,nM,CC(=O)N[C@@H](CCCNC(=N)N)C(=O)N[C@@H](C)C(=O)N[C@@H]1CSSC(C)(C)[C@@H](C(=O)O)NC(=O)[C@H](Cc2ccccc2)NC(=O)[C@H](Cc2cccc3ccccc23)NC(=O)[C@H](CCCNC(=N)N)NC1=O,22.0,1
B,,743.87,-0.73,2.0,IC50,=,21.0,nM,CN1C(=O)[C@H](Cc2ccc3ccccc3c2)NC(=O)CNC(=O)[C@@H](Cc2ccc(O)cc2)NC(=O)[C@@H](CCCNC(=N)N)NC(=O)[C@@H]1CCCNC(=N)N,21.0,1
F,,495.59,6.0,1.0,IC50,>,10000.0,nM,CCCCN(c1nc2cc(NC(C)=O)ccc2o1)[C@H](C)c1ccc(-c2ccccc2-c2nnn[nH]2)cc1,10000.0,0
B,,554.74,4.84,1.0,IC50,=,9.9,nM,C[C@@H]1CN(C(=O)Cn2c3ccccc3c3ccnc(CN(CCCCN)C4CCCc5cccnc54)c32)C[C@H](C)O1,9.9,1
B,,633.79,6.09,2.0,IC50,>,1000.0,nM,C=CCN(C(=O)OCc1ccccc1)C1CCN(CCC(CN2C(=O)N[C@H](Cc3c[nH]c4ccccc34)C2=O)c2ccccc2)CC1,1000.0,0
F,,378.56,3.56,0.0,IC50,=,39.0,nM,CN1Cc2ccccc2C[C@@H]1CN(CCCCN)[C@H]1CCCc2cccnc21,29.5,1
B,,324.47,3.7,0.0,IC50,=,2511.89,nM,COc1ccccc1CN1CCC(CNCc2ccccc2)CC1,2511.89,0
B,,351.5,2.74,0.0,IC50,>,10000.0,nM,CN1CCN(c2cc(CN(C)C3CCCc4cccnc43)ccn2)CC1,10000.0,0
B,,345.49,1.67,0.0,IC50,=,25100.0,nM,Cc1c[nH]c(CN2CCC(N3CCCC(C(=O)NC4CC4)C3)CC2)n1,25100.0,0
B,,218.34,2.17,0.0,IC50,>,10000.0,nM,Cc1ccccc1CN1CCC(CN)CC1,10000.0,0
B,,2108.46,,,IC50,=,6.7,nM,CC(=O)N[C@@H](CCCNC(=N)N)C(=O)N[C@@H](CCCNC(=N)N)C(=O)N[C@@H](Cc1cccc2ccccc12)C(=O)N[C@H]1CSSC[C@@H](C(=O)N[C@@H](CCCNC(=N)N)C(N)=O)NC(=O)[C@H](CCCNC(N)=O)NC(=O)[C@H](CCCNC(=N)N)NC(=O)[C@H](Cc2ccc(O)cc2)NC(=O)[C@@H]2CCCN2C(=O)[C@@H](CCC(=O)O)NC(=O)[C@H](CCCNC(=N)N)NC(=O)[C@H](CCCNC(N)=O)NC(=O)[C@H](Cc2ccc(O)cc2)NC1=O,6.7,1
F,,352.4,3.8,0.0,IC50,=,111.0,nM,CC(c1ccccn1)N(CCCCN)Cc1ncccc1C(F)(F)F,111.0,1
B,,345.49,5.43,1.0,IC50,=,19.6,nM,CCc1ccc(NCc2cccc(CNc3ccc(CC)cc3)n2)cc1,19.6,1
F,,426.57,3.96,0.0,IC50,=,10.0,nM,NCc1ccc(CN(Cc2nc3ccccc3[nH]2)C2CCCc3cccnc32)c(CN)c1,10.0,1
B,,833.03,0.92,2.0,IC50,>,30000.0,nM,CSCC[C@H]1C(=O)N[C@H](Cc2ccc(O)cc2)C(=O)N[C@@H](CCCNC(=N)N)C(=O)N(C)[C@@H](CCCNC(N)=O)C(=O)N[C@@H](Cc2ccc3ccccc3c2)C(=O)N1C,30000.0,0
B,,474.53,5.48,1.0,IC50,>,30000.0,nM,CC(C)(C)OC(=O)c1c(NC(=S)Nc2ccc(OC(F)(F)F)cc2)sc2c1CCOC2,30000.0,0
B,,390.53,4.59,0.0,IC50,>,30000.0,nM,CC(C)(C)OC(=O)c1c(NC(=S)Nc2ccccc2)sc2c1CCOC2,30000.0,0
B,,1020.25,,,IC50,=,1.5,nM,CC(=O)N[C@@H](CCCNC(=N)N)C(=O)N[C@@H](C)C(=O)N[C@@H]1CSSC(C)(C)[C@@H](C(=O)O)NC(=O)[C@H](Cc2ccc3ccccc3c2)NC(=O)[C@H](Cc2ccccc2)NC(=O)[C@H](CCCNC(=N)N)NC1=O,1.5,1
F,,459.51,5.28,1.0,IC50,>,10000.0,nM,c1ccc(-c2nnn[nH]2)c(-c2ccc(CN(Cc3ccncc3)c3nc4ccccc4o3)cc2)c1,10000.0,0
B,,390.53,4.88,0.0,IC50,>,10000.0,nM,CCOC(=O)c1c(NC(=S)Nc2ccccc2O)sc2c1C(C)CCC2,10000.0,0
F,,450.55,5.87,1.0,IC50,=,3500.0,nM,c1ccc(-c2nnn[nH]2)c(-c2ccc(CN(CC3CCCC3)c3nc4ccccc4o3)cc2)c1,3500.0,0
B,,505.12,2.79,1.0,IC50,=,708.3,nM,Clc1cc(NC2CCNCC2)nc(NCc2cn(CCCNCCCNC3CCCCC3)nn2)n1,708.3,0
B,,380.54,2.7,0.0,IC50,=,25.0,nM,CCc1nc(CN(C)C2CCCc3cccnc32)cc(N2CCN(C)CC2)n1,25.0,1
F,,434.72,5.86,1.0,IC50,=,437.0,nM,CC(C)(C)C1CCC(N/C(=N/C2CCCCC2)SCC2=CSC3=NCCN23)CC1,985.0,0
B,,786.91,0.76,2.0,IC50,>,30000.0,nM,CN1C(=O)[C@H](CCCNC(=N)N)NC(=O)[C@@H](Cc2cccc(F)c2)NC(=O)[C@@H]2CCCN2C(=O)[C@H](Cc2ccc3ccccc3c2)NC(=O)[C@@H]1CCCNC(N)=O,30000.0,0
B,,384.5,2.58,0.0,IC50,=,12.0,nM,Cc1nc(CN(C)C2CCCc3cccnc32)c(F)c(N2CCN(C)CC2)n1,12.0,1
B,,744.85,0.11,2.0,IC50,=,1000.0,nM,CC(=O)NCCC[C@@H]1C(=O)N[C@@H](CCCNC(N)=O)C(=O)N[C@@H](Cc2ccc3ccccc3c2)C(=O)NCC(=O)N[C@H](Cc2ccc(O)cc2)C(=O)N1C,1000.0,0
B,,537.76,3.07,2.0,IC50,=,72.1,nM,Cc1cc(NC2CCN(CCC#N)CC2)nc(NCc2cn(CCCNCCCNC3CCCCC3)nn2)n1,72.1,1
B,,392.55,2.97,0.0,IC50,=,70.0,nM,Cc1nc(CN(C)[C@H]2CCCc3cccnc32)cc(N2CCN(C3CC3)CC2)n1,70.0,1
F,,354.5,3.24,0.0,IC50,=,1621.0,nM,COCc1cccc(CN(CCCCN)C2CCCc3cccnc32)n1,1621.0,0
F,,335.46,3.19,0.0,IC50,=,68.0,nM,NCCCN(Cc1nc2ccccc2[nH]1)C1CCCc2cccnc21,68.0,1
B,,751.03,2.5,2.0,IC50,=,69000.0,nM,CNC(=O)COCC(=O)NCCCCNC(=O)COCC(=O)NC[C@H]1CC[C@H](/N=C(\NC2CCCCC2)SCC2=CSC3=NC(C)(C)CN23)CC1,61000.0,0
F,,549.07,4.0,1.0,IC50,>,10000.0,nM,COc1cccc2c1c(NS(=O)(=O)c1ccc(Cl)s1)nn2Cc1cccc(CNC(=O)C(C)(C)O)c1,10000.0,0
F,,378.61,4.59,0.0,IC50,=,11.0,nM,C1=C(CS/C(=N\C2CCCCC2)NC2CCCCC2)N2CCN=C2S1,39.0,1
F,,438.54,5.79,1.0,IC50,=,8600.0,nM,CCCCN(Cc1ccc(-c2ccccc2-c2nnn[nH]2)cc1)c1nc2cc(C)ccc2o1,8600.0,0
F,,496.57,5.2,1.0,IC50,>,10000.0,nM,CCCCN(Cc1ccc(-c2ccccc2-c2nnn[nH]2)cc1)c1nc2cc(CC(=O)OC)ccc2o1,10000.0,0
F,,472.98,6.44,1.0,IC50,=,3900.0,nM,CCCCN(Cc1ccc(-c2ccccc2-c2nnn[nH]2)cc1)c1nc2cc(Cl)cc(C)c2o1,3900.0,0
B,,2620.2,,,IC50,=,62.02,nM,CC(C)C[C@H](NC(=O)[C@H](CO)NC(=O)[C@@H](NC(=O)[C@@H]1CCCN1C(=O)[C@@H](N)CCCCN)C(C)C)C(=O)N[C@@H](CO)C(=O)NCCCC[C@H](NC(=O)[C@@H]1CSSC[C@H](NC(=O)[C@H](Cc2ccc3ccccc3c2)NC(=O)[C@H](CCCNC(=N)N)NC(=O)[C@@H](N)CCCNC(=N)N)C(=O)N[C@@H](Cc2ccc(O)cc2)C(=O)N[C@@H](CCCNC(=N)N)C(=O)N[C@@H](CCCCN)C(=O)N[C@H](CCCCN)C(=O)N2CCC[C@H]2C(=O)N[C@@H](Cc2ccc(O)cc2)C(=O)N[C@@H](CCCNC(=N)N)C(=O)N[C@@H](CCCNC(N)=O)C(=O)C1)C(=O)O,62.02,1
B,,444.58,3.95,0.0,IC50,>,60000.0,nM,Cc1ccc(S(=O)(=O)N(C)c2ccccc2N(C)S(=O)(=O)c2ccc(C)cc2)cc1,60000.0,0
F,,391.56,2.51,0.0,IC50,=,6.08,nM,CN(C[C@H]1Cc2c(cccc2N2CCNCC2)CN1)[C@H]1CCCc2cccnc21,6.08,1
B,,442.53,6.19,1.0,IC50,=,14600.0,nM,CCOC(=O)c1c(NC(=S)Nc2ccc(C(F)(F)F)cc2)sc2c1C(C)CCC2,14600.0,0
F,,405.59,2.86,0.0,IC50,=,32.0,nM,CN1Cc2cccc(N3CCNCC3)c2C[C@@H]1CN(C)[C@H]1CCCc2cccnc21,32.0,1
F,,511.72,4.11,1.0,IC50,=,5.0,nM,NCCCn1c2ccccc2c2ccnc(CN(CCCN3CCNCC3)[C@H]3CCCc4cccnc43)c21,5.0,1
B,,769.91,-0.34,2.0,IC50,=,10000.0,nM,N=C(N)NCCC(=O)N[C@H]1C/C=C\C[C@H](C(=O)NCCc2ccc(O)cc2)NC(=O)[C@H](Cc2ccc3ccccc3c2)NC(=O)[C@H](CCCN=C(N)N)NC1=O,10000.0,0
B,,417.6,5.24,1.0,IC50,>,10000.0,nM,CCOC(=O)c1c(NC(=S)Nc2ccc(N(C)C)cc2)sc2c1C(C)CCC2,10000.0,0
B,,2619.22,,,IC50,=,28.33,nM,CC(C)C[C@H](NC(=O)[C@H](CO)NC(=O)[C@@H](NC(=O)[C@@H]1CCCN1C(=O)[C@@H](N)CCCCN)C(C)C)C(=O)N[C@@H](CO)C(=O)NCCCC[C@H](NC(=O)[C@@H]1CSSC[C@H](NC(=O)[C@H](Cc2ccc3ccccc3c2)NC(=O)[C@H](CCCNC(=N)N)NC(=O)[C@@H](N)CCCNC(=N)N)C(=O)N[C@@H](Cc2ccc(O)cc2)C(=O)N[C@@H](CCCNC(=N)N)C(=O)N[C@@H](CCCCN)C(=O)N[C@H](CCCCN)C(=O)N2CCC[C@H]2C(=O)N[C@@H](Cc2ccc(O)cc2)C(=O)N[C@@H](CCCNC(=N)N)C(=O)N[C@@H](CCCNC(=N)N)C(=O)C1)C(=O)O,28.33,1
F,,512.66,3.84,1.0,IC50,=,113.0,nM,O=C(O)Cn1c2ccccc2c2ccnc(CN(CCCN3CCNCC3)[C@H]3CCCc4cccnc43)c21,124.0,1
F,,390.58,3.75,0.0,IC50,=,34.0,nM,N[C@H]1CC[C@H](N(C[C@H]2Cc3ccccc3CN2)[C@H]2CCCc3cccnc32)CC1,34.0,1
B,,2877.35,,,IC50,=,48.04,nM,CC(C)C[C@@H](N)C(=O)NCC(=O)N[C@H](C)C(=O)N[C@H](CO)C(=O)N[C@H](Cc1c[nH]c2ccccc12)C(=O)N[C@H](Cc1cnc[nH]1)C(=O)N[C@H](CCCNC(=N)N)C(=O)N1CCC[C@@H]1C(=O)N[C@H](CC(=O)O)C(=O)N[C@H](CCCCN)C(=O)N[C@H](CCCCN)C(=O)N[C@H](CCCNC(=N)N)C(=O)N(CCCCCC(=O)O)[C@@H](CCCCN)C(=O)N[C@@H](CCCNC(=N)N)C(=O)N[C@@H](CCCCN)C(=O)N[C@H](CS)C(=O)N[C@H](C(=O)N[C@@H](CCCNC(=N)N)C(=O)N1CCC[C@H]1C(=O)N[C@@H](CC(N)=O)C(=O)N[C@@H](CC(N)=O)C(=O)N[C@@H](CC(N)=O)C(=O)N[C@H](C(N)=O)[C@H](C)O)[C@H](C)O,48.04,1
B,,421.59,6.25,1.0,IC50,>,10000.0,nM,CC1CCCc2sc(NC(=S)Nc3ccccc3)c(C(=O)Nc3ccccc3)c21,10000.0,0
F,,435.55,6.2,1.0,IC50,>,50000.0,nM,CC(=O)c1c(C)oc2c1cc(NS(=O)(=O)c1ccc(C(C)(C)C)cc1)c1ccccc12,50000.0,0
B,,794.02,0.18,2.0,IC50,=,1000.0,nM,N=C(N)NCCCN[C@H]1CSSC[C@H](C(=O)NCCc2ccc(O)cc2)NC(=O)[C@H](Cc2ccc3ccccc3c2)NC(=O)[C@H](CCCN=C(N)N)NC1=O,1000.0,0
F,,387.49,4.09,0.0,IC50,=,12.0,nM,NCc1ccoc1CN(Cc1nc2ccccc2[nH]1)C1CCCc2cccnc21,12.0,1
B,,2939.57,,,IC50,=,21.67,nM,CC(C)C[C@H](NC(=O)[C@H](CO)NC(=O)[C@@H](NC(=O)[C@@H]1CCCN1C(=O)[C@@H](N)CCCCN)C(C)C)C(=O)N[C@@H](CO)C(=O)N[C@@H](Cc1ccc(O)cc1)C(=O)N[C@@H](CCCNC(=N)N)C(=O)NCCCC[C@H](NC(=O)[C@@H]1CSSC[C@H](NC(=O)[C@H](Cc2ccc3ccccc3c2)NC(=O)[C@H](CCCNC(=N)N)NC(=O)[C@@H](N)CCCNC(=N)N)C(=O)N[C@@H](Cc2ccc(O)cc2)C(=O)N[C@@H](CCCNC(=N)N)C(=O)N[C@@H](CCCCN)C(=O)N[C@H](CCCCN)C(=O)N2CCC[C@H]2C(=O)N[C@@H](Cc2ccc(O)cc2)C(=O)N[C@@H](CCCNC(=N)N)C(=O)N[C@@H](CCCNC(N)=O)C(=O)C1)C(=O)O,21.67,1
B,,492.1,4.13,0.0,IC50,>,30000.0,nM,CCCCN1C(=O)C(CC2CCCCC2)NC(=O)C12CCN(Cc1ccc(OC)cc1)CC2.Cl,30000.0,0
B,,1015.19,,,IC50,=,3690.0,nM,CC(=O)N[C@@H](CCCNC(=N)N)C(=O)N[C@@H](C)C(=O)N[C@@H]1CSSC(C)(C)[C@@H](C(=O)O)NC(=O)[C@H](Cc2ccccc2)NC(=O)[C@H](Cc2ccc([N+](=O)[O-])cc2)NC(=O)[C@H](CCCNC(=N)N)NC1=O,3690.0,0
B,,418.58,4.82,0.0,IC50,>,30000.0,nM,C[C@@H](NC(=S)Nc1sc2c(c1C(=O)OC(C)(C)C)CCOC2)c1ccccc1,30000.0,0
B,,800.96,0.82,2.0,IC50,>,30000.0,nM,CC(C)[C@H]1C(=O)N[C@H](Cc2ccc(O)cc2)C(=O)N[C@@H](CCCNC(=N)N)C(=O)N(C)[C@@H](CCCNC(N)=O)C(=O)N[C@@H](Cc2ccc3ccccc3c2)C(=O)N1C,30000.0,0
B,,3081.73,,,IC50,=,137.0,nM,CC(C)C[C@H](NC(=O)[C@H](CO)NC(=O)[C@@H](NC(=O)[C@@H]1CCCN1C(=O)[C@@H](N)CCCCN)C(C)C)C(=O)N[C@@H](CO)C(=O)N[C@@H](Cc1ccc(O)cc1)C(=O)N[C@@H](CCCNC(=N)N)C(=O)N[C@@H](C)C(=O)N[C@@H](C)C(=O)NCCCC[C@H](NC(=O)[C@@H]1CSSC[C@H](NC(=O)[C@H](Cc2ccc3ccccc3c2)NC(=O)[C@H](CCCNC(=N)N)NC(=O)[C@@H](N)CCCNC(=N)N)C(=O)N[C@@H](Cc2ccc(O)cc2)C(=O)N[C@@H](CCCNC(=N)N)C(=O)N[C@@H](CCCCN)C(=O)N[C@H](CCCCN)C(=O)N2CCC[C@H]2C(=O)N[C@@H](Cc2ccc(O)cc2)C(=O)NC(CCCNC(=N)N)C(=O)N[C@@H](CCCNC(=N)N)C(=O)N1)C(=O)O,137.0,1
B,,2782.4,,,IC50,=,38.61,nM,CC(C)C[C@H](NC(=O)[C@H](CO)NC(=O)[C@@H](NC(=O)[C@@H]1CCCN1C(=O)[C@@H](N)CCCCN)C(C)C)C(=O)N[C@@H](CO)C(=O)N[C@@H](Cc1ccc(O)cc1)C(=O)NCCCC[C@H](NC(=O)[C@@H]1CSSC[C@H](NC(=O)[C@H](Cc2ccc3ccccc3c2)NC(=O)[C@H](CCCNC(=N)N)NC(=O)[C@@H](N)CCCNC(=N)N)C(=O)N[C@@H](Cc2ccc(O)cc2)C(=O)N[C@@H](CCCNC(=N)N)C(=O)N[C@@H](CCCCN)C(=O)N[C@H](CCCCN)C(=O)N2CCC[C@H]2C(=O)N[C@@H](Cc2ccc(O)cc2)C(=O)N[C@@H](CCCNC(=N)N)C(=O)N[C@@H](CCCNC(=N)N)C(=O)C1)C(=O)O,38.61,1
F,,356.43,2.82,0.0,IC50,=,680.0,nM,COc1ccc(NC(=O)NCCc2ccc3c(n2)NCCC3)cc1OC,680.0,0
F,,538.74,5.57,2.0,IC50,=,1930.0,nM,CC(C)(C)C(=O)N1CCN(CCCN(Cc2nccc3c2[nH]c2ccccc23)C2CCCc3cccnc32)CC1,1930.0,0
B,,462.64,5.97,1.0,IC50,>,10000.0,nM,COc1ccc(NC(=S)Nc2sc3c(c2C(=O)OC(C)(C)C)C(C)CCC3)cc1OC,10000.0,0
F,,502.67,5.6,2.0,IC50,=,3730.0,nM,c1ccc(N2CCNCC2)c(CN(Cc2nccc3c2[nH]c2ccccc23)[C@H]2CCCc3cccnc32)c1,3730.0,0
B,,670.77,0.17,2.0,IC50,=,1600.0,nM,N=C(N)NCCC[C@@H]1NC(=O)[C@@H]2CCCN2C(=O)[C@@H](Cc2ccc(O)cc2)NC(=O)CNC(=O)[C@H](Cc2ccc3ccccc3c2)NC1=O,1600.0,0
B,,364.54,3.21,0.0,IC50,=,1360.0,nM,NCCCCN(C[C@@H]1Cc2ccccc2CN1)[C@H]1CCCc2cccnc21,1360.0,0
B,,402.59,5.95,1.0,IC50,=,11900.0,nM,CC1CCCc2sc(NC(=S)Nc3ccccc3)c(C(=O)OC(C)(C)C)c21,11900.0,0
B,,520.11,3.89,0.0,IC50,>,10000.0,nM,CCCCN1C(=O)C(CC2CCCCC2)NC(=O)C12CCN(Cc1ccc3c(c1)OCCO3)CC2.Cl,10000.0,0
B,,3122.78,,,IC50,=,9.57,nM,CC(C)C[C@H](NC(=O)[C@H](CO)NC(=O)[C@@H](NC(=O)[C@@H]1CCCN1C(=O)[C@@H](N)CCCCN)C(C)C)C(=O)N[C@@H](CO)C(=O)N[C@@H](Cc1ccc(O)cc1)C(=O)N[C@@H](CCCNC(=N)N)C(=O)N[C@@H](CO)C(=O)N1CCC[C@H]1C(=O)NCCCC[C@H](NC(=O)[C@@H]1CSSC[C@H](NC(=O)[C@H](Cc2ccc3ccccc3c2)NC(=O)[C@H](CCCNC(=N)N)NC(=O)[C@@H](N)CCCNC(=N)N)C(=O)N[C@@H](Cc2ccc(O)cc2)C(=O)N[C@@H](CCCNC(=N)N)C(=O)N[C@@H](CCCCN)C(=O)N[C@H](CCCCN)C(=O)N2CCC[C@H]2C(=O)N[C@@H](Cc2ccc(O)cc2)C(=O)N[C@@H](CCCNC(=N)N)C(=O)N[C@@H](CCCNC(=N)N)C(=O)C1)C(=O)O,9.57,1
F,,403.56,4.56,0.0,IC50,=,60.0,nM,NCc1sccc1CN(Cc1nc2ccccc2[nH]1)C1CCCc2cccnc21,60.0,1
F,,655.8,4.97,1.0,IC50,=,138.0,nM,O=C1CN(CCCN(Cc2nccc3c4ccccc4n(CCCN4C(=O)c5ccccc5C4=O)c23)[C@H]2CCCc3cccnc32)CCN1,138.0,1
F,,431.63,3.25,0.0,IC50,=,25.2,nM,CN1CCN(c2cccc3c2C[C@H](CN2CCC[C@H]4CCc5cccnc5[C@H]42)NC3)CC1,25.2,1
B,,743.87,-0.69,2.0,IC50,=,11.0,nM,C[C@H]1NC(=O)[C@@H](Cc2ccc(O)cc2)NC(=O)[C@H](CCCNC(=N)N)NC(=O)[C@H](CCCNC(=N)N)NC(=O)[C@H](Cc2ccc3ccccc3c2)NC1=O,11.0,1
B,,378.52,2.69,0.0,IC50,=,1050.0,nM,c1cnc2c(c1)CCCC2N(Cc1ccncn1)N1CCN(CC2CC2)CC1,1050.0,0
B,,627.84,2.0,3.0,IC50,=,72.0,nM,CCc1cc(NC2CCN(C(=O)CCNCC(=O)O)CC2)nc(NCc2cn(CCCNCCCNC3CCCCC3)nn2)n1,72.0,1
B,,500.73,5.7,2.0,IC50,>,10000.0,nM,CC1CCCc2sc(NC(=S)Nc3ccc(N4CCN(C)CC4)cc3)c(C(=O)OC(C)(C)C)c21,10000.0,0
B,,687.8,-0.6,2.0,IC50,=,19.0,nM,N=C(N)NCCC[C@@H]1NC(=O)[C@H](CCCN)NC(=O)[C@@H](Cc2ccc(O)cc2)NC(=O)CNC(=O)[C@H](Cc2ccc3ccccc3c2)NC1=O,19.0,1
F,,540.71,4.5,1.0,IC50,=,21.0,nM,NCCCCN(Cc1nccc2c3ccccc3n(CC(=O)NC3CCOCC3)c12)[C@H]1CCCc2cccnc21,21.0,1
F,,397.53,4.5,0.0,IC50,=,28.0,nM,NCc1ccccc1CN(Cc1nc2ccccc2[nH]1)C1CCCc2cccnc21,39.0,1
B,,783.94,0.14,2.0,IC50,>,30000.0,nM,CN1C(=O)[C@@H]2CCCN2C(=O)[C@H](Cc2ccc3ccccc3c2)NC(=O)[C@H](CCCNC(=N)N)NC(=O)[C@H](CCCNC(=N)N)NC(=O)[C@H]1Cc1ccc(O)cc1,30000.0,0
B,,637.75,-2.0,2.0,IC50,>,1000.0,nM,C[C@H]1NC(=O)[C@H](CCCNC(=N)N)NC(=O)[C@H](CCCNC(=N)N)NC(=O)[C@H](Cc2ccc3ccccc3c2)NC(=O)CNC1=O,1000.0,0
F,,467.62,4.32,0.0,IC50,=,1666.0,nM,c1cnc2c(c1)CCCC2N(CCCCNC1=NCCN1)Cc1nccc2c1[nH]c1ccccc12,1666.0,0
F,,394.54,3.68,0.0,IC50,=,1800.0,nM,C/C(CN(C[C@H]1Cc2ccccc2CN1)[C@H]1CCCc2cccnc21)=C(/F)CN,1800.0,0
B,,1599.82,,,IC50,=,6.0,nM,CN1C(=O)[C@@H](Cc2ccc(O)cc2)NC(=O)CNC(=O)[C@H](Cc2ccc3ccccc3c2)NC(=O)[C@H](CCCNC(=N)N)NC(=O)[C@H]1CCCNC(=O)CNC(=O)CCC(=O)NCC(=O)NCCC[C@@H]1C(=O)N[C@@H](CCCNC(=N)N)C(=O)N[C@@H](Cc2ccc3ccccc3c2)C(=O)NCC(=O)N[C@H](Cc2ccc(O)cc2)C(=O)N1C,6.0,1
B,,740.91,1.39,2.0,IC50,=,100.0,nM,C/C1=C(/C)[C@@H](CCCNC(=N)N)C(=O)N[C@@H](CCCNC(=N)N)C(=O)N[C@@H](Cc2ccc3ccccc3c2)C(=O)NCC(=O)N[C@@H]1Cc1ccc(O)cc1,100.0,1
B,,727.83,-1.58,2.0,IC50,=,9.9,nM,N=C(N)NCCC[C@@H]1NC(=O)[C@@H]2C[C@H](N=C(N)N)CN2C(=O)[C@@H](Cc2ccc(O)cc2)NC(=O)CNC(=O)[C@H](Cc2ccc3ccccc3c2)NC1=O,9.9,1
F,,595.79,3.96,1.0,IC50,=,628.0,nM,CN1CCN(CCCN(Cc2nccc3c4ccccc4n(CC(=O)N4CCOCC4)c23)[C@H]2CCCc3cccnc32)CC1,628.0,0
F,,406.62,4.25,0.0,IC50,=,7.0,nM,CC(C)NCCCCN(C[C@H]1Cc2ccccc2CN1)[C@H]1CCCc2cccnc21,23.5,1
B,,376.51,3.96,0.0,IC50,>,10000.0,nM,CCOC(=O)c1c(NC(=S)Nc2cnccn2)sc2c1C(C)CCC2,10000.0,0
B,,404.56,5.15,1.0,IC50,>,15000.0,nM,CC1COCc2sc(NC(=S)Nc3ccccc3)c(C(=O)OC(C)(C)C)c21,15000.0,0
F,,298.43,3.09,0.0,IC50,=,66.0,nM,Cc1ccc(CN(CCCCN)C(C)c2ccccn2)nc1,66.0,1
B,,743.87,-0.69,2.0,IC50,=,92.0,nM,C[C@@H]1NC(=O)[C@@H](Cc2ccc(O)cc2)NC(=O)[C@@H](CCCNC(=N)N)NC(=O)[C@H](CCCNC(=N)N)NC(=O)[C@H](Cc2ccc3ccccc3c2)NC1=O,92.0,1
B,,415.45,1.49,0.0,IC50,>,10000.0,nM,CN1CCN(C(=O)c2cccc(Cn3nnc4c3C(=O)c3ccccc3C4=O)c2)CC1,10000.0,0
F,,431.63,3.1,0.0,IC50,=,9.56,nM,CN1C[C@@H]2CN(c3cccc4c3C[C@H](CN(C)[C@H]3CCCc5cccnc53)NC4)C[C@@H]2C1,9.56,1
F,,437.59,4.84,0.0,IC50,=,9.0,nM,C#CCn1c2ccccc2c2ccnc(CN(CCCCN)[C@H]3CCCc4cccnc43)c21,9.0,1
B,,447.62,5.48,1.0,IC50,<,1000.0,nM,CC(C)Oc1ccc(-c2ccc3ccn(CC(=O)NCCN(C)C4CCCCC4)c3c2)cc1,1000.0,1
F,,436.6,3.01,0.0,IC50,=,21000.0,nM,NCCCCN(C[C@H]1CN(C(=O)Nc2ccccc2)CCN1)[C@H]1CCCc2cccnc21,21000.0,0
F,,363.51,3.97,0.0,IC50,=,514.0,nM,NCCCCCN(Cc1nc2ccccc2[nH]1)C1CCCc2cccnc21,514.0,0
F,,567.78,4.09,1.0,IC50,=,24.0,nM,c1cnc2c(c1)CCC[C@@H]2N(CCCN1CCNCC1)Cc1nccc2c3ccccc3n(CCN3CCOCC3)c12,24.0,1
F,,431.63,3.25,0.0,IC50,=,18.7,nM,CN(C[C@H]1Cc2c(cccc2N2C[C@H]3CCN(C)[C@H]3C2)CN1)[C@H]1CCCc2cccnc21,18.7,1
B,,380.54,2.83,0.0,IC50,=,14.0,nM,Cc1nc(CN(C)[C@H]2CCCc3cccnc32)cc(N2CCN(C)C[C@@H]2C)n1,14.0,1
F,,468.65,3.83,0.0,IC50,=,17.9,nM,CN(C[C@H]1Cc2c(cccc2N2CCN(c3ccccn3)CC2)CN1)[C@H]1CCCc2cccnc21,17.9,1
B,,714.82,-0.13,2.0,IC50,>,30000.0,nM,CN1C(=O)[C@H](CO)NC(=O)[C@@H](Cc2ccc(O)cc2)NC(=O)[C@@H]2CCCN2C(=O)[C@H](Cc2ccc3ccccc3c2)NC(=O)[C@@H]1CCCNC(=N)N,30000.0,0
F,,452.65,2.48,0.0,IC50,<,20.0,nM,Nc1cc(N2CCNCC2)nc(NCc2ccc(CNCCCNC3CCCCC3)cc2)n1,20.0,1
F,,493.4,6.79,1.0,IC50,=,2900.0,nM,CCCCN(Cc1ccc(-c2ccccc2-c2nnn[nH]2)cc1)c1nc2cc(Cl)cc(Cl)c2o1,2900.0,0
B,,677.84,2.1,3.0,IC50,=,147.1,nM,CCc1cc(NC2CCN(C(=O)CCNCCP(=O)(O)O)CC2)nc(NCc2cn(CCCNCCCNC3CCCCC3)nn2)n1,147.1,1
B,,2969.55,,,IC50,=,548.0,nM,CC(C)C[C@H](NC(=O)[C@H](CO)NC(=O)[C@@H](NC(=O)[C@@H]1CCCN1)C(C)C)C(=O)N[C@@H](CO)C(=O)N[C@@H](Cc1ccc(O)cc1)C(=O)N[C@@H](CCCNC(=N)N)C(=O)N[C@@H](CO)C(=O)N[C@@H](C)C(=O)NCCCC[C@H](NC(=O)[C@@H]1CSSC[C@H](NC(=O)[C@H](Cc2ccc3ccccc3c2)NC(=O)[C@H](CCCNC(=N)N)NC(=O)[C@@H](N)CCCNC(=N)N)C(=O)N[C@@H](Cc2ccc(O)cc2)C(=O)N[C@@H](CCCNC(=N)N)C(=O)N[C@@H](CCCCN)C(=O)N[C@H](CCCCN)C(=O)N2CCC[C@H]2C(=O)N[C@@H](Cc2ccc(O)cc2)C(=O)N[C@@H](CCCNC(=N)N)C(=O)N[C@@H](CCCNC(=N)N)C(=O)N1)C(=O)O,548.0,0
B,,2796.19,,,IC50,=,64.0,nM,CC(C)C[C@@H](N)C(=O)NCC(=O)N[C@H](C)C(=O)N[C@H](CO)C(=O)N[C@H](Cc1c[nH]c2ccccc12)C(=O)N[C@H](Cc1cnc[nH]1)C(=O)N[C@H](CCCNC(=N)N)C(=O)N[C@H](C)C(=O)N[C@H](CC(=O)O)C(=O)N[C@H](CCCCN)C(=O)NCCOCCOCCOCCC(=O)NCCCC[C@H](NC(=O)CCOCCOCCOCCNC(=O)[C@@H](CCCCN)NC(=O)[C@@H](CC(=O)O)NC(=O)[C@@H](C)NC(=O)[C@@H](CCCNC(=N)N)NC(=O)[C@@H](Cc1cnc[nH]1)NC(=O)[C@@H](Cc1c[nH]c2ccccc12)NC(=O)[C@@H](CO)NC(=O)[C@@H](C)NC(=O)CNC(=O)[C@H](N)CC(C)C)C(N)=O,64.0,1
B,,740.91,1.39,2.0,IC50,=,2500.0,nM,C/C1=C(/C)[C@@H](Cc2ccc(O)cc2)NC(=O)CNC(=O)[C@H](Cc2ccc3ccccc3c2)NC(=O)[C@H](CCCNC(=N)N)NC(=O)[C@H]1CCCNC(=N)N,2500.0,0
F,,413.57,4.74,0.0,IC50,=,57.0,nM,Cn1c2ccccc2c2cc(CN(CCCCN)[C@H]3CCCc4cccnc43)ncc21,57.0,1
F,,413.57,4.83,0.0,IC50,=,3370.0,nM,CN(Cc1nccc2c3ccccc3n(CCCCN)c12)[C@H]1CCCc2cccnc21,3370.0,0
B,,381.53,2.17,0.0,IC50,=,58.0,nM,CNc1nc(CN(C)C2CCCc3cccnc32)cc(N2CCN(C)CC2)n1,58.0,1
B,,3096.75,,,IC50,=,94.0,nM,CC(C)C[C@H](NC(=O)[C@H](CO)NC(=O)[C@@H](NC(=O)[C@@H]1CCCN1C(=O)[C@@H](N)CCCCN)C(C)C)C(=O)N[C@@H](CO)C(=O)N[C@@H](Cc1ccc(N)cc1)C(=O)N[C@@H](CCCNC(=N)N)C(=O)N[C@@H](CO)C(=O)N[C@@H](C)C(=O)NCCCC[C@H](NC(=O)[C@@H]1CSSC[C@H](NC(=O)[C@H](Cc2ccc3ccccc3c2)NC(=O)[C@H](CCCNC(=N)N)NC(=O)[C@@H](N)CCCNC(=N)N)C(=O)N[C@@H](Cc2ccc(O)cc2)C(=O)N[C@@H](CCCNC(=N)N)C(=O)N[C@@H](CCCCN)C(=O)N[C@H](CCCCN)C(=O)N2CCC[C@H]2C(=O)N[C@@H](Cc2ccc(O)cc2)C(=O)N[C@@H](CCCNC(=N)N)C(=O)N[C@@H](CCCNC(=N)N)C(=O)N1)C(=O)O,94.0,1
F,,354.5,2.35,0.0,IC50,>,33000.0,nM,COc1cccnc1CN(CCCCN)C[C@H]1Cc2ccccc2CN1,33000.0,0
B,,273.21,3.16,0.0,IC50,>,10000.0,nM,NCC1CCN(Cc2ccc(Cl)c(Cl)c2)CC1,10000.0,0
F,,392.64,4.98,0.0,IC50,=,6.6,nM,C1=C(CS/C(=N\C2CCCCC2)NC2CCCCCC2)N2CCN=C2S1,17.3,1
F,,457.58,4.29,0.0,IC50,=,22.0,nM,NCCCCN(Cc1nccc2c3ccccc3n(CC(=O)O)c12)[C@H]1CCCc2cccnc21,22.0,1
B,,656.23,6.58,2.0,IC50,>,1000.0,nM,CCN(C(=O)OCc1ccccc1)C1CCN(CCC(CN2C(=O)N[C@H](Cc3c[nH]c4ccccc34)C2=O)c2cccc(Cl)c2)CC1,1000.0,0
F,,524.63,5.47,2.0,IC50,>,10000.0,nM,CCCCN(c1nc2cc(CNC(=O)NC)ccc2o1)[C@H](C)c1ccc(-c2ccccc2-c2nnn[nH]2)cc1,10000.0,0
F,,496.58,5.53,1.0,IC50,>,10000.0,nM,CCCCN(c1nc2cc(NC(N)=O)ccc2o1)[C@H](C)c1ccc(-c2ccccc2-c2nnn[nH]2)cc1,10000.0,0
B,,2033.59,,,IC50,=,170000.0,nM,C[C@H]1/C=C\[C@@H](CCCCN)NC(=O)[C@H](CCCCN)NC(=O)[C@@H](CCCN=C(N)N)NC(=O)[C@H](Cc2ccc(O)cc2)NC(=O)[C@@H](NC(=O)[C@H](CSC23C[C@H]4C[C@@H](C2)C[C@@H](C3)C4)NC(=O)[C@H](CCCN=C(N)N)NC(=O)[C@@H](N)CCCN=C(N)N)CSSC[C@@H](C(=O)N[C@@H](CCCN=C(N)N)C(N)=O)NC(=O)C(CCCNC(N)=O)NC(=O)[C@@H](CCCN=C(N)N)NC(=O)[C@H](Cc2ccc(O)cc2)NC1=O,170000.0,0
F,,539.73,4.02,1.0,IC50,=,4.0,nM,NCCCCN(Cc1nccc2c3ccccc3n(CCCN3CCNC(=O)C3)c12)[C@H]1CCCc2cccnc21,4.0,1
F,,544.79,6.96,2.0,IC50,>,16700.0,nM,c1ccc(CN(CCCCN(C[C@H]2Cc3ccccc3CN2)[C@H]2CCCc3cccnc32)Cc2ccccc2)cc1,16700.0,0
B,,857.03,-1.33,3.0,IC50,>,10000.0,nM,CC(=O)N[C@@H](C)C(=O)N[C@@H](C)C(=O)N[C@@H]1CSSC[C@@H](C(=O)O)NC(=O)[C@H](Cc2ccccc2)NC(=O)[C@H](Cc2ccccc2)NC(=O)[C@H](CCCNC(=N)N)NC1=O,10000.0,0
B,MAVORIXAFOR,349.48,3.58,0.0,IC50,=,30.0,nM,NCCCCN(Cc1nc2ccccc2[nH]1)[C@H]1CCCc2cccnc21,13.295,1
B,,406.62,4.34,0.0,IC50,=,20.0,nM,CC(C)N1Cc2ccccc2C[C@@H]1CN(CCCCN)[C@H]1CCCc2cccnc21,80.0,1
B,PARAZOANTHINE A,317.35,0.55,0.0,IC50,=,18.7,nM,N=C(N)NCCC[C@@H]1NC(=O)N(/C=C/c2ccc(O)cc2)C1=O,18.7,1
F,,469.64,3.22,0.0,IC50,=,30.7,nM,CN(C[C@H]1Cc2c(cccc2N2CCN(c3ncccn3)CC2)CN1)[C@H]1CCCc2cccnc21,30.7,1
B,,606.74,3.0,2.0,IC50,=,3700.0,nM,N=C(N)NCCCn1c(C(=O)NCCc2c[nH]c3ccccc23)cc2cc(NC(=O)[C@@H](Cc3ccccc3)NC(=N)N)ccc21,3700.0,0
F,,595.75,3.14,1.0,IC50,=,8720.0,nM,O=C1CN(CCCN(Cc2nccc3c4ccccc4n(CC(=O)N4CCOCC4)c23)[C@H]2CCCc3cccnc32)CCN1,8720.0,0
B,,1982.43,,,IC50,=,5000.0,nM,C[C@H]1/C=C\[C@@H](CCCCN)NC(=O)[C@H](CCCCN)NC(=O)[C@@H](CCCN=C(N)N)NC(=O)[C@H](Cc2ccc(O)cc2)NC(=O)[C@@H](NC(=O)[C@H](Cc2c[nH]c3ccccc23)NC(=O)[C@H](CCCN=C(N)N)NC(=O)[C@@H](N)CCCN=C(N)N)CSSC[C@@H](C(=O)N[C@@H](CCCN=C(N)N)C(N)=O)NC(=O)C(CCCNC(N)=O)NC(=O)[C@@H](CCCN=C(N)N)NC(=O)[C@H](Cc2ccc(O)cc2)NC1=O,5000.0,0
B,,814.99,1.21,2.0,IC50,>,30000.0,nM,CC[C@H](C)[C@H]1C(=O)N[C@H](Cc2ccc(O)cc2)C(=O)N[C@@H](CCCNC(=N)N)C(=O)N(C)[C@@H](CCCNC(N)=O)C(=O)N[C@@H](Cc2ccc3ccccc3c2)C(=O)N1C,30000.0,0
F,,617.8,5.29,2.0,IC50,=,2830.0,nM,O=C(Cn1c2ccccc2c2ccnc(CN(CCCCNCc3ccncc3)[C@H]3CCCc4cccnc43)c21)N1CCOCC1,2830.0,0
F,,397.53,4.5,0.0,IC50,=,1402.0,nM,NCc1cccc(CN(Cc2nc3ccccc3[nH]2)C2CCCc3cccnc32)c1,1402.0,0
F,,312.46,3.4,0.0,IC50,=,8.0,nM,Cc1ccnc(C(C)N(CCCCN)Cc2ncccc2C)c1,8.0,1
B,,825.01,1.84,2.0,IC50,>,30000.0,nM,CN1C(=O)[C@H](CCCNC(=N)N)NC(=O)[C@@H](Cc2csc3ccccc23)NC(=O)[C@@H]2CCCN2C(=O)[C@H](Cc2ccc3ccccc3c2)NC(=O)[C@@H]1CCCNC(N)=O,30000.0,0
F,,312.46,3.4,0.0,IC50,=,20.0,nM,Cc1cnc(CN(CCCCN)C(C)c2ccccn2)c(C)c1,20.0,1
F,,373.46,4.09,0.0,IC50,=,25.0,nM,NCc1cocc1N(Cc1nc2ccccc2[nH]1)C1CCCc2cccnc21,25.0,1
B,,3097.73,,,IC50,=,84.0,nM,CC(C)C[C@H](NC(=O)[C@H](CO)NC(=O)[C@@H](NC(=O)[C@@H]1CCCN1C(=O)[C@@H](N)CCCCN)C(C)C)C(=O)N[C@@H](CO)C(=O)N[C@@H](Cc1ccc(O)cc1)C(=O)N[C@@H](CCCNC(=N)N)C(=O)N[C@@H](CO)C(=O)N[C@@H](C)C(=O)NCCCC[C@H](NC(=O)[C@@H]1CSSC[C@H](NC(=O)[C@H](Cc2ccc3ccccc3c2)NC(=O)[C@H](CCCNC(=N)N)NC(=O)[C@@H](N)CCCNC(=N)N)C(=O)N[C@@H](Cc2ccc(O)cc2)C(=O)N[C@@H](CCCNC(=N)N)C(=O)N[C@@H](CCCCN)C(=O)N[C@H](CCCCN)C(=O)N2CCC[C@H]2C(=O)N[C@@H](Cc2ccc(O)cc2)C(=O)N[C@@H](CCCNC(=N)N)C(=O)N[C@@H](CCCNC(=N)N)C(=O)N1)C(=O)O,84.0,1
B,,804.97,0.09,2.0,IC50,=,21000.0,nM,CN1C(=O)[C@H](Cc2ccc3ccccc3c2)NC(=O)[C@H](CCCNC(N)=O)N(C)C(=O)[C@H](CCCNC(=N)N)NC(=O)[C@@H](Cc2ccc(O)cc2)NC(=O)[C@H]1CS,21000.0,0
F,,482.68,3.82,0.0,IC50,=,4.47,nM,CN(C[C@H]1Cc2c(cccc2N2CCN(Cc3ccccn3)CC2)CN1)[C@H]1CCCc2cccnc21,4.47,1
B,,2537.96,,,IC50,=,110.0,nM,CC(C)C[C@@H](N)C(=O)NCC(=O)N[C@H](C)C(=O)N[C@H](CO)C(=O)N[C@H](Cc1c[nH]c2ccccc12)C(=O)N[C@H](Cc1cnc[nH]1)C(=O)N[C@H](CCCNC(=N)N)C(=O)N1CCC[C@@H]1C(=O)NCCOCCOCCOCCOCCOCCC(=O)NCCCC[C@H](NC(=O)CCOCCOCCOCCOCCOCCNC(=O)[C@H]1CCCN1C(=O)[C@@H](CCCNC(=N)N)NC(=O)[C@@H](Cc1cnc[nH]1)NC(=O)[C@@H](Cc1c[nH]c2ccccc12)NC(=O)[C@@H](CO)NC(=O)[C@@H](C)NC(=O)CNC(=O)[C@H](N)CC(C)C)C(N)=O,110.0,1
F,,566.75,4.84,1.0,IC50,=,1260.0,nM,N[C@H]1CC[C@@H](CN(Cc2nccc3c4ccccc4n(CC(=O)N4CCOCC4)c23)[C@H]2CCCc3cccnc32)CC1,1260.0,0
F,,453.63,4.22,0.0,IC50,=,92.8,nM,C(=C/CN(C[C@H]1Cc2ccccc2CN1)[C@H]1CCCc2cccnc21)\CNCc1cccnc1,92.8,1
B,,606.74,3.0,2.0,IC50,=,1700.0,nM,N=C(N)NCCCn1c(C(=O)NCCc2c[nH]c3ccccc23)cc2cc(NC(=O)[C@H](Cc3ccccc3)NC(=N)N)ccc21,1700.0,0
B,,2678.05,,,IC50,>,1000.0,nM,CC(C)C[C@@H](N)C(=O)NCC(=O)N[C@H](C)C(=O)N[C@H](CO)C(=O)N[C@H](Cc1c[nH]c2ccccc12)C(=O)N[C@H](Cc1cnc[nH]1)C(=O)N[C@H](C)C(=O)N1CCC[C@@H]1C(=O)N[C@H](CC(=O)O)C(=O)N[C@H](CCCCN)C(=O)NCCOCCOCCOCCC(=O)NCCCC[C@H](NC(=O)CCOCCOCCOCCNC(=O)[C@@H](CCCCN)NC(=O)[C@@H](CC(=O)O)NC(=O)[C@H]1CCCN1C(=O)[C@@H](C)NC(=O)[C@@H](Cc1cnc[nH]1)NC(=O)[C@@H](Cc1c[nH]c2ccccc12)NC(=O)[C@@H](CO)NC(=O)[C@@H](C)NC(=O)CNC(=O)[C@H](N)CC(C)C)C(N)=O,1000.0,0
B,,941.15,-2.69,3.0,IC50,=,1230.0,nM,CC(=O)N[C@@H](CCCNC(=N)N)C(=O)N[C@@H](C)C(=O)N[C@H]1CSSC[C@@H](C(N)=O)NC(=O)[C@H](Cc2ccccc2)NC(=O)[C@H](Cc2ccccc2)NC(=O)[C@H](CCCNC(=N)N)NC1=O,1230.0,0
B,,210.36,2.24,0.0,IC50,>,10000.0,nM,NCC1CCN(CC2CCCCC2)CC1,10000.0,0
F,,358.92,2.99,0.0,IC50,=,631.0,nM,NCCCCN(Cc1ccc(Cl)cn1)C[C@H]1Cc2ccccc2CN1,631.0,0
B,,578.81,4.11,1.0,IC50,=,3.5,nM,c1ccc(CN(Cc2ccnc(-c3cccc(CN4CCCNCCNCCCNCC4)c3)c2)Cc2ccccn2)nc1,3.5,1
F,,2158.58,,,IC50,=,1.0,nM,N=C(N)NCCC[C@H](NC(=O)[C@@H]1CSSC[C@H](NC(=O)[C@H](Cc2ccc3ccccc3c2)NC(=O)[C@H](CCCNC(=N)N)NC(=O)[C@H](CCCNC(=N)N)NC(=O)c2ccc(F)cc2)C(=O)N[C@@H](Cc2ccc(O)cc2)C(=O)N[C@@H](CCCNC(=N)N)C(=O)N[C@@H](CCCCN)C(=O)N[C@H](CCCCN)C(=O)N2CCC[C@H]2C(=O)N[C@@H](Cc2ccc(O)cc2)C(=O)N[C@@H](CCCNC(=N)N)C(=O)N[C@@H](CCCNC(N)=O)C(=O)N1)C(N)=O,1.0,1
B,,3207.63,,,IC50,=,73.0,nM,CC(C)C[C@H](NC(=O)[C@H](CO)NC(=O)[C@@H](NC(=O)[C@@H]1CCCN1C(=O)[C@@H](N)CCCCN)C(C)C)C(=O)N[C@@H](CO)C(=O)N[C@@H](Cc1ccc(I)cc1)C(=O)N[C@@H](CCCNC(=N)N)C(=O)N[C@@H](CO)C(=O)N[C@@H](C)C(=O)NCCCC[C@H](NC(=O)[C@@H]1CSSC[C@H](NC(=O)[C@H](Cc2ccc3ccccc3c2)NC(=O)[C@H](CCCNC(=N)N)NC(=O)[C@@H](N)CCCNC(=N)N)C(=O)N[C@@H](Cc2ccc(O)cc2)C(=O)N[C@@H](CCCNC(=N)N)C(=O)N[C@@H](CCCCN)C(=O)N[C@H](CCCCN)C(=O)N2CCC[C@H]2C(=O)N[C@@H](Cc2ccc(O)cc2)C(=O)N[C@@H](CCCNC(=N)N)C(=O)N[C@@H](CCCNC(=N)N)C(=O)N1)C(=O)O,73.0,1
F,,2024.42,,,IC50,=,8.01,nM,NCCCC[C@@H]1NC(=O)[C@@H](CCCCN)NC(=O)[C@H](CCCNC(N)=O)NC(=O)[C@@H](Cc2ccc(O)cc2)NC(=O)[C@H](NC(=O)[C@@H](NC(=O)[C@H](CCCN=C(N)N)NC(=O)[C@@H](N)CCCN=C(N)N)c2ccc3ccccc3c2)CSSC[C@H](C(=O)N[C@@H](CCCN=C(N)N)C(=O)O)NC(=O)[C@H](CCCNC(N)=O)NC(=O)[C@H](CCCN=C(N)N)NC(=O)[C@H](Cc2ccc(O)cc2)NC(=O)[C@H]2CCCN2C1=O,8.01,1
B,,701.83,-0.26,2.0,IC50,=,6.0,nM,CN1C(=O)[C@@H](Cc2ccc(O)cc2)NC(=O)CNC(=O)[C@H](Cc2ccc3ccccc3c2)NC(=O)[C@H](CCCNC(=N)N)NC(=O)[C@H]1CCCN,6.0,1
F,,568.77,5.1,2.0,IC50,=,37.0,nM,CC(C)(C)OC(=O)Cn1c2ccccc2c2ccnc(CN(CCCN3CCNCC3)[C@H]3CCCc4cccnc43)c21,48.0,1
B,,443.72,4.53,0.0,IC50,=,67.6,nM,CNc1cc(CNCCCNC2CCCCC2)cc(CNCCCNC2CCCCC2)c1,67.6,1
B,,584.81,3.41,2.0,IC50,=,93.0,nM,Cc1cc(NC2CCN(CCCCC(=O)O)CC2)nc(NCc2cn(CCCNCCCNC3CCCCC3)nn2)n1,93.0,1
B,,392.52,5.31,1.0,IC50,=,11700.0,nM,CCOC(=O)c1c(NC(=S)Nc2ccc(F)cc2)sc2c1C(C)CCC2,11700.0,0
F,,542.75,4.78,1.0,IC50,=,78.0,nM,NCCCCN(Cc1nccc2c3ccccc3n(CC(=O)N3CCSCC3)c12)[C@H]1CCCc2cccnc21,78.0,1
F,,419.62,3.25,0.0,IC50,=,10.4,nM,CN(C)[C@@H]1CCN(c2cccc3c2C[C@H](CN(C)[C@H]2CCCc4cccnc42)NC3)C1,10.4,1
B,,414.91,3.23,0.0,IC50,>,10000.0,nM,CC1=CCC[C@H]1NC(=O)Nc1ccc(Cl)c(S(=O)(=O)[C@@]2(C)CCOC2)c1O,10000.0,0
B,,729.84,-1.07,2.0,IC50,=,8.0,nM,N=C(N)NCCC[C@@H]1NC(=O)[C@@H](CCCNC(=N)N)NC(=O)[C@@H](Cc2ccc(O)cc2)NC(=O)CNC(=O)[C@H](Cc2ccc3ccccc3c2)NC1=O,6.15,1
B,,649.76,-1.71,2.0,IC50,=,10000.0,nM,N=C(N)NCCC[C@@H]1NC(=O)[C@@H](NC(=O)CCNC(=N)N)C/C=C\C[C@H](C(N)=O)NC(=O)[C@H](Cc2ccc3ccccc3c2)NC1=O,10000.0,0
B,,673.78,-1.2,2.0,IC50,=,16.0,nM,NCC[C@@H]1NC(=O)[C@@H](Cc2ccc(O)cc2)NC(=O)CNC(=O)[C@H](Cc2ccc3ccccc3c2)NC(=O)[C@H](CCCN=C(N)N)NC1=O,16.0,1
B,,3159.8,,,IC50,=,137.0,nM,CC(C)C[C@H](NC(=O)[C@H](CO)NC(=O)[C@@H](NC(=O)C1(NC(=O)[C@@H](N)CCCCN)Cc2ccccc2C1)C(C)C)C(=O)N[C@@H](CO)C(=O)N[C@@H](Cc1ccc(O)cc1)C(=O)N[C@@H](CCCNC(=N)N)C(=O)N[C@@H](CO)C(=O)N[C@@H](C)C(=O)NCCCC[C@H](NC(=O)[C@@H]1CSSC[C@H](NC(=O)[C@H](Cc2ccc3ccccc3c2)NC(=O)[C@H](CCCNC(=N)N)NC(=O)[C@@H](N)CCCNC(=N)N)C(=O)N[C@@H](Cc2ccc(O)cc2)C(=O)N[C@@H](CCCNC(=N)N)C(=O)N[C@@H](CCCCN)C(=O)N[C@H](CCCCN)C(=O)N2CCC[C@H]2C(=O)N[C@@H](Cc2ccc(O)cc2)C(=O)N[C@@H](CCCNC(=N)N)C(=O)N[C@@H](CCCNC(=N)N)C(=O)N1)C(=O)O,137.0,1
B,,637.75,-2.0,2.0,IC50,=,130.0,nM,C[C@H]1NC(=O)[C@@H](CCCNC(=N)N)NC(=O)[C@H](CCCNC(=N)N)NC(=O)[C@H](Cc2ccc3ccccc3c2)NC(=O)CNC1=O,130.0,1
B,,714.87,0.84,2.0,IC50,>,10000.0,nM,N=C(N)NCCC[C@H]1CC[C@H](Cc2ccc(O)cc2)NC(=O)CNC(=O)[C@H](Cc2ccc3ccccc3c2)NC(=O)[C@H](CCCNC(=N)N)NC1=O,10000.0,0
B,,338.5,4.01,0.0,IC50,=,794.33,nM,COc1ccccc1CN1CCC(CNCc2cccc(C)c2)CC1,794.33,0
F,,460.67,4.05,0.0,IC50,=,24.2,nM,C(=C/CN(C[C@H]1Cc2ccccc2CN1)[C@H]1CCCc2cccnc21)\CNCC1CCOCC1,24.2,1
B,,370.5,3.81,0.0,IC50,>,10000.0,nM,CCOC(=O)NC(=S)Nc1sc2c(c1C(=O)OCC)C(C)CCC2,10000.0,0
F,,399.54,4.73,0.0,IC50,=,1340.0,nM,NCCCCN(Cc1nccc2c1[nH]c1ccccc12)[C@@H]1CCCc2cccnc21,1340.0,0
F,,454.58,4.48,0.0,IC50,=,5.0,nM,CO/N=C/c1ccc(CN(Cc2nc3ccccc3[nH]2)C2CCCc3cccnc32)c(CN)c1,5.0,1
F,,347.47,3.35,0.0,IC50,=,77.0,nM,NC/C=C\CN(Cc1nc2ccccc2[nH]1)C1CCCc2cccnc21,77.0,1
B,,377.36,5.3,1.0,IC50,=,794.33,nM,Cc1cccc(CNCC2CCN(Cc3cccc(Cl)c3Cl)CC2)c1,794.33,0
B,,479.72,4.68,0.0,IC50,=,0.61,nM,CCCN(CCC)CCCCN(C)Cc1ccc(CN(Cc2ncc[nH]2)Cc2nccn2C)cc1,0.61,1
F,,446.64,3.8,0.0,IC50,=,15.5,nM,C(=C/CN(C[C@H]1Cc2ccccc2CN1)[C@H]1CCCc2cccnc21)\CNC1CCOCC1,15.5,1
B,,644.73,-0.32,2.0,IC50,=,63.0,nM,C[C@H]1NC(=O)[C@@H](Cc2ccc(O)cc2)NC(=O)CNC(=O)[C@H](Cc2ccc3ccccc3c2)NC(=O)[C@H](CCCNC(=N)N)NC1=O,63.0,1
B,,905.08,-0.24,3.0,IC50,=,3200.0,nM,C[C@H](NC(=O)c1cccc(NC(=N)N)c1)C(=O)N[C@H]1CSSC[C@@H](C(=O)O)NC(=O)[C@H](Cc2ccccc2)NC(=O)[C@H](Cc2ccccc2)NC(=O)[C@H](CCCNC(=N)N)NC1=O,3200.0,0
F,,419.62,2.77,0.0,IC50,=,17.0,nM,c1ccc2c(c1)CN[C@@H](CN(CCCN1CCNCC1)[C@H]1CCCc3cccnc31)C2,17.0,1
B,,713.77,2.22,1.0,IC50,>,35000.0,nM,Br.CC(=O)O.c1cc(CN2CCCNCc3cncc(n3)CNCCC2)ccc1CN1CCCNCc2cncc(n2)CNCCC1,35000.0,0
B,,522.56,3.05,1.0,IC50,>,10000.0,nM,O=C(N[C@H]1CCN(CC2CC2)C[C@@H]1C(=O)NC1(c2ncccn2)CC1)c1cc(-c2ccc(F)cc2F)on1,10000.0,0
B,,698.83,1.0,2.0,IC50,=,31000.0,nM,N=C(N)NCCC[C@@H]1NC(=O)[C@@H](Cc2ccc(O)cc2)NC(=O)NC(=O)[C@@H](Cc2ccc3ccccc3c2)/C=C\[C@H](CCCN=C(N)N)NC1=O,31000.0,0
B,,900.1,-2.27,3.0,IC50,>,10000.0,nM,C[C@H](NC(=O)[C@H](N)CCCNC(=N)N)C(=O)N[C@H]1CSSC[C@@H](C(=O)O)NC(=O)[C@H](Cc2ccccc2)NC(=O)[C@H](Cc2ccccc2)NC(=O)[C@H](CCCNC(=N)N)NC1=O,10000.0,0
B,,769.91,-0.2,2.0,IC50,>,30000.0,nM,N=C(N)NCCC[C@@H]1NC(=O)[C@H](CCCNC(=N)N)NC(=O)[C@@H](Cc2ccc(O)cc2)NC(=O)[C@@H]2CCCN2C(=O)[C@H](Cc2ccc3ccccc3c2)NC1=O,30000.0,0
F,,495.59,4.77,0.0,IC50,>,10000.0,nM,CCCCN(Cc1ccc(-c2ccccc2-c2nnn[nH]2)cc1)c1nc2cc(CC(=O)NC)ccc2o1,10000.0,0
F,,389.53,4.56,0.0,IC50,=,13.0,nM,NCc1cscc1N(Cc1nc2ccccc2[nH]1)C1CCCc2cccnc21,13.0,1
B,,1208.42,,,IC50,>,1000.0,nM,CC(C)C[C@@H](N)C(=O)NCC(=O)N[C@H](C)C(=O)N[C@H](CO)C(=O)NCCOCCOCCOCCC(=O)NCCCC[C@H](NC(=O)CCOCCOCCOCCNC(=O)[C@@H](CO)NC(=O)[C@@H](C)NC(=O)CNC(=O)[C@H](N)CC(C)C)C(N)=O,1000.0,0
F,,564.74,4.03,1.0,IC50,<,4.0,nM,COc1ccc2[nH]c(CNCc3ccc(CN(CCNCc4ccccn4)CCNCc4ccccn4)cc3)nc2c1,4.0,1
B,,577.82,4.71,1.0,IC50,=,7.9,nM,c1ccc(CN(Cc2ccccn2)Cc2ccccc2-c2cccc(CN3CCCNCCNCCCNCC3)c2)nc1,7.9,1
B,,323.44,3.26,0.0,IC50,=,16.6,nM,C[C@@H](c1ccccn1)N(CCCCN)Cc1nc2ccccc2[nH]1,16.6,1
B,,442.65,3.77,0.0,IC50,=,1697.7,nM,O=C(NCCCNC1CCCCC1)c1ccc(C(=O)NCCCNC2CCCCC2)cc1,1697.7,0
B,,417.56,3.32,0.0,IC50,=,16.0,nM,CN(C)CC(=O)NCc1c(CN(C)[C@H]2CCCc3cccnc32)ncc2ccccc12,16.0,1
F,,396.54,2.57,0.0,IC50,=,2.7,nM,Cc1nc(CN2CCC[C@H]2c2ncccc2C)cc(NCCN2CCOCC2)n1,2.7,1
B,,392.55,2.97,0.0,IC50,=,18.0,nM,Cc1nc(CN(C)[C@H]2CCCc3cccnc32)cc(N2CCN3CCC[C@H]3C2)n1,18.0,1
F,,448.66,4.02,0.0,IC50,=,29.4,nM,c1ccc2c(c1)CN[C@@H](CN(CCCCNC1CCOCC1)[C@H]1CCCc3cccnc31)C2,29.4,1
F,,421.59,2.61,0.0,IC50,=,6.0,nM,NCCCCN(C[C@@H]1CN(C(=O)c2ccccc2)CCN1)[C@H]1CCCc2cccnc21,6.0,1
B,,595.87,5.8,2.0,IC50,>,50000.0,nM,CCCCC1C(=O)N(C[C@H]2CC[C@H](OCC)CC2)CCC12CCN(C1(C)CCN(C(=O)c3c(C)ncnc3C)CC1)CC2,50000.0,0
B,,715.86,-0.81,2.0,IC50,=,32.0,nM,N=C(N)NCCC[C@@H]1NC(=O)[C@@H](Cc2ccc(O)cc2)NC(=O)CNC[C@H](Cc2ccc3ccccc3c2)NC(=O)[C@H](CCCN=C(N)N)NC1=O,32.0,1
B,,382.51,2.14,0.0,IC50,=,25.0,nM,COc1nc(CN(C)C2CCCc3cccnc32)cc(N2CCN(C)CC2)n1,25.0,1
B,,420.32,2.97,0.0,IC50,=,10.0,nM,N=C(N)NCCCCCNc1noc(Cc2c[nH]c3cc(Br)ccc23)n1,10.0,1
B,,344.48,3.1,0.0,IC50,=,8.0,nM,CN(Cc1ccccc1)S(=O)(=O)c1ccc(CN2CCCC2)cc1,8.0,1
F,,594.81,3.58,1.0,IC50,=,44.0,nM,O=C1CNCCN1CCCn1c2ccccc2c2ccnc(CN(CCCN3CCNCC3)[C@H]3CCCc4cccnc43)c21,44.0,1
F,,480.65,5.2,1.0,IC50,=,98.0,nM,FC1(F)CCC(NC/C=C\CN(C[C@H]2Cc3ccccc3CN2)[C@H]2CCCc3cccnc32)CC1,98.0,1
B,,551.7,3.76,2.0,IC50,=,13.0,nM,C[C@H](NC(=O)[C@H](CCCNC(=N)N)NC(=O)c1ccc(CNCc2ccccn2)cc1)c1cccc2ccccc12,13.0,1
F,,510.6,5.79,2.0,IC50,>,10000.0,nM,CCCCN(c1nc2cc(NC(=O)NC)ccc2o1)[C@H](C)c1ccc(-c2ccccc2-c2nnn[nH]2)cc1,10000.0,0
B,,342.91,4.65,0.0,IC50,=,2511.89,nM,Cc1cccc(CNCC2CCN(Cc3cccc(Cl)c3)CC2)c1,2511.89,0
B,,511.72,4.11,1.0,IC50,=,5.7,nM,NCCCCN(Cc1nccc2c3ccccc3n(CCN3CCNCC3)c12)C1CCCc2cccnc21,5.7,1
B,,649.85,8.24,3.0,IC50,=,110.0,nM,N=C(NCCCCN(CCCNC(=N)Nc1cccc2ccccc12)C(=N)Nc1cccc2ccccc12)Nc1cccc2ccccc12,110.0,1
B,,432.58,2.53,0.0,IC50,=,1294.0,nM,CN1CCN(c2cc(CN(C)C3CCCc4cccnc43)nc(-c3cnn(C)c3)n2)CC1,1294.0,0
F,,1419.75,,,IC50,=,100000.0,nM,CSCC[C@H](NC(=O)[C@H](CCCCN)NC(=O)[C@H](CCCNC(=N)N)NC(=O)[C@H](CO)NC(=O)[C@H](Cc1c[nH]c2ccccc12)NC(=O)[C@H](CCCNC(=N)N)NC(=O)[C@H](CC(C)C)NC(=O)CN)C(=O)N1CCC[C@H]1C(=O)N[C@@H](CS)C(=O)N[C@H](C(=O)N[C@@H](CO)C(=O)O)C(C)C,55096.0,0
F,,503.69,5.36,2.0,IC50,=,60.5,nM,c1cncc(CNCc2ccc(CN(C[C@H]3Cc4ccccc4CN3)[C@H]3CCCc4cccnc43)cc2)c1,60.5,1
B,,3200.69,,,IC50,=,25.0,nM,CC(C)C[C@@H](N)C(=O)NCC(=O)N[C@H](C)C(=O)N[C@H](CO)C(=O)N[C@H](Cc1c[nH]c2ccccc12)C(=O)N[C@H](Cc1cnc[nH]1)C(=O)N[C@H](CCCNC(=N)N)C(=O)N1CCC[C@@H]1C(=O)N[C@H](CC(=O)O)C(=O)N[C@H](CCCCN)C(=O)NCCOCCOCCOCCOCCOCCOCCOCCC(=O)NCCCC[C@H](NC(=O)CCOCCOCCOCCOCCOCCOCCOCCNC(=O)[C@@H](CCCCN)NC(=O)[C@@H](CC(=O)O)NC(=O)[C@H]1CCCN1C(=O)[C@@H](CCCNC(=N)N)NC(=O)[C@@H](Cc1cnc[nH]1)NC(=O)[C@@H](Cc1c[nH]c2ccccc12)NC(=O)[C@@H](CO)NC(=O)[C@@H](C)NC(=O)CNC(=O)[C@H](N)CC(C)C)C(N)=O,25.0,1
B,,3081.73,,,IC50,=,25.0,nM,CC(C)C[C@H](NC(=O)[C@H](C)NC(=O)[C@@H](NC(=O)[C@@H]1CCCN1C(=O)[C@@H](N)CCCCN)C(C)C)C(=O)N[C@@H](CO)C(=O)N[C@@H](Cc1ccc(O)cc1)C(=O)N[C@@H](CCCNC(=N)N)C(=O)N[C@@H](CO)C(=O)N[C@@H](C)C(=O)NCCCC[C@H](NC(=O)[C@@H]1CSSC[C@H](NC(=O)[C@H](Cc2ccc3ccccc3c2)NC(=O)[C@H](CCCNC(=N)N)NC(=O)[C@@H](N)CCCNC(=N)N)C(=O)N[C@@H](Cc2ccc(O)cc2)C(=O)N[C@@H](CCCNC(=N)N)C(=O)N[C@@H](CCCCN)C(=O)N[C@H](CCCCN)C(=O)N2CCC[C@H]2C(=O)N[C@@H](Cc2ccc(O)cc2)C(=O)N[C@@H](CCCNC(=N)N)C(=O)N[C@@H](CCCNC(=N)N)C(=O)N1)C(=O)O,25.0,1
F,,496.72,3.42,0.0,IC50,=,45.5,nM,O=S1(=O)CCC(NCCCCN(C[C@H]2Cc3ccccc3CN2)[C@H]2CCCc3cccnc32)CC1,45.5,1
F,,581.77,3.62,1.0,IC50,=,44.0,nM,O=C(Cn1c2ccccc2c2ccnc(CN(CCCN3CCNCC3)[C@H]3CCCc4cccnc43)c21)N1CCOCC1,44.0,1
F,,701.83,-0.21,2.0,IC50,=,97.0,nM,N=C(N)NCCC[C@@H]1NC(=O)[C@H](CCCCN)NC(=O)[C@@H](Cc2ccc(O)cc2)NC(=O)CNC(=O)[C@H](Cc2ccc3ccccc3c2)NC1=O,97.0,1
B,,1386.69,,,IC50,>,1000.0,nM,CC(C)C[C@@H](N)C(=O)NCC(=O)N[C@H](C)C(=O)NCCOCCOCCOCCOCCOCCOCCOCCC(=O)NCCCC[C@H](NC(=O)CCOCCOCCOCCOCCOCCOCCOCCNC(=O)[C@@H](C)NC(=O)CNC(=O)[C@H](N)CC(C)C)C(N)=O,1000.0,0
B,,364.54,3.93,0.0,IC50,>,30000.0,nM,NCCCCN(C[C@H]1CCc2ccccc2N1)[C@H]1CCCc2cccnc21,30000.0,0
B,,2036.48,,,IC50,=,1.56,nM,N=C(N)NCCC[C@H](NC(=O)[C@@H]1CSSC[C@H](NC(=O)[C@H](Cc2ccc3ccccc3c2)NC(=O)[C@H](CCCNC(=N)N)NC(=O)[C@@H](N)CCCNC(=N)N)C(=O)N[C@@H](Cc2ccc(O)cc2)C(=O)N[C@@H](CCCNC(=N)N)C(=O)N[C@@H](CCCCN)C(=O)N[C@H](CCCCN)C(=O)N2CCC[C@H]2C(=O)N[C@@H](Cc2ccc(O)cc2)C(=O)N[C@@H](CCCNC(=N)N)C(=O)N[C@@H](CCCNC(N)=O)C(=O)C1)C(=O)O,1.56,1
F,,411.55,2.21,0.0,IC50,=,35.0,nM,NCCCCN(C[C@@H]1CN(C(=O)c2ccco2)CCN1)[C@H]1CCCc2cccnc21,35.0,1
B,,3096.74,,,IC50,=,24.92,nM,CC(C)C[C@H](NC(=O)[C@H](CO)NC(=O)[C@@H](NC(=O)[C@@H]1CCCN1C(=O)[C@@H](N)CCCCN)C(C)C)C(=O)N[C@@H](CO)C(=O)N[C@@H](Cc1ccc(O)cc1)C(=O)N[C@@H](CCCNC(=N)N)C(=O)N[C@@H](CO)C(=O)N[C@@H](C)C(=O)NCCCC[C@H](NC(=O)[C@@H]1CSSC[C@H](NC(=O)[C@H](Cc2ccc3ccccc3c2)NC(=O)[C@H](CCCNC(=N)N)NC(=O)[C@@H](N)CCCNC(=N)N)C(=O)N[C@@H](Cc2ccc(O)cc2)C(=O)N[C@@H](CCCNC(=N)N)C(=O)N[C@@H](CCCCN)C(=O)N[C@H](CCCCN)C(=O)N2CCC[C@H]2C(=O)N[C@@H](Cc2ccc(O)cc2)C(=O)N[C@@H](CCCNC(=N)N)C(=O)N[C@@H](CCCNC(=N)N)C(=O)C1)C(=O)O,24.92,1
B,,603.68,-3.45,2.0,IC50,>,1000.0,nM,C[C@@H]1NC(=O)CNC(=O)[C@@H](Cc2ccc(O)cc2)NC(=O)[C@H](CCCNC(=N)N)NC(=O)[C@H](CCCNC(=N)N)NC1=O,1000.0,0
F,,391.52,2.45,0.0,IC50,=,1.8,nM,Cc1nc(CN2CCC[C@H]2c2ncccc2C)c(C#N)c(N2CCN(C)CC2)n1,1.8,1
F,,275.26,3.18,0.0,IC50,=,3800.0,nM,CSc1nnc(-c2ccc(C(F)(F)F)nc2C)o1,3800.0,0
B,PARAZOANTHINE B,315.33,0.67,0.0,IC50,=,9.3,nM,N=C(N)NCC/C=C1\NC(=O)N(/C=C/c2ccc(O)cc2)C1=O,9.3,1
B,,395.56,2.56,0.0,IC50,=,105.0,nM,CCNc1nc(CN(C)C2CCCc3cccnc32)cc(N2CCN(C)CC2)n1,105.0,1
B,,700.85,0.38,2.0,IC50,>,1000.0,nM,N=C(N)NCCC[C@H]1NC(=O)[C@@H](CCCN=C(N)N)NC(=O)[C@H](Cc2ccc(O)cc2)NC(=O)CC[C@@H](Cc2ccc3ccccc3c2)NC1=O,1000.0,0
F,,392.59,3.99,0.0,IC50,=,24.6,nM,CC(C)(N)CCCN(C[C@H]1Cc2ccccc2CN1)[C@H]1CCCc2cccnc21,24.6,1
B,,942.14,-2.09,3.0,IC50,>,10000.0,nM,CC(=O)N[C@@H](CCCNC(=N)N)C(=O)N[C@@H](C)C(=O)N[C@H]1CSSC[C@@H](C(=O)O)NC(=O)[C@H](Cc2ccccc2)NC(=O)[C@H](Cc2ccccc2)NC(=O)[C@@H](CCCNC(=N)N)NC1=O,10000.0,0
B,,3171.81,,,IC50,=,31.0,nM,CC(C)C[C@H](NC(=O)[C@H](CO)NC(=O)[C@H](C/C=C/c1ccccc1)NC(=O)[C@@H]1CCCN1C(=O)[C@@H](N)CCCCN)C(=O)N[C@@H](CO)C(=O)N[C@@H](Cc1ccc(O)cc1)C(=O)N[C@@H](CCCNC(=N)N)C(=O)N[C@@H](CO)C(=O)N[C@@H](C)C(=O)NCCCC[C@H](NC(=O)[C@@H]1CSSC[C@H](NC(=O)[C@H](Cc2ccc3ccccc3c2)NC(=O)[C@H](CCCNC(=N)N)NC(=O)[C@@H](N)CCCNC(=N)N)C(=O)N[C@@H](Cc2ccc(O)cc2)C(=O)N[C@@H](CCCNC(=N)N)C(=O)N[C@@H](CCCCN)C(=O)N[C@H](CCCCN)C(=O)N2CCC[C@H]2C(=O)N[C@@H](Cc2ccc(O)cc2)C(=O)N[C@@H](CCCNC(=N)N)C(=O)N[C@@H](CCCNC(=N)N)C(=O)N1)C(=O)O,31.0,1
B,,390.53,4.84,0.0,IC50,>,10000.0,nM,CC(C)(C)OC(=O)c1c(NC(=S)Nc2ccccc2)sc2c1CCCO2,10000.0,0
F,,472.96,3.03,0.0,IC50,=,0.8,nM,Fc1cnc(Cl)nc1NCc1ccc(CNc2ccnc(NCCN3CCOCC3)n2)cc1,0.8,1
F,,364.54,3.21,0.0,IC50,=,163.0,nM,NCCCCN(Cc1ncccc1C1CC1)C[C@H]1Cc2ccccc2CN1,163.0,1
F,APLAVIROC HYDROCHLORIDE,614.18,4.58,1.0,IC50,=,30000.0,nM,CCCCN1C(=O)[C@@H]([C@H](O)C2CCCCC2)NC(=O)C12CCN(Cc1ccc(Oc3ccc(C(=O)O)cc3)cc1)CC2.Cl,30000.0,0
F,,404.6,3.87,0.0,IC50,=,150.0,nM,c1ccc2c(c1)CN[C@@H](CN(CCC1CCNCC1)[C@H]1CCCc3cccnc31)C2,150.0,1
B,,454.52,5.5,1.0,IC50,=,26700.0,nM,CCOC(=O)c1c(NC(=S)Nc2ccc3c(c2)OC(F)(F)O3)sc2c1C(C)CCC2,26700.0,0
B,,516.61,1.39,2.0,IC50,=,3000.0,nM,N=C(N)NCCCn1c(C(=O)NCCc2c[nH]c3ccccc23)cc2cc(NC(=O)CNC(=N)N)ccc21,3000.0,0
F,,546.76,5.75,2.0,IC50,=,832.0,nM,c1ccc2c(c1)CN[C@@H](CN(CCCCN(Cc1ccncc1)Cc1ccncc1)[C@H]1CCCc3cccnc31)C2,832.0,0
B,,380.54,2.83,0.0,IC50,=,10.0,nM,CCN1CCN(c2cc(CN(C)[C@H]3CCCc4cccnc43)nc(C)n2)CC1,10.0,1
F,,352.53,4.22,0.0,IC50,=,63.0,nM,CC(C)c1cccnc1CN(CCCCN)C1CCCc2cccnc21,63.0,1
F,,498.68,3.75,0.0,IC50,=,56.0,nM,OCCn1c2ccccc2c2ccnc(CN(CCCN3CCNCC3)[C@H]3CCCc4cccnc43)c21,56.0,1
B,,479.67,6.07,1.0,IC50,>,10000.0,nM,CC(C)(C)OC(=O)c1c(NC(=S)Nc2ccccc2)sc2c1CCN(Cc1ccccc1)C2,10000.0,0
B,,367.5,1.72,0.0,IC50,=,23.0,nM,CN1CCN(c2cc(CN(C)C3CCCc4cccnc43)nc(N)n2)CC1,23.0,1
B,,3335.07,,,IC50,=,147.0,nM,CC(C)C[C@@H](N)C(=O)NCC(=O)N[C@H](C)C(=O)N[C@H](CO)C(=O)N[C@H](Cc1c[nH]c2ccccc12)C(=O)N[C@H](Cc1cnc[nH]1)C(=O)N[C@H](CCCNC(=N)N)C(=O)N1CCC[C@@H]1C(=O)N[C@H](CC(=O)O)C(=O)N[C@H](CCCCN)C(=O)N[C@H](CS)C(=O)N[C@H](CS)C(=O)N[C@H](CC(C)C)C(=O)NCC(=O)N[C@H](Cc1ccc(O)cc1)C(=O)N[C@H](CCC(N)=O)C(=O)N[C@H](CCCCN)C(=O)N[C@H](CCCNC(=N)N)C(=O)N1CCC[C@@H]1C(=O)N[C@H](CC(C)C)C(=O)N1CCC[C@@H]1C(=O)NCCCCCC(=O)N[C@@H](CCCCN)C(=O)NCC(=O)N[C@@H](CC(C)C)C(=O)N[C@@H](CC(C)C)C(=O)NCC(=O)N[C@@H](CC(C)C)C(=O)N[C@@H](CO)C(=O)N[C@@H](CCCCN)C(N)=O,147.0,1
F,,380.54,2.97,0.0,IC50,=,0.4,nM,Cc1nc(CN2CCC[C@H]2c2ncccc2C)cc(N2CCCN(C)CC2)n1,0.4,1
B,,701.83,-0.22,2.0,IC50,>,100000.0,nM,N=C(N)NCCC[C@@H]1NC(=O)[C@@H](Cc2ccc(O)cc2)NC(=O)NC(=O)[C@H](Cc2ccc3ccccc3c2)NC[C@H](CCCN=C(N)N)NC1=O,100000.0,0
B,,3024.48,,,IC50,=,23.0,nM,CC(C)C[C@@H](N)C(=O)NCC(=O)N[C@H](C)C(=O)N[C@H](CO)C(=O)N[C@H](Cc1c[nH]c2ccccc12)C(=O)N[C@H](Cc1cnc[nH]1)C(=O)N[C@H](CCCNC(=N)N)C(=O)N1CCC[C@@H]1C(=O)N[C@H](CC(=O)O)C(=O)N[C@H](CCCCN)C(=O)NCCOCCOCCOCCOCCOCCC(=O)NCCCC[C@H](NC(=O)CCOCCOCCOCCOCCOCCNC(=O)[C@@H](CCCCN)NC(=O)[C@@H](CC(=O)O)NC(=O)[C@H]1CCCN1C(=O)[C@@H](CCCNC(=N)N)NC(=O)[C@@H](Cc1cnc[nH]1)NC(=O)[C@@H](Cc1c[nH]c2ccccc12)NC(=O)[C@@H](CO)NC(=O)[C@@H](C)NC(=O)CNC(=O)[C@H](N)CC(C)C)C(N)=O,23.0,1
B,,743.87,-0.69,2.0,IC50,=,2200.0,nM,C[C@H]1NC(=O)[C@H](Cc2ccc3ccccc3c2)NC(=O)[C@H](CCCNC(=N)N)NC(=O)[C@H](CCCNC(=N)N)NC(=O)[C@@H](Cc2ccc(O)cc2)NC1=O,2200.0,0
B,,342.91,4.65,0.0,IC50,=,10000.0,nM,Cc1cccc(CNCC2CCN(Cc3ccc(Cl)cc3)CC2)c1,10000.0,0
B,,729.84,-1.07,2.0,IC50,=,4.0,nM,N=C(N)NCCC[C@@H]1NC(=O)[C@H](Cc2ccc3ccccc3c2)NC(=O)CNC(=O)[C@@H](Cc2ccc(O)cc2)NC(=O)[C@H](CCCNC(=N)N)NC1=O,4.0,1
B,,490.78,6.16,1.0,IC50,=,67.5,nM,c1cc(-c2ccc(CNCCCNC3CCCCC3)cc2)ccc1CNCCCNC1CCCCC1,67.5,1
F,,1517.89,,,IC50,=,11767.0,nM,CSCC[C@@H](NC(C)=O)C(=O)N[C@@H](CC(C)C)C(=O)N[C@@H](CCCNC(=N)N)C(=O)N[C@@H](Cc1c[nH]c2ccccc12)C(=O)N[C@@H](CO)C(=O)N[C@@H](CCCNC(=N)N)C(=O)N[C@@H](CCCCN)C(=O)N[C@@H](CC(C)C)C(=O)N1CCC[C@H]1C(=O)N[C@@H](CS)C(=O)N[C@H](C(=O)N[C@@H](CO)C(=O)O)C(C)C,10690.5,0
F,,513.73,3.38,1.0,IC50,=,39.0,nM,NCCCCN(C[C@H]1CN(S(=O)(=O)c2cc3ccccc3s2)CCN1)[C@H]1CCCc2cccnc21,39.0,1
F,,580.78,5.1,2.0,IC50,=,124.0,nM,O=C(Cn1c2ccccc2c2ccnc(CN(CCCC3CCNCC3)[C@H]3CCCc4cccnc43)c21)N1CCOCC1,124.0,1
B,,2107.52,,,IC50,=,5.2,nM,CC(=O)N[C@@H](CCCNC(=N)N)C(=O)N[C@@H](CCCNC(=N)N)C(=O)N[C@@H](Cc1cccc2ccccc12)C(=O)N[C@H]1CSSC[C@@H](C(=O)N[C@@H](CCCNC(=N)N)C(N)=O)NC(=O)C(CCCNC(N)=O)NC(=O)[C@H](CCCNC(=N)N)NC(=O)[C@H](Cc2ccc(O)cc2)NC(=O)[C@@H]2CCCN2C(=O)[C@@H](CCCCN)NC(=O)[C@H](CCCNC(=N)N)NC(=O)C(CCCNC(N)=O)NC(=O)[C@H](Cc2ccc(O)cc2)NC1=O,5.2,1
B,,3025.66,,,IC50,=,5.67,nM,CC(C)C[C@H](NC(=O)[C@H](CO)NC(=O)[C@@H](NC(=O)[C@@H]1CCCN1C(=O)[C@@H](N)CCCCN)C(C)C)C(=O)N[C@@H](CO)C(=O)N[C@@H](Cc1ccc(O)cc1)C(=O)N[C@@H](CCCNC(=N)N)C(=O)N[C@@H](CO)C(=O)NCCCC[C@H](NC(=O)[C@@H]1CSSC[C@H](NC(=O)[C@H](Cc2ccc3ccccc3c2)NC(=O)[C@H](CCCNC(=N)N)NC(=O)[C@@H](N)CCCNC(=N)N)C(=O)N[C@@H](Cc2ccc(O)cc2)C(=O)N[C@@H](CCCNC(=N)N)C(=O)N[C@@H](CCCCN)C(=O)N[C@H](CCCCN)C(=O)N2CCC[C@H]2C(=O)N[C@@H](Cc2ccc(O)cc2)C(=O)N[C@@H](CCCNC(=N)N)C(=O)N[C@@H](CCCNC(=N)N)C(=O)C1)C(=O)O,5.67,1
B,,779.09,3.28,2.0,IC50,=,74000.0,nM,CNC(=O)COCC(=O)NCCCCCCNC(=O)COCC(=O)NC[C@H]1CC[C@H](/N=C(/NC2CCCCC2)SCC2=CSC3=NC(C)(C)CN23)CC1,76150.0,0
B,,428.58,4.14,0.0,IC50,>,7.0,nM,CC(C)(NC[C@@H]1CCN(CCc2c[nH]c3ccc(-n4cnnc4)cc23)C1)c1ccccc1,7.0,0
B,,414.56,3.96,0.0,IC50,>,7.0,nM,CC(NC[C@@H]1CCN(CCc2c[nH]c3ccc(-n4cnnc4)cc23)C1)c1ccccc1,7.0,0
B,,436.6,2.99,0.0,IC50,=,101.0,nM,Cc1nc(CN(C)[C@H]2CCCc3cccnc32)cc(N2CCC(N3CCOCC3)CC2)n1,101.0,1
F,,317.48,1.06,0.0,IC50,=,1200.0,nM,NCCCCN(C[C@@H]1CNCCN1)[C@H]1CCCc2cccnc21,1200.0,0
F,,399.54,4.44,0.0,IC50,=,1046.0,nM,CN(Cc1nccc2c3ccccc3n(CCCN)c12)[C@H]1CCCc2cccnc21,1046.0,0
F,,340.52,4.08,0.0,IC50,=,18.0,nM,CC(c1ccccn1)N(CCCCN)Cc1ncccc1C(C)(C)C,18.0,1
B,,483.64,4.98,0.0,IC50,>,15000.0,nM,NC(=O)C(c1ccccc1)(c1ccccc1)[C@@H]1CCN(CCOc2ccc(-c3nccs3)cc2)C1,15000.0,0
B,,740.91,1.93,2.0,IC50,>,30000.0,nM,CC(C)C[C@@H]1NC(=O)[C@@H](Cc2ccc(O)cc2)NC(=O)[C@@H]2CCCN2C(=O)[C@H](Cc2ccc3ccccc3c2)NC(=O)[C@H](CCCNC(=N)N)N(C)C1=O,30000.0,0
F,,462.64,2.56,0.0,IC50,=,959.0,nM,NC(=O)N1CCN(CCCN(C[C@H]2Cc3ccccc3CN2)[C@H]2CCCc3cccnc32)CC1,959.0,0
B,,769.91,-0.25,2.0,IC50,>,30000.0,nM,CN1C(=O)[C@H](CCNC(=N)N)NC(=O)[C@@H](Cc2ccc(O)cc2)NC(=O)[C@@H]2CCCN2C(=O)[C@H](Cc2ccc3ccccc3c2)NC(=O)[C@@H]1CCCNC(=N)N,30000.0,0
F,,617.8,5.29,2.0,IC50,=,8650.0,nM,O=C(Cn1c2ccccc2c2ccnc(CN(CCCCNCc3ccccn3)[C@H]3CCCc4cccnc43)c21)N1CCOCC1,8650.0,0
B,,1983.42,,,IC50,=,27000.0,nM,C[C@H]1/C=C\[C@@H](CCCCN)NC(=O)[C@H](CCCCN)NC(=O)[C@@H](CCCN=C(N)N)NC(=O)[C@H](Cc2ccc(O)cc2)NC(=O)[C@@H](NC(=O)[C@H](Cc2c[nH]c3ccccc23)NC(=O)[C@H](CCCN=C(N)N)NC(=O)[C@@H](N)CCCN=C(N)N)CSSC[C@@H](C(=O)N[C@@H](CCCN=C(N)N)C(=O)O)NC(=O)C(CCCNC(N)=O)NC(=O)[C@@H](CCCN=C(N)N)NC(=O)[C@H](Cc2ccc(O)cc2)NC1=O,28500.0,0
B,,366.51,2.66,0.0,IC50,=,620.0,nM,Cc1nc(CN2CCCCC2c2ccccn2)cc(N2CCN(C)CC2)n1,620.0,0
B,,368.49,1.59,0.0,IC50,=,640.0,nM,c1cnc2c(c1)CCCC2N(Cc1ccncn1)NCCN1CCOCC1,640.0,0
B,,396.54,2.43,0.0,IC50,=,66.0,nM,Cc1nc(CN(C)[C@H]2CCCc3cccnc32)cc(NCCN2CCOCC2)n1,66.0,1
B,,2872.44,,,IC50,=,95.0,nM,CC(C)C[C@H](NC(=O)[C@H](CO)NC(=O)[C@@H](N)C(C)C)C(=O)N[C@@H](CO)C(=O)N[C@@H](Cc1ccc(O)cc1)C(=O)N[C@@H](CCCNC(=N)N)C(=O)N[C@@H](CO)C(=O)N[C@@H](C)C(=O)NCCCC[C@H](NC(=O)[C@@H]1CSSC[C@H](NC(=O)[C@H](Cc2ccc3ccccc3c2)NC(=O)[C@H](CCCNC(=N)N)NC(=O)[C@@H](N)CCCNC(=N)N)C(=O)N[C@@H](Cc2ccc(O)cc2)C(=O)N[C@@H](CCCNC(=N)N)C(=O)N[C@@H](CCCCN)C(=O)N[C@H](CCCCN)C(=O)N2CCC[C@H]2C(=O)N[C@@H](Cc2ccc(O)cc2)C(=O)N[C@@H](CCCNC(=N)N)C(=O)N[C@@H](CCCNC(=N)N)C(=O)N1)C(=O)O,95.0,1
B,,3269.92,,,IC50,=,90.0,nM,CC(C)C[C@H](NC(=O)[C@H](CO)NC(=O)[C@H](Cc1cc2cccc3ccc4cccc1c4c32)NC(=O)[C@@H]1CCCN1C(=O)[C@@H](N)CCCCN)C(=O)N[C@@H](CO)C(=O)N[C@@H](Cc1ccc(O)cc1)C(=O)N[C@@H](CCCNC(=N)N)C(=O)N[C@@H](CO)C(=O)N[C@@H](C)C(=O)NCCCC[C@H](NC(=O)[C@@H]1CSSC[C@H](NC(=O)[C@H](Cc2ccc3ccccc3c2)NC(=O)[C@H](CCCNC(=N)N)NC(=O)[C@@H](N)CCCNC(=N)N)C(=O)N[C@@H](Cc2ccc(O)cc2)C(=O)N[C@@H](CCCNC(=N)N)C(=O)N[C@@H](CCCCN)C(=O)N[C@H](CCCCN)C(=O)N2CCC[C@H]2C(=O)N[C@@H](Cc2ccc(O)cc2)C(=O)N[C@@H](CCCNC(=N)N)C(=O)N[C@@H](CCCNC(=N)N)C(=O)N1)C(=O)O,90.0,1
B,,743.87,-0.68,2.0,IC50,=,6000.0,nM,N=C(N)NCCC[C@@H]1NC(=O)[C@H](CCCNC(=N)N)NC(=O)[C@@H](Cc2ccc(O)cc2)NC(=O)CCNC(=O)[C@H](Cc2ccc3ccccc3c2)NC1=O,6000.0,0
F,,399.54,4.73,0.0,IC50,=,30.0,nM,NCCCCN(Cc1nccc2c1[nH]c1ccccc12)[C@H]1CCCc2cccnc21,30.0,1
B,,743.87,-0.73,2.0,IC50,=,128.0,nM,CN1C(=O)[C@H](CCCNC(=N)N)NC(=O)[C@H](CCCNC(=N)N)NC(=O)[C@H](Cc2ccc3ccccc3c2)NC(=O)CNC(=O)[C@H]1Cc1ccc(O)cc1,128.0,1
F,,453.63,5.61,1.0,IC50,=,4.0,nM,NCCCCN(Cc1nccc2c3ccccc3n(CC3CC3)c12)[C@H]1CCCc2cccnc21,4.0,1
B,,380.54,2.83,0.0,IC50,=,17.0,nM,CCN(Cc1cc(N2CCN(C)CC2)nc(C)n1)C1CCCc2cccnc21,17.0,1
F,,433.64,3.63,0.0,IC50,=,14.1,nM,C[C@@H]1CN(c2cccc3c2C[C@H](CN(C)[C@H]2CCCc4cccnc42)NC3)C[C@H](C)N1C,14.1,1
B,,783.93,0.19,2.0,IC50,>,30000.0,nM,N=C(N)NCCC[C@@H]1NC(=O)[C@H](CCCNC(=N)N)NC(=O)[C@@H](Cc2ccc(O)cc2)NC(=O)[C@@H]2CCCCN2C(=O)[C@H](Cc2ccc3ccccc3c2)NC1=O,30000.0,0
B,,803.36,1.28,2.0,IC50,>,30000.0,nM,CN1C(=O)[C@H](CCCNC(=N)N)NC(=O)[C@@H](Cc2ccc(Cl)cc2)NC(=O)[C@@H]2CCCN2C(=O)[C@H](Cc2ccc3ccccc3c2)NC(=O)[C@@H]1CCCNC(N)=O,30000.0,0
B,,743.87,-0.69,2.0,IC50,=,23000.0,nM,C[C@@H]1NC(=O)[C@H](Cc2ccc3ccccc3c2)NC(=O)[C@H](CCCNC(=N)N)NC(=O)[C@H](CCCNC(=N)N)NC(=O)[C@@H](Cc2ccc(O)cc2)NC1=O,23000.0,0
B,,3081.73,,,IC50,=,69.0,nM,CC(C)C[C@H](NC(=O)[C@H](CO)NC(=O)[C@@H](NC(=O)[C@@H]1CCCN1C(=O)[C@@H](N)CCCCN)C(C)C)C(=O)N[C@@H](CO)C(=O)N[C@@H](Cc1ccccc1)C(=O)N[C@@H](CCCNC(=N)N)C(=O)N[C@@H](CO)C(=O)N[C@@H](C)C(=O)NCCCC[C@H](NC(=O)[C@@H]1CSSC[C@H](NC(=O)[C@H](Cc2ccc3ccccc3c2)NC(=O)[C@H](CCCNC(=N)N)NC(=O)[C@@H](N)CCCNC(=N)N)C(=O)N[C@@H](Cc2ccc(O)cc2)C(=O)N[C@@H](CCCNC(=N)N)C(=O)N[C@@H](CCCCN)C(=O)N[C@H](CCCCN)C(=O)N2CCC[C@H]2C(=O)N[C@@H](Cc2ccc(O)cc2)C(=O)N[C@@H](CCCNC(=N)N)C(=O)N[C@@H](CCCNC(=N)N)C(=O)N1)C(=O)O,69.0,1
B,,832.96,1.3,2.0,IC50,>,30000.0,nM,CN1C(=O)[C@H](CCCNC(=N)N)NC(=O)[C@@H](Cc2ccc(O)cc2)NC(=O)[C@@H]2Cc3ccccc3N2C(=O)[C@H](Cc2ccc3ccccc3c2)NC(=O)[C@@H]1CCCNC(N)=O,30000.0,0
F,,492.09,2.82,0.0,IC50,=,2.0,nM,NCCCCN(C[C@H]1CN(S(=O)(=O)c2ccc(Cl)cc2)CCN1)[C@H]1CCCc2cccnc21,2.0,1
B,,1449.69,,,IC50,=,474.0,nM,CC(C)C[C@@H](N)C(=O)NCC(=O)N[C@H](C)C(=O)N[C@H](CO)C(=O)N[C@H](Cc1c[nH]c2ccccc12)C(=O)N[C@H](Cc1cnc[nH]1)C(=O)N[C@H](CCCNC(=N)N)C(=O)N1CCC[C@@H]1C(=O)N[C@H](CC(=O)O)C(=O)N[C@H](CCCCN)C(=O)N[C@H](CCCCN)C(=O)N[C@H](CCCNC(=N)N)C(N)=O,502.45,0
F,,496.7,4.94,0.0,IC50,=,90.3,nM,c1ccc2c(c1)CN[C@@H](CN(Cc1ccc(CNC3CCOCC3)cc1)[C@H]1CCCc3cccnc31)C2,90.3,1
B,,332.45,3.78,0.0,IC50,=,1200.0,nM,c1ccc(Cc2cn[nH]c2C2CCN(Cc3ccncc3)CC2)cc1,5600.0,0
B,,358.51,3.49,0.0,IC50,=,8.9,nM,CN(Cc1ccccc1)S(=O)(=O)c1ccc(CN2CCCCC2)cc1,8.9,1
F,,441.54,4.19,0.0,IC50,=,126.0,nM,NCc1cc(C(=O)O)ccc1CN(Cc1nc2ccccc2[nH]1)C1CCCc2cccnc21,126.0,1
F,,417.6,2.76,0.0,IC50,=,10.3,nM,CN(C[C@H]1Cc2c(cccc2N2C[C@H]3CNC[C@H]3C2)CN1)[C@H]1CCCc2cccnc21,10.3,1
B,,701.88,-1.74,2.0,IC50,>,10000.0,nM,CN1C(=O)[C@@H](NC(=O)CCN=C(N)N)CSSC[C@H](C(N)=O)NC(=O)[C@H](Cc2ccc3ccccc3c2)NC(=O)[C@@H]1CCCN=C(N)N,10000.0,0
B,,874.02,1.55,2.0,IC50,>,30000.0,nM,CN1C(=O)[C@H](CCCNC(=N)N)NC(=O)[C@@H](Cc2ccc(O)cc2)NC(=O)[C@H](Cc2c[nH]c3ccccc23)NC(=O)[C@H](Cc2ccc3ccccc3c2)NC(=O)[C@@H]1CCCNC(N)=O,30000.0,0
B,,598.84,3.8,2.0,IC50,=,70.4,nM,Cc1cc(NC2CCN(CCCCCC(=O)O)CC2)nc(NCc2cn(CCCNCCCNC3CCCCC3)nn2)n1,70.4,1
B,,797.96,0.53,2.0,IC50,>,30000.0,nM,CN1C(=O)[C@H](CCCNC(=N)N)NC(=O)[C@@H](Cc2ccc(O)cc2)NC(=O)[C@@H]2CCCN2C(=O)[C@H](Cc2ccc3ccccc3c2)NC(=O)[C@@H]1CCCCNC(=N)N,30000.0,0
B,,726.88,1.54,2.0,IC50,>,30000.0,nM,CC(C)[C@@H]1NC(=O)[C@@H](Cc2ccc(O)cc2)NC(=O)[C@@H]2CCCN2C(=O)[C@H](Cc2ccc3ccccc3c2)NC(=O)[C@H](CCCNC(=N)N)N(C)C1=O,30000.0,0
F,,377.54,4.36,0.0,IC50,=,75.0,nM,NCCCCCCN(Cc1nc2ccccc2[nH]1)C1CCCc2cccnc21,75.0,1
F,,454.62,4.29,0.0,IC50,=,18.0,nM,c1cnc2c(c1)CCCC2N(CCCN1CCNCC1)Cc1nccc2c1[nH]c1ccccc12,18.0,1
B,,728.86,-0.62,2.0,IC50,=,4.2,nM,N=C(N)NCCC[C@@H]1NC(=O)[C@H](CCCNC(=N)N)NC(=O)[C@@H](Cc2ccc(O)cc2)NC(=O)CNC(=N)[C@H](Cc2ccc3ccccc3c2)NC1=O,4.2,1
B,,422.01,3.19,0.0,IC50,>,10000.0,nM,CCCCN1C(=O)C(CC(C)C)NC(=O)C12CCN(Cc1ccccc1)CC2.Cl,20000.0,0
F,,321.43,2.8,0.0,IC50,=,1369.0,nM,NCCN(Cc1nc2ccccc2[nH]1)C1CCCc2cccnc21,1369.0,0
F,,358.92,2.99,0.0,IC50,>,33000.0,nM,NCCCCN(Cc1cc(Cl)ccn1)C[C@H]1Cc2ccccc2CN1,33000.0,0
F,,558.75,3.79,1.0,IC50,=,61.0,nM,NCCCCN(Cc1nccc2c3ccccc3n(CC(=O)N3CC[S+]([O-])CC3)c12)[C@H]1CCCc2cccnc21,61.0,1
F,,457.58,4.29,0.0,IC50,=,864.0,nM,NCCCCN(Cc1cc2c3ccccc3n(CC(=O)O)c2cn1)[C@H]1CCCc2cccnc21,864.0,0
B,,814.94,-0.44,2.0,IC50,=,67.0,nM,CN1C(=O)[C@@H](Cc2ccc(O)cc2)NC(=O)CNC(=O)[C@H](Cc2ccc3ccccc3c2)NC(=O)[C@H](CCCNC(=N)N)NC(=O)[C@H]1CCCNC(=O)CCCC(N)=O,67.0,1
F,,377.54,4.18,0.0,IC50,=,87.0,nM,CN(C)CCCCN(Cc1nc2ccccc2[nH]1)C1CCCc2cccnc21,87.0,1
B,,1994.44,,,IC50,=,7300.0,nM,C[C@H]1/C=C\[C@@H](CCCCN)NC(=O)[C@H](CCCCN)NC(=O)[C@@H](CCCN=C(N)N)NC(=O)[C@H](Cc2ccc(O)cc2)NC(=O)[C@@H](NC(=O)[C@H](Cc2ccc3ccccc3c2)NC(=O)[C@H](CCCN=C(N)N)NC(=O)[C@@H](N)CCCN=C(N)N)CSSC[C@@H](C(=O)N[C@@H](CCCN=C(N)N)C(=O)O)NC(=O)C(CCCNC(N)=O)NC(=O)[C@@H](CCCN=C(N)N)NC(=O)[C@H](Cc2ccc(O)cc2)NC1=O,7100.0,0
F,,539.73,3.98,1.0,IC50,=,30.0,nM,CN1CCN(C(=O)Cn2c3ccccc3c3ccnc(CN(CCCCN)[C@H]4CCCc5cccnc54)c32)CC1,30.0,1
B,,583.71,0.42,2.0,IC50,=,67.0,nM,Br.c1cc(CN2CCCNCCNCCNCCC2)ccc1CN1CCCNCCNCCNCCC1,67.0,1
B,,434.72,6.15,1.0,IC50,=,8.8,nM,CC1(C)CN2C(CS/C(=N\C3CCCCCC3)NC3CCCCCC3)=CSC2=N1,5.45,1
B,,2877.35,,,IC50,=,25.45,nM,CC(C)C[C@@H](N)C(=O)NCC(=O)N[C@H](C)C(=O)N[C@H](CO)C(=O)N[C@H](Cc1c[nH]c2ccccc12)C(=O)N[C@H](Cc1cnc[nH]1)C(=O)N[C@H](CCCNC(=N)N)C(=O)N1CCC[C@@H]1C(=O)N[C@H](CC(=O)O)C(=O)N[C@H](CCCCN)C(=O)N[C@H](CCCCN)C(=O)N[C@H](CCCNC(=N)N)C(=O)N(CCCCCC(=O)O)[C@@H](CCCCN[C@H](CS)C(=O)N[C@H](C(=O)N[C@@H](CCCNC(=N)N)C(=O)N1CCC[C@H]1C(=O)N[C@@H](CC(N)=O)C(=O)N[C@@H](CC(N)=O)C(=O)N[C@@H](CC(N)=O)C(=O)N[C@H](C(=O)N[C@@H](CCCCN)C(=O)N[C@@H](CCCNC(=N)N)C(N)=O)[C@H](C)O)[C@H](C)O)C(N)=O,25.45,1
B,,715.82,-0.69,2.0,IC50,=,4.5,nM,N=C(N)NCCC[C@@H]1NC(=O)[C@@H](Cc2ccc(O)cc2)NC(=O)NC(=O)[C@H](Cc2ccc3ccccc3c2)NC(=O)[C@H](CCCN=C(N)N)NC1=O,4.5,1
F,,376.55,3.38,0.0,IC50,=,28.0,nM,C/C(=C/CN)CN(C[C@H]1Cc2ccccc2CN1)[C@H]1CCCc2cccnc21,28.0,1
B,,351.5,3.54,0.0,IC50,=,150.0,nM,c1ccc(CN2CCC(Nc3nccc(N4CCCCCC4)n3)C2)cc1,150.0,1
B,,677.81,-1.14,2.0,IC50,=,10000.0,nM,N=C(N)NCCC(=O)N[C@H]1CC/C=C\CC[C@H](C(N)=O)NC(=O)[C@H](Cc2ccc3ccccc3c2)NC(=O)[C@H](CCCN=C(N)N)NC1=O,10000.0,0
B,,261.2,3.03,0.0,IC50,>,10000.0,nM,CN(C)CCCNCc1ccc(Cl)c(Cl)c1,10000.0,0
B,,509.7,3.81,1.0,IC50,=,18.0,nM,CN1CCN(c2cc(CN(CCCCNC(=O)OC(C)(C)C)C3CCCc4cccnc43)ncn2)CC1,18.0,1
F,,580.78,4.76,1.0,IC50,=,44.0,nM,O=C(Cn1c2ccccc2c2ccnc(CN(CCCN3CCNCC3)[C@H]3CCCc4cccnc43)c21)C1CCOCC1,44.0,1
F,,490.66,5.65,1.0,IC50,=,120.0,nM,NCCCCN(Cc1nccc2c3ccccc3n(Cc3ccncc3)c12)[C@H]1CCCc2cccnc21,120.0,1
B,,406.67,5.37,1.0,IC50,=,8.0,nM,CC1(C)CN2C=C(CS/C(=N/C3CCCCC3)NC3CCCCC3)SC2=N1,8.0,1
B,,814.99,1.21,2.0,IC50,>,30000.0,nM,CC(C)C[C@H]1C(=O)N[C@H](Cc2ccc(O)cc2)C(=O)N[C@@H](CCCNC(=N)N)C(=O)N(C)[C@@H](CCCNC(N)=O)C(=O)N[C@@H](Cc2ccc3ccccc3c2)C(=O)N1C,30000.0,0
B,,3195.83,,,IC50,=,64.0,nM,CC(C)C[C@H](NC(=O)[C@H](CO)NC(=O)[C@H](Cc1ccc2ccccc2c1)NC(=O)[C@@H]1CCCN1C(=O)[C@@H](N)CCCCN)C(=O)N[C@@H](CO)C(=O)N[C@@H](Cc1ccc(O)cc1)C(=O)N[C@@H](CCCNC(=N)N)C(=O)N[C@@H](CO)C(=O)N[C@@H](C)C(=O)NCCCC[C@H](NC(=O)[C@@H]1CSSC[C@H](NC(=O)[C@H](Cc2ccc3ccccc3c2)NC(=O)[C@H](CCCNC(=N)N)NC(=O)[C@@H](N)CCCNC(=N)N)C(=O)N[C@@H](Cc2ccc(O)cc2)C(=O)N[C@@H](CCCNC(=N)N)C(=O)N[C@@H](CCCCN)C(=O)N[C@H](CCCCN)C(=O)N2CCC[C@H]2C(=O)N[C@@H](Cc2ccc(O)cc2)C(=O)N[C@@H](CCCNC(=N)N)C(=O)N[C@@H](CCCNC(=N)N)C(=O)N1)C(=O)O,64.0,1
B,,500.08,4.6,0.0,IC50,>,30000.0,nM,CCCN1C(=O)C(CC(C)C)NC(=O)C12CCN(Cc1ccc(Oc3ccccc3)cc1)CC2.Cl,30000.0,0
F,,363.47,3.1,0.0,IC50,=,3200.0,nM,NCCCC(=O)N(Cc1nc2ccccc2[nH]1)C1CCCc2cccnc21,3200.0,0
F,,443.6,4.2,0.0,IC50,=,11.0,nM,NCCCCN(Cc1nccc2c3ccccc3n(CCO)c12)[C@H]1CCCc2cccnc21,11.0,1
B,,414.68,4.49,0.0,IC50,=,19.8,nM,c1cc(CNCCCNC2CCCCC2)ccc1CNCCCNC1CCCCC1,52.93333333333334,1
F,,455.65,4.44,0.0,IC50,=,15.3,nM,c1cncc(CNCCCCN(C[C@H]2Cc3ccccc3CN2)[C@H]2CCCc3cccnc32)c1,15.3,1
B,,489.67,3.92,0.0,IC50,=,15.0,nM,CC(C)CN1CCC2(CCN(Cc3ccc(C(=O)N(Cc4ncc[nH]4)Cc4ncc[nH]4)cc3)CC2)C1,15.0,1
F,,405.59,2.82,0.0,IC50,=,16.1,nM,Cc1cnc2c(c1)CCC[C@@H]2N(C)C[C@H]1Cc2c(cccc2N2CCNCC2)CN1,16.1,1
B,,421.59,2.73,0.0,IC50,>,10000.0,nM,CN1CCN(c2cc(CN(C)C3CCCc4cccnc43)nc(N3CCCC3)n2)CC1,10000.0,0
F,,502.01,4.12,1.0,IC50,>,79000.0,nM,COc1cc(C(=O)NC2CC3CCCC(C2)N3CC(=O)Nc2ccc(Cl)cc2)cc(OC)c1OC,79000.0,0
F,,366.51,2.66,0.0,IC50,=,6.0,nM,NCCCCN(C[C@H]1Cc2ccccc2CN1)[C@H]1CCOc2cccnc21,6.0,1
B,,698.83,0.16,2.0,IC50,>,1000.0,nM,N=C(N)NCCC[C@@H]1NC(=O)[C@H](Cc2ccc(O)cc2)NC(=O)/C=C\[C@@H](Cc2ccc3ccccc3c2)NC(=O)[C@@H](CCCN=C(N)N)NC1=O,1000.0,0
F,,433.64,3.11,0.0,IC50,=,125.0,nM,CN1CCN(CCCN(C[C@H]2Cc3ccccc3CN2)[C@H]2CCCc3cccnc32)CC1,125.0,1
B,,706.94,8.22,3.0,IC50,=,93.0,nM,N=C(NCCCNCCCCN(CCCNC(=N)Nc1ccc2ccccc2c1)C(=N)Nc1ccc2ccccc2c1)Nc1ccc2ccccc2c1,93.0,1
F,,403.57,2.66,0.0,IC50,=,20.7,nM,CN(C[C@H]1Cc2c(cccc2N2C[C@H]3C[C@@H]2CN3)CN1)[C@H]1CCCc2cccnc21,20.7,1
B,,1020.25,,,IC50,=,1800.0,nM,CC(=O)N[C@@H](CCCNC(=N)N)C(=O)N[C@@H](C)C(=O)N[C@@H]1CSSC(C)(C)[C@@H](C(=O)O)NC(=O)[C@H](Cc2cccc3ccccc23)NC(=O)[C@H](Cc2ccccc2)NC(=O)[C@H](CCCNC(=N)N)NC1=O,1800.0,0
F,,474.74,5.81,1.0,IC50,=,77.6,nM,CC1(C)CCC(NCCCCN(C[C@H]2Cc3ccccc3CN2)[C@H]2CCCc3cccnc32)CC1,77.6,1
B,,2877.35,,,IC50,=,26.76,nM,CC(C)C[C@@H](N)C(=O)NCC(=O)N[C@H](C)C(=O)N[C@H](CO)C(=O)N[C@H](Cc1c[nH]c2ccccc12)C(=O)N[C@H](Cc1cnc[nH]1)C(=O)N[C@H](CCCNC(=N)N)C(=O)N1CCC[C@@H]1C(=O)N[C@H](CC(=O)O)C(=O)N[C@H](CCCCN)C(=O)N[C@H](CCCCN)C(=O)N[C@H](CCCNC(=N)N)C(=O)N(CCCCCC(=O)O)[C@H](CCCCN[C@@H](CS)C(=O)N[C@@H](C(=O)N[C@H](CCCNC(=N)N)C(=O)N1CCC[C@@H]1C(=O)N[C@H](CC(N)=O)C(=O)N[C@H](CC(N)=O)C(=O)N[C@H](CC(N)=O)C(=O)N[C@@H](C(=O)N[C@H](CCCCN)C(=O)N[C@H](CCCNC(=N)N)C(N)=O)[C@@H](C)O)[C@@H](C)O)C(N)=O,26.76,1
B,,2807.29,,,IC50,=,747.0,nM,CC(C)C[C@@H](N)C(=O)NCC(=O)N[C@H](C)C(=O)N[C@H](CO)C(=O)N[C@H](Cc1c[nH]c2ccccc12)C(=O)N[C@H](Cc1cnc[nH]1)C(=O)N[C@H](CCCNC(=N)N)C(=O)N1CCC[C@@H]1C(=O)N[C@H](CC(=O)O)C(=O)N[C@H](CCCCN)C(=O)NCCOCCOCCOCCOCCOCCC(=O)N[C@@H](CCCCNC(=O)CCOCCOCCOCCOCCOCCNC(=O)[C@H](CCCNC(=N)N)NC(=O)[C@H](Cc1ccc(O)cc1)NC(=O)[C@H](CO)NC(=O)[C@H](CC(C)C)NC(=O)[C@H](CO)NC(=O)[C@@H](NC(=O)[C@@H]1CCCN1C(=O)[C@@H](N)CCCCN)C(C)C)C(N)=O,747.0,0
B,,674.9,6.52,3.0,IC50,=,510.0,nM,N=C(NCCCN(CCCCN(CCCNC(=N)Nc1ccccc1)C(=N)Nc1ccccc1)C(=N)Nc1ccccc1)Nc1ccccc1,510.0,0
F,,490.66,5.65,1.0,IC50,=,31.0,nM,NCCCCN(Cc1nccc2c3ccccc3n(Cc3ccccn3)c12)[C@H]1CCCc2cccnc21,31.0,1
B,,783.94,0.14,2.0,IC50,>,30000.0,nM,CN1C(=O)[C@@H]2CCCN2C(=O)[C@H](Cc2ccc3ccccc3c2)NC(=O)[C@H](CCCNC(=N)N)NC(=O)[C@H](CCCNC(=N)N)NC(=O)[C@@H]1Cc1ccc(O)cc1,30000.0,0
B,,3026.65,,,IC50,=,21.23,nM,CC(C)C[C@H](NC(=O)[C@H](CO)NC(=O)[C@@H](NC(=O)[C@@H]1CCCN1C(=O)[C@@H](N)CCCCN)C(C)C)C(=O)N[C@@H](CO)C(=O)N[C@@H](Cc1ccc(O)cc1)C(=O)N[C@@H](CCCNC(=N)N)C(=O)N[C@@H](CO)C(=O)NCCCC[C@H](NC(=O)[C@@H]1CSSC[C@H](NC(=O)[C@H](Cc2ccc3ccccc3c2)NC(=O)[C@H](CCCNC(=N)N)NC(=O)[C@@H](N)CCCNC(=N)N)C(=O)N[C@@H](Cc2ccc(O)cc2)C(=O)N[C@@H](CCCNC(=N)N)C(=O)N[C@@H](CCCCN)C(=O)N[C@H](CCCCN)C(=O)N2CCC[C@H]2C(=O)N[C@@H](Cc2ccc(O)cc2)C(=O)N[C@@H](CCCNC(=N)N)C(=O)N[C@@H](CCCNC(N)=O)C(=O)C1)C(=O)O,21.23,1
F,,478.75,4.99,0.0,IC50,=,69.6,nM,c1ccc2c(c1)CN[C@@H](CN(CCCCNCC1CCSCC1)[C@H]1CCCc3cccnc31)C2,69.6,1
F,,539.73,4.07,1.0,IC50,=,110.0,nM,NCCCCN(Cc1nccc2c3ccccc3n(CC(=O)NC3CCNCC3)c12)[C@H]1CCCc2cccnc21,110.0,1
B,,363.33,5.0,0.0,IC50,=,630.96,nM,Clc1ccc(CNCC2CCN(Cc3ccccc3Cl)CC2)cc1,630.96,0
F,,457.64,2.16,0.0,IC50,=,2.0,nM,NCCCCN(C[C@H]1CN(S(=O)(=O)c2ccccc2)CCN1)[C@H]1CCCc2cccnc21,2.0,1
B,,755.88,0.15,2.0,IC50,>,30000.0,nM,CN1C(=O)[C@H](CCC(N)=O)NC(=O)[C@@H](Cc2ccc(O)cc2)NC(=O)[C@@H]2CCCN2C(=O)[C@H](Cc2ccc3ccccc3c2)NC(=O)[C@@H]1CCCNC(=N)N,30000.0,0
B,,627.84,2.14,3.0,IC50,=,88.5,nM,Cc1cc(NC2CCN(C(=O)CCCNCC(=O)O)CC2)nc(NCc2cn(CCCNCCCNC3CCCCC3)nn2)n1,88.5,1
F,,338.46,3.93,0.0,IC50,=,800.0,nM,CC(C)c1ccccc1NC(=O)NCCc1ccc2c(n1)NCCC2,800.0,0
F,,310.44,3.1,0.0,IC50,=,74.0,nM,NCCCCN(Cc1ccccn1)C1CCCc2cccnc21,74.0,1
B,,635.81,6.1,2.0,IC50,>,1000.0,nM,CCN(C(=O)OCc1ccccc1)C1CCN(CCC(C)(CN2C(=O)N[C@H](Cc3c[nH]c4ccccc34)C2=O)c2ccccc2)CC1,1000.0,0
B,,402.54,4.49,0.0,IC50,>,10000.0,nM,CCOC(=O)c1c(NC(=S)NC(=O)c2ccccc2)sc2c1C(C)CCC2,10000.0,0
B,,346.43,3.02,0.0,IC50,=,5.7,nM,O=C(NC1CCN(Cc2cccnc2)CC1)c1cnc2ccccc2c1,5.7,1
B,,403.57,4.5,0.0,IC50,>,10000.0,nM,CN1CCc2c(sc(NC(=S)Nc3ccccc3)c2C(=O)OC(C)(C)C)C1,10000.0,0
F,,2023.44,,,IC50,=,10.2,nM,NCCCC[C@@H]1NC(=O)[C@@H](CCCCN)NC(=O)[C@H](CCCN=C(N)N)NC(=O)[C@@H](Cc2ccc(O)cc2)NC(=O)[C@H](NC(=O)[C@@H](NC(=O)[C@H](CCCN=C(N)N)NC(=O)[C@@H](N)CCCN=C(N)N)c2ccc3ccccc3c2)CSSC[C@H](C(=O)N[C@@H](CCCN=C(N)N)C(=O)O)NC(=O)[C@H](CCCNC(N)=O)NC(=O)[C@H](CCCN=C(N)N)NC(=O)[C@H](Cc2ccc(O)cc2)NC(=O)[C@H]2CCCN2C1=O,10.2,1
F,,524.63,6.14,2.0,IC50,>,10000.0,nM,CCCCN(c1nc2cc(NC(=O)N(C)C)ccc2o1)[C@H](C)c1ccc(-c2ccccc2-c2nnn[nH]2)cc1,10000.0,0
B,,769.91,-0.2,2.0,IC50,>,30000.0,nM,N=C(N)NCCC[C@@H]1NC(=O)[C@@H](CCCNC(=N)N)NC(=O)[C@@H](Cc2ccc(O)cc2)NC(=O)[C@@H]2CCCN2C(=O)[C@H](Cc2ccc3ccccc3c2)NC1=O,30000.0,0
F,,543.67,6.17,2.0,IC50,=,1640.0,nM,CCN(Cc1nccc2c3ccccc3n(CCCN3C(=O)c4ccccc4C3=O)c12)[C@H]1CCCc2cccnc21,1640.0,0
B,,900.1,-2.27,3.0,IC50,>,10000.0,nM,C[C@@H]1NC(=O)[C@H](Cc2ccccc2)NC(=O)[C@@H](NC(=O)[C@H](CCCNC(=N)N)NC(=O)[C@@H](N)Cc2ccccc2)CSSC[C@@H](C(=O)O)NC(=O)[C@H](CCCNC(=N)N)NC1=O,10000.0,0
F,,362.52,2.99,0.0,IC50,=,9.26,nM,NC/C=C\CN(C[C@H]1Cc2ccccc2CN1)[C@H]1CCCc2cccnc21,9.629999999999999,1
B,,457.75,4.56,0.0,IC50,=,119.3,nM,CN(C)c1cc(CNCCCNC2CCCCC2)cc(CNCCCNC2CCCCC2)c1,119.3,1
B,,899.07,2.56,2.0,IC50,=,17000.0,nM,CN1C(=O)[C@H](CCCNC(=N)N)NC(=O)[C@@H](Cc2ccc(O)cc2)NC(=O)[C@H](Cc2cccc3ccccc23)N(C)C(=O)[C@H](Cc2ccc3ccccc3c2)NC(=O)[C@@H]1CCCNC(N)=O,17000.0,0
B,,743.87,-0.73,2.0,IC50,=,563.0,nM,CN1C(=O)CNC(=O)[C@@H](Cc2ccc(O)cc2)NC(=O)[C@@H](CCCNC(=N)N)NC(=O)[C@H](CCCNC(=N)N)NC(=O)[C@@H]1Cc1ccc2ccccc2c1,563.0,0
B,,683.74,2.84,2.0,IC50,>,35000.0,nM,Br.Oc1cc2nc(c1)CNCCCN(Cc1ccc(CN3CCCNCc4cc(O)cc(n4)CNCCC3)cc1)CCCNC2,35000.0,0
B,,310.44,3.39,0.0,IC50,>,10000.0,nM,Oc1ccc(CN2CCC(CNCc3ccccc3)CC2)cc1,24415.186666666665,0
F,,325.46,2.68,0.0,IC50,=,27.0,nM,NCCCCN(Cc1ncccc1N)C1CCCc2cccnc21,27.0,1
F,,485.56,3.61,0.0,IC50,>,79000.0,nM,COc1cc(C(=O)NC2CC3CCCC(C2)N3CC(=O)Nc2ccc(F)cc2)cc(OC)c1OC,79000.0,0
B,,366.51,2.51,0.0,IC50,=,1546.0,nM,Cc1nc(CN2CCC(C)C2c2ccccn2)cc(N2CCN(C)CC2)n1,1546.0,0
F,,441.58,4.91,0.0,IC50,=,1720.0,nM,CC(=O)NCCCCN(Cc1nccc2c1[nH]c1ccccc12)C1CCCc2cccnc21,1720.0,0
F,,495.59,5.4,1.0,IC50,>,10000.0,nM,CCCCN(c1nc2cc(C(=O)NC)ccc2o1)[C@H](C)c1ccc(-c2ccccc2-c2nnn[nH]2)cc1,10000.0,0
B,,712.86,0.4,2.0,IC50,=,21000.0,nM,N=C(N)NCCC[C@@H]1NC(=O)[C@@H](Cc2ccc(O)cc2)NC(=O)CNC(=O)[C@H](Cc2ccc3ccccc3c2)/C=C\[C@H](CCCN=C(N)N)NC1=O,21000.0,0
F,,433.64,3.64,0.0,IC50,=,13.4,nM,CN1CCC(N(C)c2cccc3c2C[C@H](CN(C)[C@H]2CCCc4cccnc42)NC3)CC1,13.4,1
F,,456.64,4.55,0.0,IC50,=,7.0,nM,NCCCCN(Cc1nccc2c3ccccc3n(CCCN)c12)[C@H]1CCCc2cccnc21,14.0,1
B,,1496.74,,,IC50,=,2200.0,nM,CC(C)C[C@@H](N)C(=O)NCC(=O)N[C@H](C)C(=O)N[C@H](CO)C(=O)N[C@H](Cc1c[nH]c2ccccc12)C(=O)N[C@H](Cc1cnc[nH]1)C(=O)N[C@H](CCCNC(=N)N)C(=O)N1CCC[C@@H]1C(=O)N[C@H](CC(=O)O)C(=O)N[C@H](CCCCN)C(=O)NCCOCCOCCOCCC(=O)N[C@@H](CCCCN)C(N)=O,2200.0,0
F,,472.72,5.59,1.0,IC50,=,64.6,nM,CC1(C)CCC(NC/C=C/CN(C[C@H]2Cc3ccccc3CN2)[C@H]2CCCc3cccnc32)CC1,64.6,1
B,,390.53,4.88,0.0,IC50,=,11700.0,nM,CCOC(=O)c1c(NC(=S)Nc2ccc(O)cc2)sc2c1C(C)CCC2,11700.0,0
B,,482.57,6.27,1.0,IC50,>,10000.0,nM,CC1CCCc2sc(NC(=S)Nc3ccc4c(c3)OC(F)(F)O4)c(C(=O)OC(C)(C)C)c21,10000.0,0
F,,338.5,2.65,0.0,IC50,=,21.0,nM,Cc1cccnc1CN(CCCCN)C[C@H]1Cc2ccccc2CN1,21.0,1
B,,2361.74,,,IC50,=,144.0,nM,CC(C)C[C@@H](N)C(=O)NCC(=O)N[C@H](C)C(=O)N[C@H](CO)C(=O)N[C@H](Cc1c[nH]c2ccccc12)C(=O)N[C@H](Cc1cnc[nH]1)C(=O)N[C@H](CCCNC(=N)N)C(=O)N1CCC[C@@H]1C(=O)NCCOCCOCCOCCC(=O)NCCCC[C@H](NC(=O)CCOCCOCCOCCNC(=O)[C@H]1CCCN1C(=O)[C@@H](CCCNC(=N)N)NC(=O)[C@@H](Cc1cnc[nH]1)NC(=O)[C@@H](Cc1c[nH]c2ccccc12)NC(=O)[C@@H](CO)NC(=O)[C@@H](C)NC(=O)CNC(=O)[C@H](N)CC(C)C)C(N)=O,144.0,1
F,,512.7,4.54,1.0,IC50,=,4.0,nM,NCCCCN(Cc1nccc2c3ccccc3n(CCN3CCOCC3)c12)[C@H]1CCCc2cccnc21,4.0,1
B,,372.56,4.78,0.0,IC50,=,10000.0,nM,C1=C(CS/C(=N\C2CCCCC2)Nc2ccccc2)N2CCN=C2S1,7637.5,0
F,,344.89,3.75,0.0,IC50,=,44.0,nM,NCCCCN(Cc1ncccc1Cl)C1CCCc2cccnc21,44.0,1
F,,399.54,4.73,0.0,IC50,=,69.0,nM,NCCCCN(Cc1cc2c(cn1)[nH]c1ccccc12)C1CCCc2cccnc21,69.0,1
B,,613.81,2.69,3.0,IC50,=,40.4,nM,Cc1cc(NC2CCN(C(=O)CCNCC(=O)O)CC2)nc(NCc2nc(CCCNCCCNC3CCCCC3)co2)n1,40.4,1
B,,551.78,4.2,1.0,IC50,=,10.0,nM,c1ccc(CN(Cc2ccc3cc(CN4CCCNCCNCCCNCC4)ccc3c2)Cc2ccccn2)nc1,10.0,1
F,,452.56,6.22,1.0,IC50,>,10000.0,nM,CCCCN(c1nc2ccccc2o1)C(C)(C)c1ccc(-c2ccccc2-c2nnn[nH]2)cc1,10000.0,0
B,,540.71,4.19,1.0,IC50,=,12.0,nM,NCCCCN(Cc1nccc2c3ccccc3n(CC(=O)N3CCC(O)CC3)c12)C1CCCc2cccnc21,12.0,1
B,,338.5,3.71,0.0,IC50,=,62.9,nM,Cc1cnc(CN(CCCCN)[C@H]2CCCc3cccnc32)c(C)c1,62.9,1
B,,1020.25,,,IC50,=,6.0,nM,CC(=O)N[C@@H](CCCNC(=N)N)C(=O)N[C@@H](C)C(=O)N[C@@H]1CSSC(C)(C)[C@@H](C(=O)O)NC(=O)[C@H](Cc2ccccc2)NC(=O)[C@H](Cc2ccc3ccccc3c2)NC(=O)[C@H](CCCNC(=N)N)NC1=O,6.0,1
B,,392.64,4.98,0.0,IC50,=,185.0,nM,C1=C(CS/C(=N\C2CCCCC2)NC2CCCCC2)N2CCCN=C2S1,121.0,1
B,,617.71,-3.11,2.0,IC50,=,167.0,nM,C[C@@H]1NC(=O)CN(C)C(=O)[C@@H](Cc2ccc(O)cc2)NC(=O)[C@H](CCCNC(=N)N)NC(=O)[C@H](CCCNC(=N)N)NC1=O,167.0,1
B,,300.39,1.57,0.0,IC50,=,225000.0,nM,Cc1ccc(-c2nc3n(c2/C=N/N=C(N)N)CCS3)cc1,225000.0,0
B,,526.69,4.06,1.0,IC50,=,5.6,nM,NCCCCN(Cc1nccc2c3ccccc3n(CC(=O)N3CCOCC3)c12)C1CCCc2cccnc21,5.6,1
B,,783.94,0.14,2.0,IC50,>,30000.0,nM,CN1C(=O)[C@H](CCCNC(=N)N)NC(=O)[C@@H](Cc2ccc(O)cc2)NC(=O)[C@@H]2CCCN2C(=O)[C@H](Cc2ccc3ccccc3c2)NC(=O)[C@H]1CCCNC(=N)N,30000.0,0
B,,3159.8,,,IC50,=,678.0,nM,CC(C)C[C@H](NC(=O)[C@H](CO)NC(=O)[C@H](Cc1ccccc1)N(C)C(=O)[C@@H]1CCCN1C(=O)[C@@H](N)CCCCN)C(=O)N[C@@H](CO)C(=O)N[C@@H](Cc1ccc(O)cc1)C(=O)N[C@@H](CCCNC(=N)N)C(=O)N[C@@H](CO)C(=O)N[C@@H](C)C(=O)NCCCC[C@H](NC(=O)[C@@H]1CSSC[C@H](NC(=O)[C@H](Cc2ccc3ccccc3c2)NC(=O)[C@H](CCCNC(=N)N)NC(=O)[C@@H](N)CCCNC(=N)N)C(=O)N[C@@H](Cc2ccc(O)cc2)C(=O)N[C@@H](CCCNC(=N)N)C(=O)N[C@@H](CCCCN)C(=O)N[C@H](CCCCN)C(=O)N2CCC[C@H]2C(=O)N[C@@H](Cc2ccc(O)cc2)C(=O)N[C@@H](CCCNC(=N)N)C(=O)N[C@@H](CCCNC(=N)N)C(=O)N1)C(=O)O,678.0,0
B,,783.93,0.19,2.0,IC50,>,30000.0,nM,N=C(N)NCCC[C@@H]1NC(=O)[C@H](CCCNC(=N)N)NC(=O)[C@@H](Cc2ccc(O)cc2)NC(=O)[C@H]2CCCCN2C(=O)[C@H](Cc2ccc3ccccc3c2)NC1=O,30000.0,0
B,,550.75,7.06,2.0,IC50,>,1000.0,nM,C=CCN(C(=O)OCc1ccccc1)C1CCN(CCC(Cn2c(CC)nc3ccccc32)c2ccccc2)CC1,1000.0,0
B,,807.96,1.1,2.0,IC50,>,30000.0,nM,CN1C(=O)[C@H](CCCNC(=N)N)NC(=O)[C@@H](Cc2c[nH]c3ccccc23)NC(=O)[C@@H]2CCCN2C(=O)[C@H](Cc2ccc3ccccc3c2)NC(=O)[C@@H]1CCCNC(N)=O,30000.0,0
B,,784.92,0.33,2.0,IC50,>,30000.0,nM,CN1C(=O)[C@H](CCCNC(=N)N)NC(=O)[C@@H](Cc2ccc(O)cc2)NC(=O)[C@@H]2CCCN2C(=O)[C@H](Cc2ccc3ccccc3c2)NC(=O)[C@@H]1CCCNC(N)=O,30000.0,0
B,,743.87,-0.68,2.0,IC50,=,47.0,nM,N=C(N)NCCC[C@@H]1NC(=O)[C@H](Cc2ccc3ccccc3c2)NC(=O)CCNC(=O)[C@@H](Cc2ccc(O)cc2)NC(=O)[C@H](CCCNC(=N)N)NC1=O,47.0,1
B,,1423.72,,,IC50,>,50000.0,nM,CC[C@H](C)[C@H](NC(=O)[C@H](CC(=O)O)NC(=O)CNC(=O)[C@H](CCCCN)NC(=O)[C@H](CCCNC(=N)N)NC(=O)[C@H](CCCCN)NC(=O)CCCCCN)C(=O)N[C@@H](CCCNC(=N)N)C(=O)N[C@@H](CCC(N)=O)C(=O)N[C@@H](C)C(=O)N[C@@H](Cc1cnc[nH]1)C(=O)N[C@@H](CS)C(N)=O,50000.0,0
F,,535.66,5.45,2.0,IC50,>,16700.0,nM,CN(C[C@H]1Cc2c(cccc2N2CCN(c3cccc(C(F)(F)F)c3)CC2)CN1)[C@H]1CCCc2cccnc21,16700.0,0
B,,741.85,-0.24,2.0,IC50,>,30000.0,nM,CN1C(=O)[C@H](CC(N)=O)NC(=O)[C@@H](Cc2ccc(O)cc2)NC(=O)[C@@H]2CCCN2C(=O)[C@H](Cc2ccc3ccccc3c2)NC(=O)[C@@H]1CCCNC(=N)N,30000.0,0
F,,365.53,1.95,0.0,IC50,=,510.0,nM,Cc1ccc(CN(C)C[C@H]2Cc3c(cccc3N3CCNCC3)CN2)nc1,510.0,0
B,,501.72,4.81,1.0,IC50,=,36.2,nM,c1ccc2c(NC3CCNCC3)nc(NCc3ccc(CNCCCNC4CCCCC4)cc3)nc2c1,36.2,1
B,,2037.47,,,IC50,=,0.6,nM,N=C(N)NCCC[C@H](NC(=O)[C@@H]1CSSC[C@H](NC(=O)[C@H](Cc2ccc3ccccc3c2)NC(=O)[C@H](CCCNC(=N)N)NC(=O)[C@@H](N)CCCNC(=N)N)C(=O)N[C@@H](Cc2ccc(O)cc2)C(=O)N[C@@H](CCCNC(N)=O)C(=O)N[C@@H](CCCCN)C(=O)N[C@H](CCCCN)C(=O)N2CCC[C@H]2C(=O)N[C@@H](Cc2ccc(O)cc2)C(=O)N[C@@H](CCCNC(=N)N)C(=O)N[C@@H](CCCNC(N)=O)C(=O)N1)C(N)=O,0.6,1
B,,2877.35,,,IC50,=,42.83,nM,CC(C)C[C@@H](N)C(=O)NCC(=O)N[C@H](C)C(=O)N[C@H](CO)C(=O)N[C@H](Cc1c[nH]c2ccccc12)C(=O)N[C@H](Cc1cnc[nH]1)C(=O)N[C@H](CCCNC(=N)N)C(=O)N1CCC[C@@H]1C(=O)N[C@H](CC(=O)O)C(=O)N[C@H](CCCCN)C(=O)N[C@H](CCCCN)C(=O)N[C@H](CCCNC(=N)N)C(=O)N(CCCCCC(=O)O)[C@H](CCCCN)C(=O)N[C@H](CCCNC(=N)N)C(=O)N[C@H](CCCCN)C(=O)N[C@@H](CS)C(=O)N[C@@H](C(=O)N[C@H](CCCNC(=N)N)C(=O)N1CCC[C@@H]1C(=O)N[C@H](CC(N)=O)C(=O)N[C@H](CC(N)=O)C(=O)N[C@H](CC(N)=O)C(=O)N[C@@H](C(N)=O)[C@@H](C)O)[C@@H](C)O,42.83,1
B,,1004.64,,,IC50,>,10000.0,nM,CC(=O)N[C@@H](CCCNC(=N)N)C(=O)N[C@@H](C)C(=O)N[C@@H]1CSSC(C)(C)[C@@H](C(=O)O)NC(=O)[C@H](Cc2ccc(Cl)cc2)NC(=O)[C@H](Cc2ccccc2)NC(=O)[C@H](CCCNC(=N)N)NC1=O,10000.0,0
B,,435.62,5.93,1.0,IC50,>,30000.0,nM,CC1CCCc2sc(NC(=S)Nc3ccccc3)c(C(=O)NCc3ccccc3)c21,30000.0,0
B,,822.03,-0.16,2.0,IC50,>,10000.0,nM,CN1C(=O)[C@@H](NC(=O)CCN=C(N)N)CSSC[C@H](C(=O)NCCc2ccc(O)cc2)NC(=O)[C@H](Cc2ccc3ccccc3c2)NC(=O)[C@@H]1CCCN=C(N)N,10000.0,0
B,,701.83,-0.42,2.0,IC50,=,97.0,nM,NCCCC[C@H]1NC(=O)[C@@H](Cc2ccc(O)cc2)NC(=O)CNC(=O)[C@H](Cc2ccc3ccccc3c2)NC(=O)[C@H](CCCN=C(N)N)NC1=O,97.0,1
F,,480.65,5.2,1.0,IC50,=,82.1,nM,FC1(F)CCC(NC/C=C/CN(C[C@H]2Cc3ccccc3CN2)[C@H]2CCCc3cccnc32)CC1,82.1,1
B,,598.8,2.94,2.0,IC50,=,158.0,nM,Cc1cc(NC2CCN(C(=O)CCCC(=O)O)CC2)nc(NCc2cn(CCCNCCCNC3CCCCC3)nn2)n1,158.0,1
B,,1612.94,,,IC50,=,4.0,nM,CN1C(=O)[C@@H](Cc2ccc(O)cc2)NC(=O)CNC(=O)[C@H](Cc2ccc3ccccc3c2)NC(=O)[C@H](CCCNC(=N)N)NC(=O)[C@H]1CCCNC(=O)CCCCCCCCCCCC(=O)NCCC[C@@H]1C(=O)N[C@@H](CCCNC(N)=O)C(=O)N[C@@H](Cc2ccc3ccccc3c2)C(=O)NCC(=O)N[C@H](Cc2ccc(O)cc2)C(=O)N1C,4.0,1
B,,252.79,2.9,0.0,IC50,>,10000.0,nM,NCCC1CCN(Cc2ccccc2Cl)CC1,10000.0,0
F,,490.66,5.96,1.0,IC50,=,5100.0,nM,c1ccc(CNCCCCN(Cc2nccc3c2[nH]c2ccccc23)C2CCCc3cccnc32)nc1,5100.0,0
B,,3097.73,,,IC50,=,151.0,nM,CC(C)C[C@H](NC(=O)[C@H](CO)NC(=O)[C@@H](NC(=O)[C@H]1CCCN1C(=O)[C@@H](N)CCCCN)C(C)C)C(=O)N[C@@H](CO)C(=O)N[C@@H](Cc1ccc(O)cc1)C(=O)N[C@@H](CCCNC(=N)N)C(=O)N[C@@H](CO)C(=O)N[C@@H](C)C(=O)NCCCC[C@H](NC(=O)[C@@H]1CSSC[C@H](NC(=O)[C@H](Cc2ccc3ccccc3c2)NC(=O)[C@H](CCCNC(=N)N)NC(=O)[C@@H](N)CCCNC(=N)N)C(=O)N[C@@H](Cc2ccc(O)cc2)C(=O)N[C@@H](CCCNC(=N)N)C(=O)N[C@@H](CCCCN)C(=O)N[C@H](CCCCN)C(=O)N2CCC[C@H]2C(=O)N[C@@H](Cc2ccc(O)cc2)C(=O)N[C@@H](CCCNC(=N)N)C(=O)N[C@@H](CCCNC(=N)N)C(=O)N1)C(=O)O,151.0,1
B,,484.7,2.44,0.0,IC50,=,23.9,nM,Cc1cc(NC2CCNCC2)nc(NCc2cn(CCCNCCCNC3CCCCC3)nn2)n1,23.9,1
B,,3111.76,,,IC50,=,84.0,nM,CC(C)C[C@H](NC(=O)[C@H](CO)NC(=O)[C@@H](NC(=O)[C@@H]1CCCN1C(=O)[C@@H](N)CCCCN)C(C)(C)C)C(=O)N[C@@H](CO)C(=O)N[C@@H](Cc1ccc(O)cc1)C(=O)N[C@@H](CCCNC(=N)N)C(=O)N[C@@H](CO)C(=O)N[C@@H](C)C(=O)NCCCC[C@H](NC(=O)[C@@H]1CSSC[C@H](NC(=O)[C@H](Cc2ccc3ccccc3c2)NC(=O)[C@H](CCCNC(=N)N)NC(=O)[C@@H](N)CCCNC(=N)N)C(=O)N[C@@H](Cc2ccc(O)cc2)C(=O)N[C@@H](CCCNC(=N)N)C(=O)N[C@@H](CCCCN)C(=O)N[C@H](CCCCN)C(=O)N2CCC[C@H]2C(=O)N[C@@H](Cc2ccc(O)cc2)C(=O)N[C@@H](CCCNC(=N)N)C(=O)N[C@@H](CCCNC(=N)N)C(=O)N1)C(=O)O,84.0,1
F,,427.55,4.51,0.0,IC50,=,5.0,nM,COc1ccc(CN(Cc2nc3ccccc3[nH]2)C2CCCc3cccnc32)c(CN)c1,5.0,1
B,,621.78,5.93,2.0,IC50,>,1000.0,nM,CCN(C(=O)OCc1ccccc1)C1CCN(CCC(CN2C(=O)N[C@H](Cc3c[nH]c4ccccc34)C2=O)c2ccccc2)CC1,1000.0,0
F,,347.47,3.35,0.0,IC50,=,160.0,nM,NC/C=C/CN(Cc1nc2ccccc2[nH]1)C1CCCc2cccnc21,160.0,1
B,,2128.43,,,IC50,=,17.0,nM,CN1C(=O)[C@@H](Cc2ccc(O)cc2)NC(=O)CNC(=O)[C@H](Cc2ccc3ccccc3c2)NC(=O)[C@H](CCCNC(=N)N)NC(=O)[C@H]1CCCNC(=O)CNC(=O)CC(CC(=O)NCC(=O)NCCC[C@@H]1C(=O)N[C@@H](CCCNC(=N)N)C(=O)N[C@@H](Cc2ccc3ccccc3c2)C(=O)NCC(=O)N[C@H](Cc2ccc(O)cc2)C(=O)N1C)NC(=O)CCCCCNC(=O)CN1CCN(CC(=O)O)CCN(CC(=O)O)CCN(CC(=O)O)CC1,17.0,1
B,,512.7,4.54,1.0,IC50,=,7.7,nM,NCCCCN(Cc1nccc2c3ccccc3n(CCN3CCOCC3)c12)C1CCCc2cccnc21,7.7,1
B,,324.43,1.57,0.0,IC50,=,2600.0,nM,c1cnc2c(c1)CCCC2N(Cc1ccncn1)N1CCNCC1,2600.0,0
B,,2760.25,,,IC50,=,34.0,nM,CC(C)C[C@@H](N)C(=O)NCC(=O)N[C@H](C)C(=O)N[C@H](CO)C(=O)N[C@H](Cc1c[nH]c2ccccc12)C(=O)N[C@H](Cc1cnc[nH]1)C(=O)N[C@H](CCCNC(=N)N)C(=O)N1CCC[C@@H]1C(=O)N[C@H](C)C(=O)N[C@H](CCCCN)C(=O)NCCOCCOCCOCCC(=O)NCCCC[C@H](NC(=O)CCOCCOCCOCCNC(=O)[C@@H](CCCCN)NC(=O)[C@@H](C)NC(=O)[C@H]1CCCN1C(=O)[C@@H](CCCNC(=N)N)NC(=O)[C@@H](Cc1cnc[nH]1)NC(=O)[C@@H](Cc1c[nH]c2ccccc12)NC(=O)[C@@H](CO)NC(=O)[C@@H](C)NC(=O)CNC(=O)[C@H](N)CC(C)C)C(N)=O,34.0,1
F,,511.72,4.11,1.0,IC50,=,55.0,nM,NCCCCN(Cc1nccc2c3ccccc3n(CCN3CCNCC3)c12)[C@H]1CCCc2cccnc21,59.0,1
B,,757.9,-0.34,2.0,IC50,>,30000.0,nM,C[C@H]1C(=O)N[C@H](Cc2ccc(O)cc2)C(=O)N[C@@H](CCCNC(=N)N)C(=O)N[C@@H](CCCNC(=N)N)C(=O)N[C@@H](Cc2ccc3ccccc3c2)C(=O)N1C,30000.0,0
F,,419.53,5.2,1.0,IC50,=,8393.0,nM,c1ccc(Cn2c3ccccc3c3ccnc(CN[C@H]4CCCc5cccnc54)c32)nc1,8393.0,0
F,,1499.85,,,IC50,=,17157.0,nM,CC[C@@H](C)[C@@H](NC(C)=O)C(=O)N[C@@H](CC(C)C)C(=O)N[C@@H](CCCNC(=N)N)C(=O)N[C@@H](Cc1c[nH]c2ccccc12)C(=O)N[C@@H](CO)C(=O)N[C@@H](CCCNC(=N)N)C(=O)N[C@@H](CCCCN)C(=O)N[C@@H](CC(C)C)C(=O)N1CCC[C@H]1C(=O)N[C@@H](CS)C(=O)N[C@H](C(=O)N[C@@H](CO)C(=O)O)C(C)C,12440.5,0
F,,385.52,4.1,0.0,IC50,=,8890.0,nM,NCCCn1c2ccccc2c2ccnc(CN[C@H]3CCCc4cccnc43)c21,8890.0,0
B,,408.52,4.72,0.0,IC50,>,30000.0,nM,CC(C)(C)OC(=O)c1c(NC(=S)Nc2ccc(F)cc2)sc2c1CCOC2,30000.0,0
F,,480.05,2.97,0.0,IC50,>,10000.0,nM,CCCCN1C(=O)C(CC(C)C)NC(=O)C12CCN(Cc1ccc3c(c1)OCCO3)CC2.Cl,10000.0,0
F,,384.5,2.72,0.0,IC50,=,1.1,nM,Cc1nc(CN2CCC[C@H]2c2ncccc2C)c(F)c(N2CCN(C)CC2)n1,1.1,1
F,,447.67,3.5,0.0,IC50,=,33.0,nM,CCN1CCN(CCCN(C[C@H]2Cc3ccccc3CN2)[C@H]2CCCc3cccnc32)CC1,33.0,1
B,,455.65,4.52,0.0,IC50,=,60.0,nM,NCCCCN(C[C@H]1Cc2ccccc2CN1Cc1ccccn1)[C@H]1CCCc2cccnc21,58.0,1
B,,581.73,3.58,1.0,IC50,>,35000.0,nM,Br.c1cc(CN2CCCNCCCCCNCCC2)ccc1CN1CCCNCCCCCNCCC1,35000.0,0
B,,3245.89,,,IC50,=,48.0,nM,CC(C)C[C@H](NC(=O)[C@H](CO)NC(=O)[C@H](Cc1ccc2cc3ccccc3cc2c1)NC(=O)[C@@H]1CCCN1C(=O)[C@@H](N)CCCCN)C(=O)N[C@@H](CO)C(=O)N[C@@H](Cc1ccc(O)cc1)C(=O)N[C@@H](CCCNC(=N)N)C(=O)N[C@@H](CO)C(=O)N[C@@H](C)C(=O)NCCCC[C@H](NC(=O)[C@@H]1CSSC[C@H](NC(=O)[C@H](Cc2ccc3ccccc3c2)NC(=O)[C@H](CCCNC(=N)N)NC(=O)[C@@H](N)CCCNC(=N)N)C(=O)N[C@@H](Cc2ccc(O)cc2)C(=O)N[C@@H](CCCNC(=N)N)C(=O)N[C@@H](CCCCN)C(=O)N[C@H](CCCCN)C(=O)N2CCC[C@H]2C(=O)N[C@@H](Cc2ccc(O)cc2)C(=O)N[C@@H](CCCNC(=N)N)C(=O)N[C@@H](CCCNC(=N)N)C(=O)N1)C(=O)O,48.0,1
B,,339.44,2.71,0.0,IC50,=,3.2,nM,O=C(c1ccco1)N1CCN(C2CCN(c3ccccc3)CC2)CC1,3.2,1
F,,567.78,4.09,1.0,IC50,=,24.0,nM,c1cnc2c(c1)CCCC2N(CCCN1CCNCC1)Cc1nccc2c3ccccc3n(CCN3CCOCC3)c12,16.65,1
B,,2938.58,,,IC50,=,16.51,nM,CC(C)C[C@H](NC(=O)[C@H](CO)NC(=O)[C@@H](NC(=O)[C@@H]1CCCN1C(=O)[C@@H](N)CCCCN)C(C)C)C(=O)N[C@@H](CO)C(=O)N[C@@H](Cc1ccc(O)cc1)C(=O)N[C@@H](CCCNC(=N)N)C(=O)NCCCC[C@H](NC(=O)[C@@H]1CSSC[C@H](NC(=O)[C@H](Cc2ccc3ccccc3c2)NC(=O)[C@H](CCCNC(=N)N)NC(=O)[C@@H](N)CCCNC(=N)N)C(=O)N[C@@H](Cc2ccc(O)cc2)C(=O)N[C@@H](CCCNC(=N)N)C(=O)N[C@@H](CCCCN)C(=O)N[C@H](CCCCN)C(=O)N2CCC[C@H]2C(=O)N[C@@H](Cc2ccc(O)cc2)C(=O)N[C@@H](CCCNC(=N)N)C(=O)N[C@@H](CCCNC(=N)N)C(=O)C1)C(=O)O,16.51,1
B,,470.67,2.14,0.0,IC50,=,34.1,nM,c1cc(NC2CCNCC2)nc(NCc2cn(CCCNCCCNC3CCCCC3)nn2)n1,34.1,1
B,,780.68,4.73,1.0,IC50,=,5737.0,nM,Br.CC(=O)O.Clc1cc2nc(c1)CNCCCN(Cc1ccc(CN3CCCNCc4cc(Cl)cc(n4)CNCCC3)cc1)CCCNC2,5737.0,0
B,,866.04,-3.31,3.0,IC50,>,10000.0,nM,CC(=O)N[C@@H](CCCNC(=N)N)C(=O)N[C@@H](C)C(=O)N[C@@H]1CSSC[C@@H](C(=O)O)NC(=O)[C@H](C)NC(=O)[C@H](Cc2ccccc2)NC(=O)[C@H](CCCNC(=N)N)NC1=O,10000.0,0
B,,595.63,1.87,1.0,IC50,=,4363.0,nM,Br.c1cc2nc(c1)CNCCN(Cc1ccc(CN3CCNCc4cccc(n4)CNCC3)cc1)CCNC2,4363.0,0
F,,562.57,3.44,1.0,IC50,=,5.4,nM,CCOCCN1CCN(C(=O)c2cnc(NCc3ccc(CNc4ncc(F)cn4)cc3)nc2C(F)(F)F)CC1,5.4,1
B,,388.56,4.63,0.0,IC50,=,3.4,nM,CN(C)CCCc1c(CN(C)[C@H]2CCCc3cccnc32)ncc2ccccc12,3.4,1
F,,298.43,3.09,0.0,IC50,=,23.0,nM,Cc1cccnc1CN(CCCCN)C(C)c1ccccn1,23.0,1
B,,743.87,-0.73,2.0,IC50,=,157.0,nM,CN1C(=O)[C@@H](CCCNC(=N)N)NC(=O)[C@H](CCCNC(=N)N)NC(=O)[C@H](Cc2ccc3ccccc3c2)NC(=O)CNC(=O)[C@H]1Cc1ccc(O)cc1,157.0,1
B,PARAZOANTHINE C,329.36,0.97,0.0,IC50,=,10.0,nM,COc1ccc(/C=C/N2C(=O)N/C(=C\CCNC(=N)N)C2=O)cc1,10.0,1
F,,405.59,2.38,0.0,IC50,=,553.0,nM,c1ccc2c(c1)CN[C@@H](CN(CCN1CCNCC1)[C@H]1CCCc3cccnc31)C2,553.0,0
B,,536.72,6.67,2.0,IC50,>,1000.0,nM,C=CCN(C(=O)OCc1ccccc1)C1CCN(CCC(C)(Cn2cnc3ccccc32)c2ccccc2)CC1,1000.0,0
F,,330.54,5.53,1.0,IC50,>,10000.0,nM,c1ccc(CS/C(=N\C2CCCCC2)NC2CCCCC2)cc1,10000.0,0
F,,413.57,4.74,0.0,IC50,=,22.0,nM,Cn1c2ccccc2c2ccnc(CN(CCCCN)[C@H]3CCCc4cccnc43)c21,22.0,1
B,,743.87,-0.73,2.0,IC50,=,99.0,nM,CN1C(=O)[C@H](Cc2ccc3ccccc3c2)NC(=O)CNC(=O)[C@@H](Cc2ccc(O)cc2)NC(=O)[C@H](CCCNC(=N)N)NC(=O)[C@@H]1CCCNC(=N)N,99.0,1
B,,486.58,6.85,1.0,IC50,>,10000.0,nM,CC1CCCc2sc(NC(=S)Nc3ccc(OC(F)(F)F)cc3)c(C(=O)OC(C)(C)C)c21,10000.0,0
F,,453.63,5.77,1.0,IC50,=,729.0,nM,c1cnc2c(c1)CCCC2N(CCCCNCC1CC1)Cc1nccc2c1[nH]c1ccccc12,729.0,0
B,,774.92,2.12,2.0,IC50,>,30000.0,nM,CN1C(=O)[C@H](Cc2ccccc2)NC(=O)[C@@H](Cc2ccc(O)cc2)NC(=O)[C@@H]2CCCN2C(=O)[C@H](Cc2ccc3ccccc3c2)NC(=O)[C@@H]1CCCNC(=N)N,30000.0,0
B,,644.73,-0.32,2.0,IC50,>,1000.0,nM,C[C@@H]1NC(=O)[C@H](Cc2ccc3ccccc3c2)NC(=O)CNC(=O)[C@@H](Cc2ccc(O)cc2)NC(=O)[C@H](CCCNC(=N)N)NC1=O,1000.0,0
B,,3111.76,,,IC50,=,127.0,nM,CC(C)C[C@H](NC(=O)[C@H](CO)NC(=O)[C@H](C(C)C)N(C)C(=O)[C@@H]1CCCN1C(=O)[C@@H](N)CCCCN)C(=O)N[C@@H](CO)C(=O)N[C@@H](Cc1ccc(O)cc1)C(=O)N[C@@H](CCCNC(=N)N)C(=O)N[C@@H](CO)C(=O)N[C@@H](C)C(=O)NCCCC[C@H](NC(=O)[C@@H]1CSSC[C@H](NC(=O)[C@H](Cc2ccc3ccccc3c2)NC(=O)[C@H](CCCNC(=N)N)NC(=O)[C@@H](N)CCCNC(=N)N)C(=O)N[C@@H](Cc2ccc(O)cc2)C(=O)N[C@@H](CCCNC(=N)N)C(=O)N[C@@H](CCCCN)C(=O)N[C@H](CCCCN)C(=O)N2CCC[C@H]2C(=O)N[C@@H](Cc2ccc(O)cc2)C(=O)N[C@@H](CCCNC(=N)N)C(=O)N[C@@H](CCCNC(=N)N)C(=O)N1)C(=O)O,127.0,1
F,,374.53,3.49,0.0,IC50,=,8721.0,nM,NCCCCN(Cc1nccc2ccccc12)C[C@H]1Cc2ccccc2CN1,8721.0,0
B,,849.01,1.41,2.0,IC50,>,30000.0,nM,CN1C(=O)[C@H](CCCNC(=N)N)NC(=O)[C@@H](Cc2ccc(O)cc2)NC(=O)[C@H](Cc2ccccc2)N(C)C(=O)[C@H](Cc2ccc3ccccc3c2)NC(=O)[C@@H]1CCCNC(N)=O,30000.0,0
F,,440.55,3.6,0.0,IC50,=,15.0,nM,NCc1cc(C(N)=O)ccc1CN(Cc1nc2ccccc2[nH]1)C1CCCc2cccnc21,15.0,1
B,,986.19,-1.6,3.0,IC50,=,1250.0,nM,CC(=O)N[C@@H](CCCNC(=N)N)C(=O)N[C@@H](C)C(=O)N[C@@H]1CSSC(C)(C)[C@@H](C(=O)O)NC(=O)[C@H](Cc2ccc(O)cc2)NC(=O)[C@H](Cc2ccccc2)NC(=O)[C@H](CCCNC(=N)N)NC1=O,1250.0,0
F,,394.54,3.68,0.0,IC50,=,80.0,nM,C/C(CN(C[C@H]1Cc2ccccc2CN1)[C@H]1CCCc2cccnc21)=C(\F)CN,80.0,1
F,,390.54,3.5,0.0,IC50,=,3200.0,nM,Cn1c(CN(CCCCN)C2CCCc3cccnc32)nnc1-c1ccccc1,3200.0,0
F,,454.62,4.29,0.0,IC50,=,87.0,nM,c1cnc2c(c1)CCC[C@@H]2N(CCCN1CCNCC1)Cc1nccc2c1[nH]c1ccccc12,87.0,1
F,,338.5,3.71,0.0,IC50,=,38.0,nM,Cc1cc(C)nc(CN(CCCCN)C2CCCc3cccnc32)c1,38.0,1
B,,886.03,1.77,2.0,IC50,>,30000.0,nM,CN1C(=O)[C@H](CCCNC(=N)N)NC(=O)[C@@H](Cc2ccc(O)cc2)NC(=O)[C@@H]2Cc3[nH]c4ccccc4c3CN2C(=O)[C@H](Cc2ccc3ccccc3c2)NC(=O)[C@@H]1CCCNC(N)=O,30000.0,0
F,,420.61,2.68,0.0,IC50,=,47.4,nM,CN1CCN(Nc2cccc3c2C[C@@H](CN(C)[C@H]2CCCc4cccnc42)NC3)CC1,47.4,1
F,,973.15,-2.13,3.0,IC50,=,113.0,nM,CC(=O)N[C@@H](CCCNC(=N)N)C(=O)N[C@@H](C)C(=O)N[C@H]1CNC(=O)[C@@H](CCC(C)C)NC(=O)[C@H](Cc2c[nH]cn2)NC(=O)[C@H](Cc2ccc3ccccc3c2)NC(=O)[C@H](CCCNC(=N)N)NC1=O,113.0,1
B,,388.56,4.85,0.0,IC50,>,20000.0,nM,CCOC(=O)c1c(NC(=S)NCc2ccccc2)sc2c1C(C)CCC2,20000.0,0
F,,460.71,5.43,1.0,IC50,=,158.0,nM,c1ccc2c(c1)CN[C@@H](CN(CCCCNCC1CCCCC1)[C@H]1CCCc3cccnc31)C2,158.0,1
B,,627.84,1.77,2.0,IC50,=,97.6,nM,Cc1cc(N(C)C2CCN(C(=O)CCNCC(=O)O)CC2)nc(NCc2cn(CCCNCCCNC3CCCCC3)nn2)n1,97.6,1
B,,389.55,4.16,0.0,IC50,>,10000.0,nM,CC(C)(C)OC(=O)c1c(NC(=S)Nc2ccccc2)sc2c1CCNC2,10000.0,0
B,,728.86,-0.62,2.0,IC50,=,679.0,nM,N=C(N)NCCC[C@@H]1NC(=N)[C@@H](Cc2ccc(O)cc2)NC(=O)CNC(=O)[C@H](Cc2ccc3ccccc3c2)NC(=O)[C@H](CCCNC(=N)N)NC1=O,679.0,0
B,,465.65,3.97,0.0,IC50,=,27.0,nM,CCCN(CCC)CCCCNCc1ccc(C(=O)N(Cc2ncc[nH]2)Cc2ncc[nH]2)cc1,27.0,1
F,,453.63,4.22,0.0,IC50,=,58.3,nM,C(=C/CN(C[C@H]1Cc2ccccc2CN1)[C@H]1CCCc2cccnc21)\CNCc1ccccn1,58.3,1
F,,346.43,3.96,0.0,IC50,=,600.0,nM,O=C(NCCc1ccc2c(n1)NCCC2)Nc1cccc2ccccc12,600.0,0
F,,451.14,4.39,0.0,IC50,=,790.0,nM,C[C@@H]1CCCCN1CCCNCc1ccc(CNCCCN2CCCC[C@@H]2C)cc1.Cl,790.0,0
F,,2052.44,,,IC50,=,22.8,nM,NCCCC[C@H]1NC(=O)[C@H](CCCN=C(N)N)NC(=O)[C@@H](Cc2ccc(O)cc2)NC(=O)[C@H](NC(=O)[C@@H](NC(=O)[C@H](CCCN=C(N)N)NC(=O)[C@@H](N)CCCN=C(N)N)c2ccc3ccccc3c2)CSSC[C@H](C(=O)N[C@@H](CCCN=C(N)N)C(=O)O)NC(=O)[C@H](CCCNC(N)=O)NC(=O)[C@H](CCCN=C(N)N)NC(=O)[C@H](Cc2ccc(O)cc2)NC(=O)[C@H]2CCCN2C(=O)[C@H](CCCNC(N)=O)NC1=O,22.8,1
F,,374.53,3.49,0.0,IC50,=,3307.0,nM,NCCCCN(Cc1cc2ccccc2cn1)C[C@H]1Cc2ccccc2CN1,3307.0,0
B,,715.82,-0.94,2.0,IC50,=,109.0,nM,N=C(N)NCCC[C@@H]1NC(=O)[C@H](CCCNC(=N)N)NC(=O)[C@@H](Cc2ccc(O)cc2)NC(=O)CNC(=O)[C@H](c2ccc3ccccc3c2)NC1=O,109.0,1
F,,442.57,4.44,0.0,IC50,=,6671.0,nM,NC(=O)NCCCCN(Cc1nccc2c1[nH]c1ccccc12)[C@H]1CCCc2cccnc21,6671.0,0
B,,942.14,-2.09,3.0,IC50,=,131.0,nM,CC(=O)N[C@@H](CCCNC(=N)N)C(=O)N[C@@H](C)C(=O)N[C@H]1CSSC[C@@H](C(=O)O)NC(=O)[C@H](Cc2ccccc2)NC(=O)[C@H](Cc2ccccc2)NC(=O)[C@H](CCCNC(=N)N)NC1=O,131.0,1
F,,413.57,4.83,0.0,IC50,=,997.0,nM,CCN(Cc1nccc2c3ccccc3n(CCCN)c12)[C@H]1CCCc2cccnc21,997.0,0
B,,324.47,3.4,0.0,IC50,=,96.1,nM,Cc1cccc(CN(CCCCN)[C@H]2CCCc3cccnc32)n1,96.1,1
B,,742.83,0.35,2.0,IC50,>,30000.0,nM,CN1C(=O)[C@H](CCCNC(=N)N)NC(=O)[C@@H](Cc2ccc(O)cc2)NC(=O)[C@@H]2CCCN2C(=O)[C@H](Cc2ccc3ccccc3c2)NC(=O)[C@@H]1CC(=O)O,30000.0,0
F,,419.62,3.29,0.0,IC50,=,61.0,nM,C[C@@H]1CN(c2cccc3c2C[C@H](CN(C)[C@H]2CCCc4cccnc42)NC3)C[C@H](C)N1,61.0,1
B,,429.7,4.07,0.0,IC50,=,81.2,nM,Nc1cc(CNCCCNC2CCCCC2)cc(CNCCCNC2CCCCC2)c1,81.2,1
B,,613.81,1.75,3.0,IC50,=,34.2,nM,Cc1cc(NC2CCN(C(=O)CCNCC(=O)O)CC2)nc(NCc2cn(CCCNCCCNC3CCCCC3)nn2)n1,34.2,1
B,,572.72,2.8,2.0,IC50,=,2200.0,nM,CC(C)C[C@@H](NC(=N)N)C(=O)Nc1ccc2c(c1)cc(C(=O)NCCc1c[nH]c3ccccc13)n2CCCNC(=N)N,2200.0,0
F,,404.56,3.13,0.0,IC50,=,45.0,nM,c1cnc2c(c1)CCC[C@@H]2N(CCCN1CCNCC1)Cc1nc2ccccc2[nH]1,45.0,1
B,,410.61,1.74,0.0,IC50,=,8.7,nM,c1ccc(CNCc2ccc(CN3CCCNCCNCCCNCC3)cc2)nc1,10.55,1
F,,405.59,2.86,0.0,IC50,=,29.6,nM,CN1CCN(c2cccc3c2C[C@H](CN(C)[C@H]2CCCc4cccnc42)NC3)CC1,29.6,1
F,,365.53,1.95,0.0,IC50,=,91.2,nM,Cc1cccnc1CN(C)C[C@H]1Cc2c(cccc2N2CCNCC2)CN1,91.2,1
B,,743.87,-0.73,2.0,IC50,=,23.0,nM,CN1C(=O)[C@H](CCCNC(=N)N)NC(=O)[C@H](Cc2ccc3ccccc3c2)NC(=O)CNC(=O)[C@@H](Cc2ccc(O)cc2)NC(=O)[C@@H]1CCCNC(=N)N,23.0,1
F,,403.57,2.66,0.0,IC50,=,146.0,nM,CN(C[C@H]1Cc2c(cccc2N2C[C@@H]3C[C@H]2CN3)CN1)[C@H]1CCCc2cccnc21,146.0,1
F,,358.92,2.99,0.0,IC50,=,1855.0,nM,NCCCCN(Cc1ncccc1Cl)C[C@H]1Cc2ccccc2CN1,1855.0,0
F,,497.59,3.48,0.0,IC50,>,79000.0,nM,COc1ccccc1NC(=O)CN1C2CCCC1CC(NC(=O)c1cc(OC)c(OC)c(OC)c1)C2,79000.0,0
B,,783.94,0.14,2.0,IC50,>,30000.0,nM,CN1C(=O)[C@@H](Cc2ccc(O)cc2)NC(=O)[C@@H]2CCCN2C(=O)[C@H](Cc2ccc3ccccc3c2)NC(=O)[C@H](CCCNC(=N)N)NC(=O)[C@H]1CCCNC(=N)N,30000.0,0
B,,554.18,5.91,2.0,IC50,>,10000.0,nM,CCCCN1C(=O)C(CC2CCCCC2)NC(=O)C12CCN(Cc1ccc(Oc3ccccc3)cc1)CC2.Cl,10000.0,0
B,,743.87,-0.73,2.0,IC50,=,3.0,nM,CN1C(=O)[C@H](CCCNC(=N)N)NC(=O)[C@H](Cc2ccc3ccccc3c2)NC(=O)CNC(=O)[C@@H](Cc2ccc(O)cc2)NC(=O)[C@H]1CCCNC(=N)N,3.0,1
B,,985.08,-3.76,3.0,IC50,=,36.0,nM,CC(=O)N[C@@H](CCCNC(=N)N)C(=O)N[C@@H](C)C(=O)N[C@H]1Cn2cc(nn2)C[C@H](C(=O)O)NC(=O)[C@H](Cc2c[nH]cn2)NC(=O)[C@H](Cc2ccc3ccccc3c2)NC(=O)[C@H](CCCNC(=N)N)NC1=O,36.0,1
F,,453.63,4.22,0.0,IC50,=,40.7,nM,C(=C/CN(C[C@H]1Cc2ccccc2CN1)[C@H]1CCCc2cccnc21)\CNCc1ccncc1,40.7,1
B,,742.83,0.35,2.0,IC50,>,30000.0,nM,CN1C(=O)[C@H](CC(=O)O)NC(=O)[C@@H](Cc2ccc(O)cc2)NC(=O)[C@@H]2CCCN2C(=O)[C@H](Cc2ccc3ccccc3c2)NC(=O)[C@@H]1CCCNC(=N)N,30000.0,0
F,,398.51,3.89,0.0,IC50,=,160.0,nM,NCc1ccncc1CN(Cc1nc2ccccc2[nH]1)C1CCCc2cccnc21,160.0,1
B,,769.91,-0.25,2.0,IC50,>,30000.0,nM,CN1C(=O)[C@H](CCCNC(=N)N)NC(=O)[C@@H](Cc2ccc(O)cc2)NC(=O)[C@@H]2CCCN2C(=O)[C@H](Cc2ccc3ccccc3c2)NC(=O)[C@@H]1CCNC(=N)N,30000.0,0
B,,371.48,4.11,0.0,IC50,>,60000.0,nM,Cc1ccc(S(=O)(=O)N(C)c2ccccc2C(=O)c2ccsc2)cc1,60000.0,0
B,,2782.4,,,IC50,=,2.22,nM,CC(C)C[C@H](NC(=O)[C@H](CO)NC(=O)[C@@H](NC(=O)[C@@H]1CCCN1C(=O)[C@@H](N)CCCCN)C(C)C)C(=O)N[C@@H](CO)C(=O)N[C@@H](Cc1ccc(O)cc1)C(=O)NCCCC[C@@H]1NC(=O)[C@H](CCCNC(=N)N)NC(=O)[C@H](Cc2ccc(O)cc2)NC(=O)[C@@H]2CCCN2C(=O)[C@@H](CCCCN)NC(=O)[C@H](CCCCN)NC(=O)[C@H](CCCNC(=N)N)NC(=O)[C@H](Cc2ccc(O)cc2)NC(=O)[C@@H](NC(=O)[C@H](Cc2ccc3ccccc3c2)NC(=O)[C@H](CCCNC(=N)N)NC(=O)[C@@H](N)CCCNC(=N)N)CSSC[C@@H](C(=O)N[C@@H](CCCNC(=N)N)C(=O)O)CC1=O,2.22,1
B,,1485.72,,,IC50,=,12.0,nM,CN1C(=O)[C@@H](Cc2ccc(O)cc2)NC(=O)CNC(=O)[C@H](Cc2ccc3ccccc3c2)NC(=O)[C@H](CCCNC(=N)N)NC(=O)[C@H]1CCCNC(=O)CCC(=O)NCCC[C@@H]1C(=O)N[C@@H](CCCNC(=N)N)C(=O)N[C@@H](Cc2ccc3ccccc3c2)C(=O)NCC(=O)N[C@H](Cc2ccc(O)cc2)C(=O)N1C,12.0,1
F,,464.72,4.74,0.0,IC50,=,54.7,nM,c1ccc2c(c1)CN[C@@H](CN(CCCCNC1CCSCC1)[C@H]1CCCc3cccnc31)C2,54.7,1
B,,2014.32,,,IC50,=,31.0,nM,CN1C(=O)[C@@H](Cc2ccc(O)cc2)NC(=O)CNC(=O)[C@H](Cc2ccc3ccccc3c2)NC(=O)[C@H](CCCNC(=N)N)NC(=O)[C@H]1CCCNC(=O)CC(CC(=O)NCCC[C@@H]1C(=O)N[C@@H](CCCNC(=N)N)C(=O)N[C@@H](Cc2ccc3ccccc3c2)C(=O)NCC(=O)N[C@H](Cc2ccc(O)cc2)C(=O)N1C)NC(=O)CCCCCNC(=O)CN1CCN(CC(=O)O)CCN(CC(=O)O)CCN(CC(=O)O)CC1,31.0,1
B,,583.47,5.05,2.0,IC50,=,8.1,nM,NCCCCN(Cc1nccc2c3ccccc3n(CC(=O)I=O)c12)C1CCCc2cccnc21,8.1,1
B,,389.55,4.76,0.0,IC50,>,10000.0,nM,CCOC(=O)c1c(NC(=S)Nc2ccc(N)cc2)sc2c1C(C)CCC2,10000.0,0
B,,764.89,0.85,2.0,IC50,>,30000.0,nM,CN1C(=O)[C@H](Cc2cnc[nH]2)NC(=O)[C@@H](Cc2ccc(O)cc2)NC(=O)[C@@H]2CCCN2C(=O)[C@H](Cc2ccc3ccccc3c2)NC(=O)[C@@H]1CCCNC(=N)N,30000.0,0
B,,502.01,4.12,1.0,IC50,>,80000.0,nM,COc1cc(C(=O)N[C@@H]2C[C@H]3CCC[C@@H](C2)N3CC(=O)Nc2ccccc2Cl)cc(OC)c1OC,80000.0,0
F,,405.59,2.91,0.0,IC50,=,14.8,nM,CCN(C[C@H]1Cc2c(cccc2N2CCNCC2)CN1)[C@H]1CCCc2cccnc21,14.8,1
F,,713.84,-0.78,2.0,IC50,=,51.0,nM,N=C(N)NCCC[C@@H]1NC(=O)[C@H](CCCNC(=N)N)NC(=O)[C@@H](Cc2ccccc2)NC(=O)CNC(=O)[C@H](Cc2ccc3ccccc3c2)NC1=O,51.0,1
F,,454.58,3.42,0.0,IC50,=,1810.0,nM,O=C(CN(Cc1nccc2c1[nH]c1ccccc12)[C@H]1CCCc2cccnc21)N1CCNCC1,1810.0,0
B,,380.54,2.83,0.0,IC50,=,21.0,nM,Cc1nc(CN(C)[C@H]2CCCc3cccnc32)cc(N2CCN(C)C[C@H]2C)n1,21.0,1
F,,392.59,3.85,0.0,IC50,=,69.0,nM,CC(C)(CN)CCN(C[C@H]1Cc2ccccc2CN1)[C@H]1CCCc2cccnc21,69.0,1
B,,857.03,-1.33,3.0,IC50,>,10000.0,nM,CC(=O)N[C@@H](CCCNC(=N)N)C(=O)N[C@@H](C)C(=O)N[C@@H]1CSSC[C@@H](C(=O)O)NC(=O)[C@H](Cc2ccccc2)NC(=O)[C@H](Cc2ccccc2)NC(=O)[C@H](C)NC1=O,10000.0,0
F,,388.48,3.48,0.0,IC50,=,1.3,nM,NCc1ncoc1CN(Cc1nc2ccccc2[nH]1)C1CCCc2cccnc21,1.3,1
F,,412.58,4.13,0.0,IC50,=,50.8,nM,NCc1ccccc1CN(C[C@H]1Cc2ccccc2CN1)[C@H]1CCCc2cccnc21,50.8,1
B,,329.88,3.74,0.0,IC50,=,1995.26,nM,Clc1ccccc1CN1CCC(CNCc2cccnc2)CC1,1995.26,0
F,,419.62,3.29,0.0,IC50,=,33.9,nM,CN(C[C@H]1Cc2c(cccc2N2CCNC(C)(C)C2)CN1)[C@H]1CCCc2cccnc21,33.9,1
B,,10888.81,,,IC50,=,180.00130409108067,nM,CC[n+]1ccc(-c2cc[n+](Cc3cc(C[n+]4ccc(-c5cc[n+](CC)cc5)cc4)cc(C[n+]4ccc(-c5cc[n+](Cc6cc(C[n+]7ccc(-c8cc[n+](Cc9cc(C[n+]%10ccc(-c%11cc[n+](CC)cc%11)cc%10)cc(C[n+]%10ccc(-c%11cc[n+](CC)cc%11)cc%10)c9)cc8)cc7)cc(C[n+]7ccc(-c8cc[n+](Cc9cc(C[n+]%10ccc(-c%11cc[n+](Cc%12cc(C[n+]%13ccc(-c%14cc[n+](Cc%15cc(C[n+]%16ccc(-c%17cc[n+](CC)cc%17)cc%16)cc(C[n+]%16ccc(-c%17cc[n+](CC)cc%17)cc%16)c%15)cc%14)cc%13)cc(C[n+]%13ccc(-c%14cc[n+](Cc%15cc(C[n+]%16ccc(-c%17cc[n+](CC)cc%17)cc%16)cc(C[n+]%16ccc(-c%17cc[n+](CC)cc%17)cc%16)c%15)cc%14)cc%13)c%12)cc%11)cc%10)cc(C[n+]%10ccc(-c%11cc[n+](Cc%12cc(C[n+]%13ccc(-c%14cc[n+](Cc%15cc(C[n+]%16ccc(-c%17cc[n+](CC)cc%17)cc%16)cc(C[n+]%16ccc(-c%17cc[n+](CC)cc%17)cc%16)c%15)cc%14)cc%13)cc(C[n+]%13ccc(-c%14cc[n+](Cc%15cc(C[n+]%16ccc(-c%17cc[n+](CC)cc%17)cc%16)cc(C[n+]%16ccc(-c%17cc[n+](CC)cc%17)cc%16)c%15)cc%14)cc%13)c%12)cc%11)cc%10)c9)cc8)cc7)c6)cc5)cc4)c3)cc2)cc1.F[P-](F)(F)(F)(F)F.F[P-](F)(F)(F)(F)F.F[P-](F)(F)(F)(F)F.F[P-](F)(F)(F)(F)F.F[P-](F)(F)(F)(F)F.F[P-](F)(F)(F)(F)F.F[P-](F)(F)(F)(F)F.F[P-](F)(F)(F)(F)F.F[P-](F)(F)(F)(F)F.F[P-](F)(F)(F)(F)F.F[P-](F)(F)(F)(F)F.F[P-](F)(F)(F)(F)F.F[P-](F)(F)(F)(F)F.F[P-](F)(F)(F)(F)F.F[P-](F)(F)(F)(F)F.F[P-](F)(F)(F)(F)F.F[P-](F)(F)(F)(F)F.F[P-](F)(F)(F)(F)F.F[P-](F)(F)(F)(F)F.F[P-](F)(F)(F)(F)F.F[P-](F)(F)(F)(F)F.F[P-](F)(F)(F)(F)F.F[P-](F)(F)(F)(F)F.F[P-](F)(F)(F)(F)F.F[P-](F)(F)(F)(F)F.F[P-](F)(F)(F)(F)F.F[P-](F)(F)(F)(F)F.F[P-](F)(F)(F)(F)F.F[P-](F)(F)(F)(F)F.F[P-](F)(F)(F)(F)F.F[P-](F)(F)(F)(F)F.F[P-](F)(F)(F)(F)F.F[P-](F)(F)(F)(F)F.F[P-](F)(F)(F)(F)F.F[P-](F)(F)(F)(F)F.F[P-](F)(F)(F)(F)F.F[P-](F)(F)(F)(F)F.F[P-](F)(F)(F)(F)F.F[P-](F)(F)(F)(F)F.F[P-](F)(F)(F)(F)F.F[P-](F)(F)(F)(F)F.F[P-](F)(F)(F)(F)F,117.91922165966714,1
B,,388.56,5.39,1.0,IC50,>,10000.0,nM,CC(C)(C)OC(=O)c1c(NC(=S)Nc2ccccc2)sc2c1CCCC2,10000.0,0
F,,421.59,2.61,0.0,IC50,=,2.0,nM,NCCCCN(C[C@H]1CN(C(=O)c2ccccc2)CCN1)[C@H]1CCCc2cccnc21,2.0,1
B,,3138.77,,,IC50,=,112.0,nM,CC(C)C[C@H](NC(=O)[C@H](CO)NC(=O)[C@H](Cc1ccc(C(=O)c2ccccc2)cc1)NC(=O)[C@@H]1CCCN1C(=O)[C@@H](N)CCCCN)C(=O)N[C@@H](CO)C(=O)N[C@@H](Cc1ccc(O)cc1)C(=O)NCCOCCOCCOCCC(=O)NCCCC[C@H](NC(=O)[C@@H]1CSSC[C@H](NC(=O)[C@H](Cc2ccc3ccccc3c2)NC(=O)[C@H](CCCNC(=N)N)NC(=O)[C@@H](N)CCCNC(=N)N)C(=O)N[C@@H](Cc2ccc(O)cc2)C(=O)N[C@@H](CCCNC(=N)N)C(=O)N[C@@H](CCCCN)C(=O)N[C@H](CCCCN)C(=O)N2CCC[C@H]2C(=O)N[C@@H](Cc2ccc(O)cc2)C(=O)N[C@@H](CCCNC(=N)N)C(=O)N[C@@H](CCCNC(=N)N)C(=O)N1)C(=O)O,112.0,1
B,,392.55,3.01,0.0,IC50,=,23.0,nM,CN1CCN(c2cc(CN(C)C3CCCc4cccnc43)nc(C3CC3)n2)CC1,23.0,1
B,,254.34,2.38,0.0,IC50,>,10000.0,nM,CN(Cc1ccncn1)C1CCCc2cccnc21,10000.0,0
F,,433.64,3.16,0.0,IC50,=,66.0,nM,c1ccc2c(c1)CN[C@@H](CN(CCCCN1CCNCC1)[C@H]1CCCc3cccnc31)C2,66.0,1
F,,435.62,2.53,0.0,IC50,=,154.0,nM,COCCN(C[C@H]1Cc2c(cccc2N2CCNCC2)CN1)[C@H]1CCCc2cccnc21,154.0,1
B,,724.86,1.39,2.0,IC50,>,30000.0,nM,CN1C(=O)[C@@H]2CCCN2C(=O)[C@@H](Cc2ccc(O)cc2)NC(=O)[C@@H]2CCCN2C(=O)[C@H](Cc2ccc3ccccc3c2)NC(=O)[C@@H]1CCCNC(=N)N,30000.0,0
B,,2224.64,,,IC50,=,1560.0,nM,CC(C)C[C@@H](N)C(=O)NCC(=O)N[C@H](C)C(=O)N[C@H](CO)C(=O)N[C@H](Cc1c[nH]c2ccccc12)C(=O)N[C@H](Cc1cnc[nH]1)C(=O)N[C@H](CCCNC(=N)N)C(=O)N1CCC[C@@H]1C(=O)N[C@H](CC(=O)O)C(=O)N[C@H](CCCCN)C(=O)NCCOCCOCCOCCC(=O)N[C@@H](CCCCNC(=O)CCOCCOCCOCCNC(=O)[C@H](CC(C)C)NC(=O)[C@H](CO)NC(=O)[C@@H](NC(=O)[C@@H]1CCCN1C(=O)[C@@H](N)CCCCN)C(C)C)C(N)=O,1560.0,0
B,,730.89,0.81,2.0,IC50,>,30000.0,nM,CN1C(=O)[C@@H](CS)NC(=O)[C@@H](Cc2ccc(O)cc2)NC(=O)[C@@H]2CCCN2C(=O)[C@H](Cc2ccc3ccccc3c2)NC(=O)[C@@H]1CCCNC(=N)N,30000.0,0
B,,3185.84,,,IC50,=,34.0,nM,CC(C)C[C@H](NC(=O)[C@H](CO)NC(=O)[C@@H](NC(=O)[C@@H]1CCCN1C(=O)[C@@H](N)CCCCN)C(C)C)C(=O)N[C@@H](CO)C(=O)N[C@@H](Cc1ccc(C(=O)c2ccccc2)cc1)C(=O)N[C@@H](CCCNC(=N)N)C(=O)N[C@@H](CO)C(=O)N[C@@H](C)C(=O)NCCCC[C@H](NC(=O)[C@@H]1CSSC[C@H](NC(=O)[C@H](Cc2ccc3ccccc3c2)NC(=O)[C@H](CCCNC(=N)N)NC(=O)[C@@H](N)CCCNC(=N)N)C(=O)N[C@@H](Cc2ccc(O)cc2)C(=O)N[C@@H](CCCNC(=N)N)C(=O)N[C@@H](CCCCN)C(=O)N[C@H](CCCCN)C(=O)N2CCC[C@H]2C(=O)N[C@@H](Cc2ccc(O)cc2)C(=O)N[C@@H](CCCNC(=N)N)C(=O)N[C@@H](CCCNC(=N)N)C(=O)N1)C(=O)O,34.0,1
B,,1444.69,,,IC50,=,9120.0,nM,C[C@@H](O)[C@H](NC(=O)[C@H](CCCNC(=N)N)NC(=O)[C@@H]1CCCN1C(=O)[C@H](CC(N)=O)NC(=O)[C@H](CC(N)=O)NC(=O)[C@H](CC(N)=O)NC(=O)[C@@H](NC(=O)[C@H](CCCCN)NC(=O)[C@H](CCCNC(=N)N)NC(=O)[C@H](CCCCN)NC(=O)CCCCCN)[C@@H](C)O)C(=O)N[C@@H](CS)C(=O)O,8269.0,0
F,,426.48,4.33,0.0,IC50,>,10000.0,nM,COCCN(Cc1ccc(-c2ccccc2-c2nnn[nH]2)cc1)c1nc2ccccc2o1,10000.0,0
B,,538.74,5.31,3.0,IC50,=,110.0,nM,N=C(NCCCNCCCCNCCCNC(=N)Nc1ccc2ccccc2c1)Nc1ccc2ccccc2c1,110.0,1
B,,349.39,2.12,0.0,IC50,=,70.7,nM,N=C(N)NCC/C=C1\NC(=O)N(/C=C/c2cccc3ccccc23)C1=O,70.7,1
B,,556.76,2.63,2.0,IC50,=,81.8,nM,Cc1cc(NC2CCN(CCC(=O)O)CC2)nc(NCc2cn(CCCNCCCNC3CCCCC3)nn2)n1,81.8,1
F,,497.59,3.48,0.0,IC50,>,79000.0,nM,COc1ccc(NC(=O)CN2C3CCCC2CC(NC(=O)c2cc(OC)c(OC)c(OC)c2)C3)cc1,79000.0,0
B,,818.98,1.78,2.0,IC50,>,30000.0,nM,CN1C(=O)[C@H](CCCNC(=N)N)NC(=O)[C@@H](Cc2ccc3ccccc3c2)NC(=O)[C@@H]2CCCN2C(=O)[C@H](Cc2ccc3ccccc3c2)NC(=O)[C@@H]1CCCNC(N)=O,30000.0,0
B,,839.01,1.5,2.0,IC50,>,30000.0,nM,CN1C(=O)[C@H](CCCNC(=N)N)NC(=O)[C@@H](Cc2ccc(O)cc2)NC(=O)[C@@H]2C[C@@H]3CCCC[C@@H]3N2C(=O)[C@H](Cc2ccc3ccccc3c2)NC(=O)[C@@H]1CCCNC(N)=O,30000.0,0
B,,783.94,0.14,2.0,IC50,>,30000.0,nM,CN1C(=O)[C@H](CCCNC(=N)N)NC(=O)[C@H](CCCNC(=N)N)NC(=O)[C@@H](Cc2ccc(O)cc2)NC(=O)[C@@H]2CCCN2C(=O)[C@@H]1Cc1ccc2ccccc2c1,30000.0,0
F,,338.5,2.65,0.0,IC50,=,71.0,nM,Cc1ccc(CN(CCCCN)C[C@H]2Cc3ccccc3CN2)nc1,71.0,1
B,,986.19,-1.6,3.0,IC50,=,70.0,nM,CC(=O)N[C@@H](CCCNC(=N)N)C(=O)N[C@@H](C)C(=O)N[C@@H]1CSSC(C)(C)[C@@H](C(=O)O)NC(=O)[C@H](Cc2ccccc2)NC(=O)[C@H](Cc2ccc(O)cc2)NC(=O)[C@H](CCCNC(=N)N)NC1=O,70.0,1
B,,702.77,-0.47,2.0,IC50,=,610.0,nM,N=C(N)NCCC[C@@H]1NC(=O)[C@@H](CCC(=O)O)NC(=O)[C@@H](Cc2ccc(O)cc2)NC(=O)CNC(=O)[C@H](Cc2ccc3ccccc3c2)NC1=O,610.0,0
B,,1509.85,,,IC50,=,10287.0,nM,CSCC[C@H](NC(=O)[C@@H](CO)NC(C)=O)C(=O)N[C@@H](CCCNC(=N)N)C(=O)N[C@@H](Cc1c[nH]c2ccccc12)C(=O)N[C@@H](CO)C(=O)N[C@@H](CCCNC(=N)N)C(=O)N[C@@H](CCCCN)C(=O)N[C@@H](CCSC)C(=O)N1CCC[C@H]1C(=O)N[C@@H](CS)C(=O)N[C@H](C(=O)N[C@@H](CO)C(=O)O)C(C)C,55143.5,0
B,,1989.49,,,IC50,=,36000.0,nM,C[C@H]1/C=C\[C@@H](CCCCN)NC(=O)[C@H](CCCCN)NC(=O)[C@@H](CCCN=C(N)N)NC(=O)[C@H](Cc2ccc(O)cc2)NC(=O)[C@@H](NC(=O)[C@H](CSCc2ccccc2)NC(=O)[C@H](CCCN=C(N)N)NC(=O)[C@@H](N)CCCN=C(N)N)CSSC[C@@H](C(=O)N[C@@H](CCCN=C(N)N)C(N)=O)NC(=O)C(CCCNC(N)=O)NC(=O)[C@@H](CCCN=C(N)N)NC(=O)[C@H](Cc2ccc(O)cc2)NC1=O,36000.0,0
F,,431.63,3.39,0.0,IC50,=,2.92,nM,CN(C[C@H]1Cc2c(cccc2N2CCN3CCC[C@H]3C2)CN1)[C@H]1CCCc2cccnc21,2.92,1
B,,743.87,-0.69,2.0,IC50,=,11.0,nM,C[C@H]1NC(=O)[C@@H](Cc2ccc(O)cc2)NC(=O)[C@@H](CCCNC(=N)N)NC(=O)[C@H](CCCNC(=N)N)NC(=O)[C@H](Cc2ccc3ccccc3c2)NC1=O,11.0,1
B,,408.55,2.21,0.0,IC50,=,130.0,nM,Cc1nc(CN(C)[C@H]2CCCc3cccnc32)cc(N2CCN(C3COC3)CC2)n1,130.0,1
B,,649.78,1.8,3.0,IC50,=,91.6,nM,Cc1cc(NC2CCN(C(=O)CCNCP(=O)(O)O)CC2)nc(NCc2cn(CCCNCCCNC3CCCCC3)nn2)n1,91.6,1
F,,397.53,4.51,0.0,IC50,=,949.0,nM,NC/C=C\CN(Cc1nccc2c1[nH]c1ccccc12)[C@H]1CCCc2cccnc21,949.0,0
B,,783.93,0.19,2.0,IC50,>,1000.0,nM,N=C(N)NCCC[C@@H]1NC(=O)[C@H](Cc2ccc3ccccc3c2)NC(=O)[C@@H]2CCCCN2C(=O)[C@@H](Cc2ccc(O)cc2)NC(=O)[C@H](CCCNC(=N)N)NC1=O,1000.0,0
B,,581.77,3.62,1.0,IC50,=,15.0,nM,O=C(Cn1c2ccccc2c2ccnc(CN(CCCN3CCNCC3)C3CCCc4cccnc43)c21)N1CCOCC1,15.0,1
B,,298.43,3.09,0.0,IC50,=,35.8,nM,Cc1cccnc1CN(CCCCN)[C@@H](C)c1ccccn1,35.8,1
F,,372.43,3.05,0.0,IC50,=,590.0,nM,COc1cc(NS(=O)(=O)c2cccc3nsnc23)c2ncccc2c1,590.0,0
B,,960.16,-2.59,3.0,IC50,=,2140.0,nM,CC(=O)N[C@@H](CCCNC(=N)N)C(=O)N[C@@H](C)C(=O)N[C@@H]1CSSC(C)(C)[C@@H](C(=O)O)NC(=O)[C@H](Cc2ccccc2)NC(=O)[C@H](Cc2cnc[nH]2)NC(=O)[C@H](CCCNC(=N)N)NC1=O,2140.0,0
B,,406.67,5.37,1.0,IC50,=,25.0,nM,C1=C(CS/C(=N\C2CCCCCC2)NC2CCCCCC2)N2CCN=C2S1,14.05,1
F,,430.69,5.08,1.0,IC50,=,13.0,nM,C1=C(CS/C(=N\C2CCCCC2)NC2C3CC4CC(C3)CC2C4)N2CCN=C2S1,47.0,1
F,,989.11,-3.31,3.0,IC50,=,780.0,nM,CC(=O)N[C@@H](CCCNC(=N)N)C(=O)N[C@@H](C)C(=O)N[C@H]1CCNC(=O)[C@@H](CCC(=O)O)NC(=O)[C@H](Cc2c[nH]cn2)NC(=O)[C@H](Cc2ccc3ccccc3c2)NC(=O)[C@H](CCCNC(=N)N)NC1=O,780.0,0
F,,419.62,2.77,0.0,IC50,=,1154.0,nM,c1ccc2c(c1)CN[C@H](CN(CCCN1CCNCC1)[C@H]1CCCc3cccnc31)C2,1154.0,0
B,,538.67,3.16,1.0,IC50,=,859.7,nM,FC(F)(F)c1cc(NC2CCNCC2)nc(NCc2cn(CCCNCCCNC3CCCCC3)nn2)n1,859.7,0
B,,1330.54,,,IC50,>,50000.0,nM,C[C@H](O)[C@H](NC(=O)[C@H](CC(N)=O)NC(=O)[C@H](CC(N)=O)NC(=O)[C@H](CC(N)=O)NC(=O)[C@@H]1CCCN1C(=O)[C@H](CCCNC(=N)N)NC(=O)[C@@H](NC(=O)[C@@H](CS)NC(=O)[C@H](CCCCN)NC(=O)[C@H](CCCNC(=N)N)NC(=O)[C@@H](N)CCCCN)[C@H](C)O)C(N)=O,50000.0,0
F,,354.5,2.35,0.0,IC50,>,23000.0,nM,COc1ccc(CN(CCCCN)C[C@H]2Cc3ccccc3CN2)nc1,23000.0,0
B,,741.85,-0.24,2.0,IC50,>,30000.0,nM,CN1C(=O)[C@H](CCCNC(=N)N)NC(=O)[C@@H](Cc2ccc(O)cc2)NC(=O)[C@@H]2CCCN2C(=O)[C@H](Cc2ccc3ccccc3c2)NC(=O)[C@@H]1CC(N)=O,30000.0,0
F,,359.48,3.85,0.0,IC50,=,1970.0,nM,NCCCCN(Cc1ccccn1)Cc1nccc2c1[nH]c1ccccc12,1970.0,0
F,,566.79,5.58,2.0,IC50,=,1.0,nM,c1cnc2c(c1)CCC[C@@H]2N(CCCN1CCNCC1)Cc1nccc2c3ccccc3n(CCC3CCOCC3)c12,1.0,1
B,,698.83,0.9,2.0,IC50,>,30000.0,nM,C[C@@H]1NC(=O)[C@@H](Cc2ccc(O)cc2)NC(=O)[C@@H]2CCCN2C(=O)[C@H](Cc2ccc3ccccc3c2)NC(=O)[C@H](CCCNC(=N)N)N(C)C1=O,30000.0,0
B,,457.75,4.56,0.0,IC50,=,48.0,nM,CN(C)c1cc(CNCCCNC2CCCCC2)ccc1CNCCCNC1CCCCC1,48.0,1
F,,352.53,3.21,0.0,IC50,=,1710.0,nM,Cc1ccc([C@H](C)N(CCCCN)C[C@H]2Cc3ccccc3CN2)nc1,1710.0,0
B,,1500.73,,,IC50,=,19.0,nM,CN1C(=O)[C@@H](Cc2ccc(O)cc2)NC(=O)CNC(=O)[C@H](Cc2ccc3ccccc3c2)NC(=O)[C@H](CCCNC(=N)N)NC(=O)[C@H]1CCCNC(=O)CCCC(=O)NCCC[C@@H]1C(=O)N[C@@H](CCCNC(N)=O)C(=O)N[C@@H](Cc2ccc3ccccc3c2)C(=O)NCC(=O)N[C@H](Cc2ccc(O)cc2)C(=O)N1C,19.0,1
B,,415.67,3.89,0.0,IC50,=,121.6,nM,c1cc(CNCCCNC2CCCCC2)nc(CNCCCNC2CCCCC2)c1,121.6,1
B,,970.19,-1.31,3.0,IC50,=,1530.0,nM,CC(=O)N[C@@H](CCCNC(=N)N)C(=O)N[C@@H](C)C(=O)N[C@H]1C(=O)N[C@@H](CCCNC(=N)N)C(=O)N[C@@H](Cc2ccccc2)C(=O)N[C@@H](Cc2ccccc2)C(=O)N[C@H](C(=O)O)CSSC1(C)C,1530.0,0
B,,525.75,4.5,1.0,IC50,=,8.3,nM,NCCCCN(Cc1nccc2c3ccccc3n(CCCN3CCNCC3)c12)C1CCCc2cccnc21,8.3,1
F,,438.54,6.04,1.0,IC50,=,8700.0,nM,CCCCN(c1nc2ccccc2o1)[C@H](C)c1ccc(-c2ccccc2-c2nnn[nH]2)cc1,8700.0,0
F,,522.78,6.73,2.0,IC50,=,661.0,nM,CC1(C)CCC(NCc2ccc(CN(C[C@H]3Cc4ccccc4CN3)[C@H]3CCCc4cccnc43)cc2)CC1,661.0,0
F,,458.53,5.88,1.0,IC50,=,9600.0,nM,c1ccc(CN(Cc2ccc(-c3ccccc3-c3nnn[nH]3)cc2)c2nc3ccccc3o2)cc1,9600.0,0
B,,1166.31,,,IC50,=,2000.0,nM,CC(C)C[C@@H](N)C(=O)NCC(=O)N[C@H](C)C(=O)N[C@H](CO)C(=O)N[C@H](Cc1c[nH]c2ccccc12)C(=O)N[C@H](Cc1cnc[nH]1)C(=O)N[C@H](CCCNC(=N)N)C(=O)N1CCC[C@@H]1C(=O)N[C@H](CC(=O)O)C(=O)N[C@H](CCCCN)C(=O)O,2000.0,0
B,,728.86,-0.62,2.0,IC50,=,16.0,nM,N=C(N)NCCC[C@@H]1NC(=O)[C@@H](Cc2ccc(O)cc2)NC(=O)CNC(=O)[C@H](Cc2ccc3ccccc3c2)NC(=O)[C@H](CCCNC(=N)N)NC1=N,16.0,1
F,,394.57,3.36,0.0,IC50,=,13.0,nM,Cc1nc(CN2CCC[C@H]2c2ncccc2C)cc(N2CCC(N(C)C)CC2)n1,13.0,1
B,,632.69,5.03,3.0,IC50,>,1000.0,nM,C[C@@H](NC(=O)[C@H](CCCNC(=N)N)NC(=O)c1ccc(CNC(=O)c2ccc(C(F)(F)F)cc2)cc1)c1cccc2ccccc12,1000.0,0
F,,350.56,3.81,0.0,IC50,=,493.0,nM,C1=C(CS/C(=N\C2CCCC2)NC2CCCC2)N2CCN=C2S1,2164.0,0
F,,326.44,2.8,0.0,IC50,=,129.0,nM,NCCCCN(Cc1ncccc1O)C1CCCc2cccnc21,129.0,1
F,,352.53,2.95,0.0,IC50,=,69.0,nM,Cc1cnc(CN(CCCCN)C[C@H]2Cc3ccccc3CN2)c(C)c1,69.0,1
B,,757.9,-0.34,2.0,IC50,=,4600.0,nM,C[C@@H]1C(=O)N[C@H](Cc2ccc(O)cc2)C(=O)N[C@@H](CCCNC(=N)N)C(=O)N[C@@H](CCCNC(=N)N)C(=O)N[C@@H](Cc2ccc3ccccc3c2)C(=O)N1C,4600.0,0
B,,651.74,2.04,1.0,IC50,=,1.0,nM,Br.c1cc2nc(c1)CCNCCN(Cc1ccc(CN3CCNCCc4cccc(n4)CCNCC3)cc1)CCNCC2,1.0,1
F,,456.03,3.59,0.0,IC50,>,30000.0,nM,CC(C)C[C@H]1NC(=O)C2(CCN(Cc3ccccc3)CC2)N(Cc2ccccc2)C1=O.Cl,30000.0,0
B,,1541.82,,,IC50,=,3.0,nM,CN1C(=O)[C@@H](Cc2ccc(O)cc2)NC(=O)CNC(=O)[C@H](Cc2ccc3ccccc3c2)NC(=O)[C@H](CCCNC(=N)N)NC(=O)[C@H]1CCCNC(=O)CCCCCCC(=O)NCCC[C@@H]1C(=O)N[C@@H](CCCNC(=N)N)C(=O)N[C@@H](Cc2ccc3ccccc3c2)C(=O)NCC(=O)N[C@H](Cc2ccc(O)cc2)C(=O)N1C,3.0,1
F,,299.42,2.36,0.0,IC50,=,72.0,nM,CC(c1ccccn1)N(CCCCN)Cc1ncccc1N,72.0,1
F,,392.59,3.82,0.0,IC50,=,8.0,nM,CN(C)CCCCN(C[C@H]1Cc2ccccc2CN1)[C@H]1CCCc2cccnc21,19.0,1
F,,392.47,3.36,0.0,IC50,>,33000.0,nM,NCCCCN(Cc1ccc(C(F)(F)F)cn1)C[C@H]1Cc2ccccc2CN1,33000.0,0
F,,415.59,3.8,0.0,IC50,=,17.0,nM,c1cnc2c(c1)CCC[C@@H]2N(CCCN1CCNCC1)Cc1cc2ccccc2cn1,17.0,1
F,,433.64,3.64,0.0,IC50,=,35.9,nM,CN(C)C1CCN(c2cccc3c2C[C@H](CN(C)[C@H]2CCCc4cccnc42)NC3)CC1,35.9,1
B,,1165.33,,,IC50,=,615.0,nM,CC(C)C[C@@H](N)C(=O)NCC(=O)N[C@H](C)C(=O)N[C@H](CO)C(=O)N[C@H](Cc1c[nH]c2ccccc12)C(=O)N[C@H](Cc1cnc[nH]1)C(=O)N[C@H](CCCNC(=N)N)C(=O)N1CCC[C@@H]1C(=O)N[C@H](CC(=O)O)C(=O)N[C@H](CCCCN)C(N)=O,857.5,0
B,,427.53,5.02,1.0,IC50,>,10000.0,nM,O=C(Nc1ccccc1)c1c(NC(=S)Nc2ccc(F)cc2)sc2c1CCOC2,10000.0,0
B,,808.0,-0.29,2.0,IC50,=,530.0,nM,N=C(N)NCCC(=O)N[C@H]1CSSC[C@H](C(=O)NCCc2ccc(O)cc2)NC(=O)[C@H](Cc2ccc3ccccc3c2)NC(=O)[C@H](CCCN=C(N)N)NC1=O,530.0,0
B,,297.41,2.45,0.0,IC50,>,10000.0,nM,CN(C)c1cc(CN(C)C2CCCc3cccnc32)ncn1,10000.0,0
B,,396.54,2.53,0.0,IC50,=,78.0,nM,CCOc1nc(CN(C)C2CCCc3cccnc32)cc(N2CCN(C)CC2)n1,78.0,1
F,,452.56,6.43,1.0,IC50,=,8800.0,nM,CCCCN(c1nc2ccccc2o1)C(CC)c1ccc(-c2ccccc2-c2nnn[nH]2)cc1,8800.0,0
F,,338.5,2.65,0.0,IC50,=,698.0,nM,Cc1ccnc(CN(CCCCN)C[C@H]2Cc3ccccc3CN2)c1,698.0,0
B,,769.91,-0.2,2.0,IC50,>,1000.0,nM,N=C(N)NCCC[C@@H]1NC(=O)[C@H](Cc2ccc3ccccc3c2)NC(=O)[C@@H]2CCCN2C(=O)[C@@H](Cc2ccc(O)cc2)NC(=O)[C@H](CCCNC(=N)N)NC1=O,1000.0,0
B,,786.91,0.76,2.0,IC50,>,30000.0,nM,CN1C(=O)[C@H](CCCNC(=N)N)NC(=O)[C@@H](Cc2ccccc2F)NC(=O)[C@@H]2CCCN2C(=O)[C@H](Cc2ccc3ccccc3c2)NC(=O)[C@@H]1CCCNC(N)=O,30000.0,0
B,,768.92,0.62,2.0,IC50,>,30000.0,nM,CN1C(=O)[C@H](CCCNC(=N)N)NC(=O)[C@@H](Cc2ccccc2)NC(=O)[C@@H]2CCCN2C(=O)[C@H](Cc2ccc3ccccc3c2)NC(=O)[C@@H]1CCCNC(N)=O,30000.0,0
F,,989.11,-3.31,3.0,IC50,=,960.0,nM,CC(=O)N[C@@H](CCCNC(=N)N)C(=O)N[C@@H](C)C(=O)N[C@H]1CCCNC(=O)[C@@H](CC(=O)O)NC(=O)[C@H](Cc2c[nH]cn2)NC(=O)[C@H](Cc2ccc3ccccc3c2)NC(=O)[C@H](CCCNC(=N)N)NC1=O,960.0,0
B,,238.76,2.51,0.0,IC50,=,10000.0,nM,NCC1CCN(Cc2ccccc2Cl)CC1,10000.0,0
B,,431.63,5.06,1.0,IC50,=,2.0,nM,CC(C)N1CCCC(Cn2c(CN(C)[C@H]3CCCc4cccnc43)nc3ccccc32)C1,2.0,1
B,,450.58,4.6,0.0,IC50,>,10000.0,nM,COc1ccc(NC(=S)Nc2sc3c(c2C(=O)OC(C)(C)C)CCOC3)cc1OC,10000.0,0
F,,574.71,2.76,2.0,IC50,<,20.0,nM,Nc1cc(N2CCN(CCCP(=O)(O)O)CC2)nc(NCc2ccc(CNCCCNC3CCCCC3)cc2)n1,20.0,1
B,,741.89,0.62,2.0,IC50,>,30000.0,nM,CN1C(=O)[C@H](CCCNC(=N)N)NC(=O)[C@@H](Cc2ccc(O)cc2)NC(=O)[C@@H]2CCCN2C(=O)[C@H](Cc2ccc3ccccc3c2)NC(=O)[C@@H]1CCCN,30000.0,0
B,,728.85,0.26,2.0,IC50,>,30000.0,nM,C[C@@H](O)[C@@H]1NC(=O)[C@@H](Cc2ccc(O)cc2)NC(=O)[C@@H]2CCCN2C(=O)[C@H](Cc2ccc3ccccc3c2)NC(=O)[C@H](CCCNC(=N)N)N(C)C1=O,30000.0,0
B,,783.94,0.14,2.0,IC50,>,30000.0,nM,CN1C(=O)[C@H](CCCNC(=N)N)NC(=O)[C@H](CCCNC(=N)N)NC(=O)[C@@H](Cc2ccc(O)cc2)NC(=O)[C@@H]2CCCN2C(=O)[C@H]1Cc1ccc2ccccc2c1,30000.0,0
B,,3126.73,,,IC50,=,109.0,nM,CC(C)C[C@H](NC(=O)[C@H](CO)NC(=O)[C@@H](NC(=O)[C@@H]1CCCN1C(=O)[C@@H](N)CCCCN)C(C)C)C(=O)N[C@@H](CO)C(=O)N[C@@H](Cc1ccc([N+](=O)[O-])cc1)C(=O)N[C@@H](CCCNC(=N)N)C(=O)N[C@@H](CO)C(=O)N[C@@H](C)C(=O)NCCCC[C@H](NC(=O)[C@@H]1CSSC[C@H](NC(=O)[C@H](Cc2ccc3ccccc3c2)NC(=O)[C@H](CCCNC(=N)N)NC(=O)[C@@H](N)CCCNC(=N)N)C(=O)N[C@@H](Cc2ccc(O)cc2)C(=O)N[C@@H](CCCNC(=N)N)C(=O)N[C@@H](CCCCN)C(=O)N[C@H](CCCCN)C(=O)N2CCC[C@H]2C(=O)N[C@@H](Cc2ccc(O)cc2)C(=O)N[C@@H](CCCNC(=N)N)C(=O)N[C@@H](CCCNC(=N)N)C(=O)N1)C(=O)O,109.0,1
B,,2000.3,,,IC50,=,98.0,nM,CN1C(=O)[C@@H](Cc2ccc(O)cc2)NC(=O)CNC(=O)[C@H](Cc2ccc3ccccc3c2)NC(=O)[C@H](CCCNC(=N)N)NC(=O)[C@H]1CCCNC(=O)C[C@H](NC(=O)CCCCCNC(=O)CN1CCN(CC(=O)O)CCN(CC(=O)O)CCN(CC(=O)O)CC1)C(=O)NCCC[C@@H]1C(=O)N[C@@H](CCCNC(=N)N)C(=O)N[C@@H](Cc2ccc3ccccc3c2)C(=O)NCC(=O)N[C@H](Cc2ccc(O)cc2)C(=O)N1C,98.0,1
F,,1003.14,,,IC50,=,1710.0,nM,CC(=O)N[C@@H](CCCNC(=N)N)C(=O)N[C@@H](C)C(=O)N[C@H]1CCCCNC(=O)[C@@H](CC(=O)O)NC(=O)[C@H](Cc2c[nH]cn2)NC(=O)[C@H](Cc2ccc3ccccc3c2)NC(=O)[C@H](CCCNC(=N)N)NC1=O,1710.0,0
B,,410.57,2.92,0.0,IC50,=,151.0,nM,CC(C)Oc1nc(CN(C)C2CCCc3cccnc32)cc(N2CCN(C)CC2)n1,151.0,1
B,,459.68,4.4,0.0,IC50,=,147.3,nM,O=[N+]([O-])c1cc(CNCCCNC2CCCCC2)cc(CNCCCNC2CCCCC2)c1,147.3,1
F,,466.68,2.82,0.0,IC50,<,20.0,nM,CN1CCN(c2cc(N)nc(NCc3ccc(CNCCCNC4CCCCC4)cc3)n2)CC1,20.0,1
F,,399.54,4.73,0.0,IC50,=,1180.0,nM,NCCCCN(Cc1cc2c(cn1)[nH]c1ccccc12)[C@@H]1CCCc2cccnc21,1180.0,0
B,,388.61,3.99,0.0,IC50,=,10000.0,nM,c1ccc(CN/C(=N/C2CCCCC2)SCC2CSC3=NCCN32)cc1,6110.0,0
B,,2399.82,,,IC50,=,737.0,nM,CC(C)C[C@@H](N)C(=O)NCC(=O)N[C@H](C)C(=O)N[C@H](CO)C(=O)N[C@H](Cc1c[nH]c2ccccc12)C(=O)N[C@H](Cc1cnc[nH]1)C(=O)N[C@H](CCCNC(=N)N)C(=O)N1CCC[C@@H]1C(=O)N[C@H](CC(=O)O)C(=O)N[C@H](CCCCN)C(=O)NCCOCCOCCOCCC(=O)N[C@@H](CCCCNC(=O)CCOCCOCCOCCOCCOCCNC(=O)[C@H](CO)NC(=O)[C@H](CC(C)C)NC(=O)[C@H](CO)NC(=O)[C@@H](NC(=O)[C@@H]1CCCN1C(=O)[C@@H](N)CCCCN)C(C)C)C(N)=O,737.0,0
B,,349.48,3.29,0.0,IC50,=,47.0,nM,CN(Cc1nc2ccccc2n1CCCN)C1CCCc2cccnc21,47.0,1
B,,543.74,4.83,1.0,IC50,=,11.0,nM,Cc1ccsc1CN1CCC2(CC1)CCN(Cc1ccc(C(=O)N(Cc3ncc[nH]3)Cc3ncc[nH]3)cc1)C2,11.0,1
F,,447.67,3.6,0.0,IC50,=,63.4,nM,c1ccc2c(c1)CN[C@@H](CN(CCCCNC1CCNCC1)[C@H]1CCCc3cccnc31)C2,63.4,1
F,,544.75,5.81,2.0,IC50,=,152.0,nM,c1ccc(Cn2c3ccccc3c3ccnc(CN(CCCN4CCNCC4)[C@H]4CCCc5cccnc54)c32)cc1,152.0,1
F,,454.57,4.04,0.0,IC50,=,57450.0,nM,COc1ccc(CN2C3CCCC2CC(NC(=O)c2cc(OC)c(OC)c(OC)c2)C3)cc1,57450.0,0
F,,641.82,5.45,2.0,IC50,=,44.0,nM,O=C1c2ccccc2C(=O)N1CCCn1c2ccccc2c2ccnc(CN(CCCN3CCNCC3)[C@H]3CCCc4cccnc43)c21,44.0,1
B,,942.14,-2.09,3.0,IC50,>,10000.0,nM,CC(=O)N[C@H](CCCNC(=N)N)C(=O)N[C@@H](C)C(=O)N[C@H]1CSSC[C@@H](C(=O)O)NC(=O)[C@H](Cc2ccccc2)NC(=O)[C@H](Cc2ccccc2)NC(=O)[C@H](CCCNC(=N)N)NC1=O,10000.0,0
F,,566.75,4.84,1.0,IC50,=,2150.0,nM,N[C@H]1CC[C@H](CN(Cc2nccc3c4ccccc4n(CC(=O)N4CCOCC4)c23)[C@H]2CCCc3cccnc32)CC1,2150.0,0
F,,390.58,3.75,0.0,IC50,=,1800.0,nM,N[C@H]1CC[C@@H](N(C[C@H]2Cc3ccccc3CN2)[C@H]2CCCc3cccnc32)CC1,1800.0,0
F,,325.46,2.68,0.0,IC50,=,49.0,nM,NCCCCN(Cc1cccc(N)n1)C1CCCc2cccnc21,49.0,1
B,,366.51,2.58,0.0,IC50,=,2391.0,nM,Cc1cccc([C@@H]2CCCN2Cc2cc(N3CCN(C)CC3)nc(C)n2)n1,2391.0,0
F,,455.65,4.44,0.0,IC50,=,22.7,nM,c1ccc2c(c1)CN[C@@H](CN(CCCCNCc1ccncc1)[C@H]1CCCc3cccnc31)C2,22.7,1
B,,578.81,4.11,1.0,IC50,=,4.5,nM,c1ccc(CN(Cc2ccc(-c3ncccc3CN3CCCNCCNCCCNCC3)cc2)Cc2ccccn2)nc1,4.5,1
B,,581.72,6.58,2.0,IC50,>,1000.0,nM,C=CCN(C(=O)OCc1ccc([N+](=O)[O-])cc1)C1CCN(CCC(C)(Cn2cnc3ccccc32)c2ccccc2)CC1,1000.0,0
F,,485.63,4.77,0.0,IC50,=,15.0,nM,CCOC(=O)Cn1c2ccccc2c2ccnc(CN(CCCCN)[C@H]3CCCc4cccnc43)c21,15.0,1
F,,508.71,5.17,2.0,IC50,=,14.0,nM,c1cnc2c(c1)CCC[C@@H]2N(CCCN1CCNCC1)Cc1nccc2c3ccccc3n(CC3CC3)c12,14.0,1
B,,756.86,0.74,2.0,IC50,>,30000.0,nM,CN1C(=O)[C@H](CCC(=O)O)NC(=O)[C@@H](Cc2ccc(O)cc2)NC(=O)[C@@H]2CCCN2C(=O)[C@H](Cc2ccc3ccccc3c2)NC(=O)[C@@H]1CCCNC(=N)N,30000.0,0
F,,478.12,4.41,0.0,IC50,>,10000.0,nM,CCCN1C(=O)[C@@H](CC(C)C)NC(=O)C12CCN(CCCCCCc1ccccc1)CC2.Cl,10000.0,0
B,,342.91,4.65,0.0,IC50,=,1000.0,nM,Cc1ccc(CNCC2CCN(Cc3ccccc3Cl)CC2)cc1,1000.0,0
B,,364.54,3.93,0.0,IC50,>,30000.0,nM,NCCCCN(C[C@@H]1CCc2ccccc2N1)[C@H]1CCCc2cccnc21,30000.0,0
B,,755.88,0.15,2.0,IC50,>,30000.0,nM,CN1C(=O)[C@H](CCCNC(=N)N)NC(=O)[C@@H](Cc2ccc(O)cc2)NC(=O)[C@@H]2CCCN2C(=O)[C@H](Cc2ccc3ccccc3c2)NC(=O)[C@@H]1CCC(N)=O,30000.0,0
F,,376.55,3.07,0.0,IC50,=,13.0,nM,NCC1CC1CN(C[C@H]1Cc2ccccc2CN1)[C@H]1CCCc2cccnc21,9.7,1
B,,559.07,4.73,1.0,IC50,=,7940.0,nM,COC(=O)[C@@H]1[C@H]2C[C@@H](c3[nH]c4ccccc4c3CCn3cc(-c4cccc(Cl)c4)nn3)N(C#N)C[C@@H]2CC[C@@H]1O,7940.0,0
F,,462.68,4.27,0.0,IC50,=,52.9,nM,c1ccc2c(c1)CN[C@@H](CN(CCCCNCC1CCOCC1)[C@H]1CCCc3cccnc31)C2,52.9,1
B,,498.72,2.7,0.0,IC50,=,46.8,nM,CCc1cc(NC2CCNCC2)nc(NCc2cn(CCCNCCCNC3CCCCC3)nn2)n1,46.8,1
F,,356.49,2.78,0.0,IC50,=,127.0,nM,Cc1cc(F)cnc1CN(CCCCN)C[C@H]1Cc2ccccc2CN1,127.0,1
F,,342.46,2.48,0.0,IC50,=,2116.0,nM,NCCCCN(Cc1ncccc1F)C[C@H]1Cc2ccccc2CN1,2116.0,0
B,,392.52,5.31,1.0,IC50,=,12000.0,nM,CCOC(=O)c1c(NC(=S)Nc2ccccc2F)sc2c1C(C)CCC2,12000.0,0
F,,392.59,3.85,0.0,IC50,>,33300.0,nM,CC(C)(CCN)CN(C[C@H]1Cc2ccccc2CN1)[C@H]1CCCc2cccnc21,33300.0,0
B,,404.56,5.18,1.0,IC50,=,8900.0,nM,CCOC(=O)c1c(NC(=S)Nc2cccc(OC)c2)sc2c1C(C)CCC2,8900.0,0
B,,458.53,6.07,1.0,IC50,=,12700.0,nM,CCOC(=O)c1c(NC(=S)Nc2ccc(OC(F)(F)F)cc2)sc2c1C(C)CCC2,12700.0,0
F,,393.58,2.98,0.0,IC50,=,130.0,nM,NCCCCN(CC1CN(c2ccccc2)CCN1)[C@H]1CCCc2cccnc21,130.0,1
B,,539.73,3.98,1.0,IC50,=,11.0,nM,CN1CCN(C(=O)Cn2c3ccccc3c3ccnc(CN(CCCCN)C4CCCc5cccnc54)c32)CC1,11.0,1
F,,534.71,4.02,1.0,IC50,<,4.0,nM,c1ccc(CNCCN(CCNCc2ccccn2)Cc2ccc(CNCc3nc4ccccc4[nH]3)cc2)nc1,4.0,1
B,,388.56,5.56,1.0,IC50,=,9300.0,nM,CC(C)OC(=O)c1c(NC(=S)Nc2ccccc2)sc2c1C(C)CCC2,9300.0,0
B,,518.19,5.33,1.0,IC50,>,10000.0,nM,CCCN1C(=O)[C@@H](CC2CCCCC2)NC(=O)C12CCN(CCCCCCc1ccccc1)CC2.Cl,10000.0,0
B,,534.62,4.81,2.0,IC50,=,4800.0,nM,N=C(N)NCCCn1c(C(=O)Nc2cccc3ccccc23)cc2cc(NC(=O)Cc3ccc(O)cc3)ccc21,4800.0,0
B,,687.85,-1.66,2.0,IC50,=,690.0,nM,N=C(N)NCCC[C@H]1NC(=O)[C@H](NC(=O)CCNC(=N)N)CSSC[C@@H](C(N)=O)NC(=O)[C@@H](Cc2ccc3ccccc3c2)NC1=O,690.0,0
F,,470.62,5.04,1.0,IC50,=,38.0,nM,CN(C)C(=O)NCCCCN(Cc1nccc2c1[nH]c1ccccc12)C1CCCc2cccnc21,38.0,1
B,,512.66,3.84,1.0,IC50,=,26.0,nM,O=C(O)Cn1c2ccccc2c2ccnc(CN(CCCN3CCNCC3)C3CCCc4cccnc43)c21,26.0,1
B,,380.54,2.83,0.0,IC50,=,8.3,nM,Cc1nc(CN(C)[C@H]2CCCc3cccnc32)cc(N2CCN(C)[C@H](C)C2)n1,8.3,1
B,,512.75,3.26,1.0,IC50,=,61.1,nM,CC(C)c1cc(NC2CCNCC2)nc(NCc2cn(CCCNCCCNC3CCCCC3)nn2)n1,61.1,1
B,,1569.88,,,IC50,=,2.0,nM,CN1C(=O)[C@@H](Cc2ccc(O)cc2)NC(=O)CNC(=O)[C@H](Cc2ccc3ccccc3c2)NC(=O)[C@H](CCCNC(=N)N)NC(=O)[C@H]1CCCNC(=O)CCCCCCCCC(=O)NCCC[C@@H]1C(=O)N[C@@H](CCCNC(=N)N)C(=O)N[C@@H](Cc2ccc3ccccc3c2)C(=O)NCC(=O)N[C@H](Cc2ccc(O)cc2)C(=O)N1C,2.0,1
B,,300.49,4.53,0.0,IC50,>,10000.0,nM,c1cc(CNC2CCCCC2)ccc1CNC1CCCCC1,10000.0,0
B,,769.91,-0.2,2.0,IC50,>,30000.0,nM,N=C(N)NCCC[C@@H]1NC(=O)[C@H](CCCNC(=N)N)NC(=O)[C@@H](Cc2ccc(O)cc2)NC(=O)[C@@H]2CCCN2C(=O)[C@@H](Cc2ccc3ccccc3c2)NC1=O,30000.0,0
B,,555.78,2.03,2.0,IC50,=,25.6,nM,Cc1cc(NC2CCN(CCC(N)=O)CC2)nc(NCc2cn(CCCNCCCNC3CCCCC3)nn2)n1,25.6,1
B,,1509.85,,,IC50,=,40539.0,nM,CSCC[C@H](NC(=O)[C@H](CO)NC(C)=O)C(=O)N[C@@H](CCCNC(=N)N)C(=O)N[C@@H](Cc1c[nH]c2ccccc12)C(=O)N[C@@H](CO)C(=O)N[C@@H](CCCNC(=N)N)C(=O)N[C@@H](CCCCN)C(=O)N[C@@H](CCSC)C(=O)N1CCC[C@H]1C(=O)N[C@@H](CS)C(=O)N[C@H](C(=O)N[C@@H](CO)C(=O)O)C(C)C,70269.5,0
F,,510.75,3.67,1.0,IC50,=,17.0,nM,O=S1(=O)CCC(CNCCCCN(C[C@H]2Cc3ccccc3CN2)[C@H]2CCCc3cccnc32)CC1,17.0,1
F,,481.59,3.77,0.0,IC50,>,79000.0,nM,COc1cc(C(=O)NC2CC3CCCC(C2)N3CC(=O)Nc2ccc(C)cc2)cc(OC)c1OC,79000.0,0
F,,394.54,3.68,0.0,IC50,=,44.0,nM,C/C(CN)=C(/F)CN(C[C@H]1Cc2ccccc2CN1)[C@H]1CCCc2cccnc21,44.0,1
F,,378.56,3.52,0.0,IC50,=,11.0,nM,Cc1cnc2c(c1)CCC[C@@H]2N(CCCCN)C[C@H]1Cc2ccccc2CN1,11.0,1
B,,658.76,-0.18,2.0,IC50,=,42.0,nM,C[C@H]1C(=O)N[C@@H](CCCN=C(N)N)C(=O)N[C@@H](Cc2ccc3ccccc3c2)C(=O)NCC(=O)N[C@H](Cc2ccc(O)cc2)C(=O)N1C,42.0,1
F,,459.68,3.65,0.0,IC50,=,50.0,nM,c1ccc2c(c1)CN[C@@H](CN(CCCN1CCN(C3CC3)CC1)[C@H]1CCCc3cccnc31)C2,50.0,1
B,,1018.2,,,IC50,=,21.0,nM,CC(=O)N[C@@H](CCCNC(=N)N)C(=O)N[C@@H](C)C(=O)N[C@H]1CNC(=O)[C@@H](CCCCNC(N)N)NC(=O)[C@H](Cc2c[nH]cn2)NC(=O)[C@H](Cc2ccc3ccccc3c2)NC(=O)[C@H](CCCNC(=N)N)NC1=O,22.0,1
F,,526.69,4.06,1.0,IC50,=,12.0,nM,NCCCCN(Cc1nccc2c3ccccc3n(CC(=O)N3CCOCC3)c12)[C@H]1CCCc2cccnc21,45.5,1
B,,526.78,3.57,1.0,IC50,=,47.8,nM,CCCN1CCC(Nc2cc(C)nc(NCc3cn(CCCNCCCNC4CCCCC4)nn3)n2)CC1,47.8,1
F,,390.58,3.48,0.0,IC50,=,65.0,nM,c1ccc2c(c1)CN[C@@H](CN(CC1CCNCC1)[C@H]1CCCc3cccnc31)C2,65.0,1
F,,419.62,3.3,0.0,IC50,=,32.2,nM,CCCN(C[C@H]1Cc2c(cccc2N2CCNCC2)CN1)[C@H]1CCCc2cccnc21,32.2,1
F,,473.71,4.47,0.0,IC50,=,715.0,nM,c1cnc2c(c1)CCC[C@@H]2N(CC1CCCCC1)C[C@H]1Cc2c(cccc2N2CCNCC2)CN1,715.0,0
B,,663.78,-1.53,2.0,IC50,=,10000.0,nM,N=C(N)NCCC(=O)N[C@H]1C/C=C\CC[C@H](C(N)=O)NC(=O)[C@H](Cc2ccc3ccccc3c2)NC(=O)[C@H](CCCN=C(N)N)NC1=O,10000.0,0
F,,419.62,3.79,0.0,IC50,=,755.0,nM,CN(C[C@H]1Cc2c(cccc2N[C@H]2CC[C@H](N)CC2)CN1)[C@H]1CCCc2cccnc21,755.0,0
B,,522.69,6.5,2.0,IC50,>,1000.0,nM,C=CCN(C(=O)OCc1ccccc1)C1CCN(CCC(Cn2cnc3ccccc32)c2ccccc2)CC1,1000.0,0
B,,518.14,4.68,0.0,IC50,>,10000.0,nM,C=CCOc1ccc(CN2CCC3(CC2)C(=O)NC(CC2CCCCC2)C(=O)N3CCCC)cc1.Cl,10000.0,0
B,,277.37,0.75,0.0,IC50,=,35.7,nM,c1cc(CN2CCOCC2)nc(CN2CCOCC2)c1,35.7,1
B,,320.4,3.03,0.0,IC50,=,13900.0,nM,Nc1nc2ccccc2n1CCCCn1c(N)nc2ccccc21,13900.0,0
F,,525.7,3.63,1.0,IC50,=,30.0,nM,NCCCn1c2ccccc2c2ccnc(CN(CCCN3CCNC(=O)C3)[C@H]3CCCc4cccnc43)c21,30.0,1
F,,424.51,5.48,1.0,IC50,=,9700.0,nM,CCCCN(Cc1ccc(-c2ccccc2-c2nnn[nH]2)cc1)c1nc2ccccc2o1,9700.0,0
B,,783.94,0.14,2.0,IC50,>,30000.0,nM,CN1C(=O)[C@H](CCCNC(=N)N)NC(=O)[C@@H](Cc2ccc(O)cc2)NC(=O)[C@@H]2CCCN2C(=O)[C@H](Cc2ccc3ccccc3c2)NC(=O)[C@@H]1CCCNC(=N)N,30000.0,0
F,,366.51,2.05,0.0,IC50,=,4316.0,nM,c1cnc(CN(CCCN2CCNCC2)[C@H]2CCCc3cccnc32)nc1,4316.0,0
B,,334.94,4.72,0.0,IC50,=,3162.28,nM,Clc1ccccc1CN1CCC(CNCC2CCCCC2)CC1,3162.28,0
B,,488.64,5.72,1.0,IC50,=,120.0,nM,c1ccc(CNCc2ccc(CN(Cc3nc4ccccc4[nH]3)[C@H]3CCCc4cccnc43)cc2)nc1,120.0,1
F,,1017.16,,,IC50,>,10000.0,nM,CC(=O)N[C@@H](CCCNC(=N)N)C(=O)N[C@@H](C)C(=O)N[C@H]1CCCCNC(=O)[C@@H](CCC(=O)O)NC(=O)[C@H](Cc2c[nH]cn2)NC(=O)[C@H](Cc2ccc3ccccc3c2)NC(=O)[C@H](CCCNC(=N)N)NC1=O,10000.0,0
B,,352.52,4.26,0.0,IC50,=,794.33,nM,CCc1cccc(CNCC2CCN(Cc3ccccc3OC)CC2)c1,794.33,0
B,,758.95,1.63,2.0,IC50,>,30000.0,nM,CSCC[C@@H]1NC(=O)[C@@H](Cc2ccc(O)cc2)NC(=O)[C@@H]2CCCN2C(=O)[C@H](Cc2ccc3ccccc3c2)NC(=O)[C@H](CCCNC(=N)N)N(C)C1=O,30000.0,0
B,,359.52,4.36,0.0,IC50,>,10000.0,nM,CNC(=O)c1c(NC(=S)Nc2ccccc2)sc2c1C(C)CCC2,10000.0,0
B,,397.78,5.65,1.0,IC50,=,2511.89,nM,Clc1ccccc1CN1CCC(CNCc2cccc(Cl)c2Cl)CC1,2511.89,0
B,,1855.13,,,IC50,>,1000.0,nM,CC(C)C[C@@H](N)C(=O)NCC(=O)N[C@H](C)C(=O)N[C@H](CO)C(=O)N[C@H](Cc1c[nH]c2ccccc12)C(=O)N[C@H](Cc1cnc[nH]1)C(=O)NCCOCCOCCOCCC(=O)NCCCC[C@H](NC(=O)CCOCCOCCOCCNC(=O)[C@@H](Cc1cnc[nH]1)NC(=O)[C@@H](Cc1c[nH]c2ccccc12)NC(=O)[C@@H](CO)NC(=O)[C@@H](C)NC(=O)CNC(=O)[C@H](N)CC(C)C)C(N)=O,1000.0,0
B,,341.46,2.12,0.0,IC50,>,10000.0,nM,Cc1nc(CN(C)[C@H]2CCCc3cccnc32)cc(N(C)CCO)n1,10000.0,0
B,,783.93,0.19,2.0,IC50,=,640.0,nM,N=C(N)NCCC[C@@H]1NC(=O)[C@H](Cc2ccc3ccccc3c2)NC(=O)[C@@H]2CCCCN2C(=O)[C@@H](Cc2ccc(O)cc2)NC(=O)[C@@H](CCCNC(=N)N)NC1=O,640.0,0
B,,290.37,3.7,0.0,IC50,=,0.3,nM,c1ccc(NCc2ccc(CNc3ccccn3)cc2)nc1,1.05,1
B,,234.34,1.87,0.0,IC50,>,10000.0,nM,COc1ccccc1CN1CCC(CN)CC1,10000.0,0
B,,374.53,5.17,1.0,IC50,>,10000.0,nM,CCOC(=O)c1c(NC(=S)Nc2ccccc2)sc2c1C(C)CCC2,10000.0,0
F,,461.7,3.89,0.0,IC50,=,62.0,nM,CC(C)N1CCN(CCCN(C[C@H]2Cc3ccccc3CN2)[C@H]2CCCc3cccnc32)CC1,62.0,1
B,,318.85,3.06,0.0,IC50,=,1000.0,nM,Clc1ccccc1CN1CCC(CNCc2c[nH]cn2)CC1,1000.0,0
F,,324.47,3.4,0.0,IC50,=,35.0,nM,Cc1ccc(CN(CCCCN)C2CCCc3cccnc32)nc1,35.0,1
B,,481.65,5.33,2.0,IC50,=,62.0,nM,N=C(NCCCCNCCCNC(=N)Nc1ccc2ccccc2c1)Nc1ccc2ccccc2c1,62.0,1
F,,404.6,3.87,0.0,IC50,=,16.0,nM,c1ccc2c(c1)CN[C@@H](CN(CC[C@H]1CCCNC1)[C@H]1CCCc3cccnc31)C2,16.0,1
B,,865.0,1.11,2.0,IC50,>,30000.0,nM,CN1C(=O)[C@H](CCCNC(=N)N)NC(=O)[C@@H](Cc2ccc(O)cc2)NC(=O)[C@H](Cc2ccc(O)cc2)N(C)C(=O)[C@H](Cc2ccc3ccccc3c2)NC(=O)[C@@H]1CCCNC(N)=O,30000.0,0
F,,525.75,4.5,1.0,IC50,=,16.0,nM,NCCCCN(Cc1nccc2c3ccccc3n(CCCN3CCNCC3)c12)[C@H]1CCCc2cccnc21,15.5,1
F,,499.66,5.44,1.0,IC50,=,9585.0,nM,CC(C)(C)OC(=O)[C@@H](N)CCCN(Cc1nccc2c1[nH]c1ccccc12)[C@H]1CCCc2cccnc21,9585.0,0
B,,942.14,-2.09,3.0,IC50,>,10000.0,nM,CC(=O)N[C@@H](CCCNC(=N)N)C(=O)N[C@@H](C)C(=O)N[C@H]1CSSC[C@@H](C(=O)O)NC(=O)[C@@H](Cc2ccccc2)NC(=O)[C@H](Cc2ccccc2)NC(=O)[C@H](CCCNC(=N)N)NC1=O,10000.0,0
B,,352.49,2.13,0.0,IC50,>,10000.0,nM,CN1CCN(c2nccc(CN(C)C3CCCc4cccnc43)n2)CC1,10000.0,0
F,,455.56,4.28,0.0,IC50,=,39.0,nM,COC(=O)c1ccc(CN(Cc2nc3ccccc3[nH]2)C2CCCc3cccnc32)c(CN)c1,39.0,1
B,,925.1,3.07,2.0,IC50,>,30000.0,nM,CN1C(=O)[C@H](CCCNC(=N)N)NC(=O)[C@@H](Cc2ccc(O)cc2)NC(=O)[C@H](Cc2ccc(-c3ccccc3)cc2)N(C)C(=O)[C@H](Cc2ccc3ccccc3c2)NC(=O)[C@@H]1CCCNC(N)=O,30000.0,0
B,,555.76,4.61,1.0,IC50,>,50000.0,nM,CCCC[C@H]1CN(CC2CCOCC2)C(=O)OC12CCN(C1(C)CCN(C(=O)c3c(C)ncnc3C)CC1)CC2,50000.0,0
B,,406.67,5.37,1.0,IC50,=,28.0,nM,C1=C(CS/C(=N\C2CCCCC2)NC2CCCCCCC2)N2CCN=C2S1,18.0,1
F,,438.54,5.87,1.0,IC50,=,5600.0,nM,CCCCCN(Cc1ccc(-c2ccccc2-c2nnn[nH]2)cc1)c1nc2ccccc2o1,5600.0,0
B,,1413.7,,,IC50,>,50000.0,nM,C[C@H](NC(=O)[C@H](CCCNC(=N)N)NC(=O)CNC(=O)[C@@H]1CCCN1C(=O)CNC(=O)[C@H](CCCNC(=N)N)NC(=O)[C@H](CCC(N)=O)NC(=O)[C@H](CCCCN)NC(=O)[C@H](CCCNC(=N)N)NC(=O)[C@H](CCCCN)NCCCCCC(=O)O)C(=O)N[C@@H](Cc1ccccc1)C(N)=O,50000.0,0
B,,429.7,4.07,0.0,IC50,=,68.9,nM,Nc1cc(CNCCCNC2CCCCC2)ccc1CNCCCNC1CCCCC1,68.9,1
F,,975.08,-3.7,3.0,IC50,>,10000.0,nM,CC(=O)N[C@@H](CCCNC(=N)N)C(=O)N[C@@H](C)C(=O)N[C@@H]1CNC(=O)[C@H](CCC(=O)O)NC(=O)[C@H](Cc2c[nH]cn2)NC(=O)[C@H](Cc2ccc3ccccc3c2)NC(=O)[C@H](CCCNC(=N)N)NC1=O,10000.0,0
B,,1513.77,,,IC50,=,4.0,nM,CN1C(=O)[C@@H](Cc2ccc(O)cc2)NC(=O)CNC(=O)[C@H](Cc2ccc3ccccc3c2)NC(=O)[C@H](CCCNC(=N)N)NC(=O)[C@H]1CCCNC(=O)CCCCC(=O)NCCC[C@@H]1C(=O)N[C@@H](CCCNC(=N)N)C(=O)N[C@@H](Cc2ccc3ccccc3c2)C(=O)NCC(=O)N[C@H](Cc2ccc(O)cc2)C(=O)N1C,4.0,1
B,,769.91,-0.2,2.0,IC50,>,1000.0,nM,N=C(N)NCCC[C@@H]1NC(=O)[C@H](Cc2ccc3ccccc3c2)NC(=O)[C@@H]2CCCN2C(=O)[C@@H](Cc2ccc(O)cc2)NC(=O)[C@@H](CCCNC(=N)N)NC1=O,1000.0,0
F,,338.5,2.65,0.0,IC50,=,2902.0,nM,Cc1cccc(CN(CCCCN)C[C@H]2Cc3ccccc3CN2)n1,2902.0,0
B,,409.58,2.24,0.0,IC50,=,18.0,nM,CN1CCN(c2cc(CN(CCCCN)C3CCCc4cccnc43)ncn2)CC1,18.0,1
B,,373.46,4.09,0.0,IC50,=,44.5,nM,NCc1cocc1N(Cc1nc2ccccc2[nH]1)[C@H]1CCCc2cccnc21,44.5,1
B,,570.7,2.51,2.0,IC50,=,3000.0,nM,N=C(N)NCCCn1c(C(=O)NCCc2c[nH]c3ccccc23)cc2cc(NC(=O)C3CCN(C(=N)N)CC3)ccc21,3000.0,0
F,,451.14,4.39,0.0,IC50,=,1100.0,nM,C[C@H]1CCCCN1CCCNCc1ccc(CNCCCN2CCCC[C@@H]2C)cc1.Cl,1100.0,0
F,,1003.14,,,IC50,>,10000.0,nM,CC(=O)N[C@@H](CCCNC(=N)N)C(=O)N[C@@H](C)C(=O)N[C@H]1CCCNC(=O)[C@@H](CCC(=O)O)NC(=O)[C@H](Cc2c[nH]cn2)NC(=O)[C@H](Cc2ccc3ccccc3c2)NC(=O)[C@H](CCCNC(=N)N)NC1=O,10000.0,0
F,,431.63,3.39,0.0,IC50,=,23.5,nM,CN(C[C@H]1Cc2c(cccc2N2CCN(C3CC3)CC2)CN1)[C@H]1CCCc2cccnc21,23.5,1
B,,380.54,2.83,0.0,IC50,=,14.0,nM,Cc1nc(CN(C)[C@H]2CCCc3cccnc32)cc(N2CCN(C)[C@@H](C)C2)n1,14.0,1
B,,456.59,3.69,0.0,IC50,=,5.8,nM,NCCCCN(Cc1nccc2c3ccccc3n(CC(N)=O)c12)C1CCCc2cccnc21,5.8,1
B,,325.46,2.68,0.0,IC50,=,10.9,nM,NCCCCN(Cc1ncccc1N)[C@H]1CCCc2cccnc21,10.9,1
B,,2734.08,,,IC50,>,1000.0,nM,CC(C)C[C@@H](N)C(=O)NCC(=O)N[C@H](C)C(=O)N[C@H](CO)C(=O)N[C@H](Cc1c[nH]c2ccccc12)C(=O)N[C@H](Cc1cnc[nH]1)C(=O)N[C@H](CCCNC(=N)N)C(=O)N1CCC[C@@H]1C(=O)N[C@H](CC(=O)O)C(=O)N[C@H](C)C(=O)NCCOCCOCCOCCC(=O)NCCCC[C@H](NC(=O)CCOCCOCCOCCNC(=O)[C@@H](C)NC(=O)[C@@H](CC(=O)O)NC(=O)[C@H]1CCCN1C(=O)[C@@H](CCCNC(=N)N)NC(=O)[C@@H](Cc1cnc[nH]1)NC(=O)[C@@H](Cc1c[nH]c2ccccc12)NC(=O)[C@@H](CO)NC(=O)[C@@H](C)NC(=O)CNC(=O)[C@H](N)CC(C)C)C(N)=O,1000.0,0
B,,698.83,0.16,2.0,IC50,>,1000.0,nM,N=C(N)NCCC[C@H]1NC(=O)[C@@H](CCCN=C(N)N)NC(=O)[C@H](Cc2ccc(O)cc2)NC(=O)/C=C\[C@@H](Cc2ccc3ccccc3c2)NC1=O,1000.0,0
B,,627.84,2.14,3.0,IC50,=,72.2,nM,Cc1cc(NC2CCN(C(=O)CCNCCC(=O)O)CC2)nc(NCc2cn(CCCNCCCNC3CCCCC3)nn2)n1,72.2,1
B,,2848.27,,,IC50,=,22.0,nM,CC(C)C[C@@H](N)C(=O)NCC(=O)N[C@H](C)C(=O)N[C@H](CO)C(=O)N[C@H](Cc1c[nH]c2ccccc12)C(=O)N[C@H](Cc1cnc[nH]1)C(=O)N[C@H](CCCNC(=N)N)C(=O)N1CCC[C@@H]1C(=O)N[C@H](CC(=O)O)C(=O)N[C@H](CCCCN)C(=O)NCCOCCOCCOCCC(=O)NCCCC[C@H](NC(=O)CCOCCOCCOCCNC(=O)[C@@H](CCCCN)NC(=O)[C@@H](CC(=O)O)NC(=O)[C@H]1CCCN1C(=O)[C@@H](CCCNC(=N)N)NC(=O)[C@@H](Cc1cnc[nH]1)NC(=O)[C@@H](Cc1c[nH]c2ccccc12)NC(=O)[C@@H](CO)NC(=O)[C@@H](C)NC(=O)CNC(=O)[C@H](N)CC(C)C)C(N)=O,22.0,1
B,,905.09,2.62,2.0,IC50,>,30000.0,nM,CN1C(=O)[C@H](CCCNC(=N)N)NC(=O)[C@@H](Cc2ccc(O)cc2)NC(=O)[C@H](Cc2csc3ccccc23)N(C)C(=O)[C@H](Cc2ccc3ccccc3c2)NC(=O)[C@@H]1CCCNC(N)=O,30000.0,0
B,,846.99,1.29,2.0,IC50,>,30000.0,nM,CN1C(=O)[C@H](CCCNC(=N)N)NC(=O)[C@@H](Cc2ccc(O)cc2)NC(=O)[C@@H]2Cc3ccccc3CN2C(=O)[C@H](Cc2ccc3ccccc3c2)NC(=O)[C@@H]1CCCNC(N)=O,30000.0,0
B,,340.48,2.16,0.0,IC50,=,1020.0,nM,CN(C)CCN(C)N(Cc1ccncn1)C1CCCc2cccnc21,1020.0,0
F,,459.51,5.28,1.0,IC50,>,10000.0,nM,c1cncc(CN(Cc2ccc(-c3ccccc3-c3nnn[nH]3)cc2)c2nc3ccccc3o2)c1,10000.0,0
F,,518.69,3.57,1.0,IC50,=,9999.0,nM,CS(=O)(=O)N1CCN(CCN(Cc2nccc3c2[nH]c2ccccc23)C2CCCc3cccnc32)CC1,9999.0,0
F,,539.73,4.15,1.0,IC50,=,4390.0,nM,NCCCCN(Cc1nccc2c3ccccc3n(CC(=O)N3CCC(N)CC3)c12)[C@H]1CCCc2cccnc21,4390.0,0
B,,430.64,6.47,1.0,IC50,>,10000.0,nM,CCOC(=O)c1c(NC(=S)Nc2ccc(C(C)(C)C)cc2)sc2c1C(C)CCC2,10000.0,0
B,,784.92,0.33,2.0,IC50,>,30000.0,nM,CN1C(=O)[C@H](CCCNC(N)=O)NC(=O)[C@@H](Cc2ccc(O)cc2)NC(=O)[C@@H]2CCCN2C(=O)[C@H](Cc2ccc3ccccc3c2)NC(=O)[C@@H]1CCCNC(=N)N,30000.0,0
B,,567.69,6.41,2.0,IC50,>,1000.0,nM,C=CCN(C(=O)OCc1ccc([N+](=O)[O-])cc1)C1CCN(CCC(Cn2cnc3ccccc32)c2ccccc2)CC1,1000.0,0
B,,1993.46,,,IC50,=,5000.0,nM,C[C@H]1/C=C\[C@@H](CCCCN)NC(=O)[C@H](CCCCN)NC(=O)[C@@H](CCCN=C(N)N)NC(=O)[C@H](Cc2ccc(O)cc2)NC(=O)[C@@H](NC(=O)[C@H](Cc2ccc3ccccc3c2)NC(=O)[C@H](CCCN=C(N)N)NC(=O)[C@@H](N)CCCN=C(N)N)CSSC[C@@H](C(=O)N[C@@H](CCCN=C(N)N)C(N)=O)NC(=O)C(CCCNC(N)=O)NC(=O)[C@@H](CCCN=C(N)N)NC(=O)[C@H](Cc2ccc(O)cc2)NC1=O,7500.0,0
F,,502.01,4.12,1.0,IC50,=,79000.0,nM,COc1cc(C(=O)NC2CC3CCCC(C2)N3CC(=O)Nc2ccccc2Cl)cc(OC)c1OC,69550.0,0
F,,500.65,3.49,1.0,IC50,=,583.0,nM,Cc1cccnc1CN(CCCCN)Cc1nccc2c3ccccc3n(CC(=O)N3CCOCC3)c12,583.0,0
B,,514.11,4.99,0.0,IC50,>,10000.0,nM,CCCCN1C(=O)C(CC(C)C)NC(=O)C12CCN(Cc1ccc(Oc3ccccc3)cc1)CC2.Cl,10000.0,0
B,,572.72,2.8,2.0,IC50,=,1200.0,nM,CC(C)C[C@H](NC(=N)N)C(=O)Nc1ccc2c(c1)cc(C(=O)NCCc1c[nH]c3ccccc13)n2CCCNC(=N)N,1200.0,0
B,,366.51,2.44,0.0,IC50,=,12.0,nM,Cc1nc(CN(C)C2CCCc3cccnc32)cc(N2CCN(C)CC2)n1,12.0,1
B,,12546.32,,,IC50,=,191.29115150896837,nM,Cc1cn(CCC[n+]2ccc(-c3cc[n+](Cc4cc(C[n+]5ccc(-c6cc[n+](CCCn7cc(C)c(=O)[nH]c7=O)cc6)cc5)cc(C[n+]5ccc(-c6cc[n+](Cc7cc(C[n+]8ccc(-c9cc[n+](Cc%10cc(C[n+]%11ccc(-c%12cc[n+](CCCn%13cc(C)c(=O)[nH]c%13=O)cc%12)cc%11)cc(C[n+]%11ccc(-c%12cc[n+](CCCn%13cc(C)c(=O)[nH]c%13=O)cc%12)cc%11)c%10)cc9)cc8)cc(C[n+]8ccc(-c9cc[n+](Cc%10cc(C[n+]%11ccc(-c%12cc[n+](Cc%13cc(C[n+]%14ccc(-c%15cc[n+](Cc%16cc(C[n+]%17ccc(-c%18cc[n+](CCCn%19cc(C)c(=O)[nH]c%19=O)cc%18)cc%17)cc(C[n+]%17ccc(-c%18cc[n+](CCCn%19cc(C)c(=O)[nH]c%19=O)cc%18)cc%17)c%16)cc%15)cc%14)cc(C[n+]%14ccc(-c%15cc[n+](Cc%16cc(C[n+]%17ccc(-c%18cc[n+](CCCn%19cc(C)c(=O)[nH]c%19=O)cc%18)cc%17)cc(C[n+]%17ccc(-c%18cc[n+](CCCn%19cc(C)c(=O)[nH]c%19=O)cc%18)cc%17)c%16)cc%15)cc%14)c%13)cc%12)cc%11)cc(C[n+]%11ccc(-c%12cc[n+](Cc%13cc(C[n+]%14ccc(-c%15cc[n+](Cc%16cc(C[n+]%17ccc(-c%18cc[n+](CCCn%19cc(C)c(=O)[nH]c%19=O)cc%18)cc%17)cc(C[n+]%17ccc(-c%18cc[n+](CCCn%19cc(C)c(=O)[nH]c%19=O)cc%18)cc%17)c%16)cc%15)cc%14)cc(C[n+]%14ccc(-c%15cc[n+](Cc%16cc(C[n+]%17ccc(-c%18cc[n+](CCCn%19cc(C)c(=O)[nH]c%19=O)cc%18)cc%17)cc(C[n+]%17ccc(-c%18cc[n+](CCCn%19cc(C)c(=O)[nH]c%19=O)cc%18)cc%17)c%16)cc%15)cc%14)c%13)cc%12)cc%11)c%10)cc9)cc8)c7)cc6)cc5)c4)cc3)cc2)c(=O)[nH]c1=O.F[P-](F)(F)(F)(F)F.F[P-](F)(F)(F)(F)F.F[P-](F)(F)(F)(F)F.F[P-](F)(F)(F)(F)F.F[P-](F)(F)(F)(F)F.F[P-](F)(F)(F)(F)F.F[P-](F)(F)(F)(F)F.F[P-](F)(F)(F)(F)F.F[P-](F)(F)(F)(F)F.F[P-](F)(F)(F)(F)F.F[P-](F)(F)(F)(F)F.F[P-](F)(F)(F)(F)F.F[P-](F)(F)(F)(F)F.F[P-](F)(F)(F)(F)F.F[P-](F)(F)(F)(F)F.F[P-](F)(F)(F)(F)F.F[P-](F)(F)(F)(F)F.F[P-](F)(F)(F)(F)F.F[P-](F)(F)(F)(F)F.F[P-](F)(F)(F)(F)F.F[P-](F)(F)(F)(F)F.F[P-](F)(F)(F)(F)F.F[P-](F)(F)(F)(F)F.F[P-](F)(F)(F)(F)F.F[P-](F)(F)(F)(F)F.F[P-](F)(F)(F)(F)F.F[P-](F)(F)(F)(F)F.F[P-](F)(F)(F)(F)F.F[P-](F)(F)(F)(F)F.F[P-](F)(F)(F)(F)F.F[P-](F)(F)(F)(F)F.F[P-](F)(F)(F)(F)F.F[P-](F)(F)(F)(F)F.F[P-](F)(F)(F)(F)F.F[P-](F)(F)(F)(F)F.F[P-](F)(F)(F)(F)F.F[P-](F)(F)(F)(F)F.F[P-](F)(F)(F)(F)F.F[P-](F)(F)(F)(F)F.F[P-](F)(F)(F)(F)F.F[P-](F)(F)(F)(F)F.F[P-](F)(F)(F)(F)F,152.71410262132642,1
B,,603.68,-3.45,2.0,IC50,>,1000.0,nM,C[C@@H]1NC(=O)CNC(=O)[C@@H](Cc2ccc(O)cc2)NC(=O)[C@@H](CCCNC(=N)N)NC(=O)[C@H](CCCNC(=N)N)NC1=O,1000.0,0
F,,1010.22,,,IC50,=,1.0,nM,CC(=O)N[C@@H](CCCNC(=N)N)C(=O)N[C@@H](C)C(=O)N[C@@H]1CSSC(C)(C)[C@H](C(=O)O)NC(=O)[C@H](Cc2c[nH]cn2)NC(=O)[C@H](Cc2ccc3ccccc3c2)NC(=O)[C@H](CCCNC(=N)N)NC1=O,2.85,1
F,,518.19,5.33,1.0,IC50,>,10000.0,nM,CCCN1C(=O)[C@H](CC2CCCCC2)NC(=O)C12CCN(CCCCCCc1ccccc1)CC2.Cl,10000.0,0
B,,729.84,-1.07,2.0,IC50,=,8.0,nM,N=C(N)NCCC[C@@H]1NC(=O)[C@H](Cc2ccc3ccccc3c2)NC(=O)CNC(=O)[C@@H](Cc2ccc(O)cc2)NC(=O)[C@@H](CCCNC(=N)N)NC1=O,8.0,1
B,,492.15,4.8,0.0,IC50,=,10000.0,nM,CCCCN1C(=O)C(CC(C)C)NC(=O)C12CCN(CCCCCCc1ccccc1)CC2.Cl,8350.0,0
B,,408.26,3.94,0.0,IC50,=,11.0,nM,O=C(NNc1cnccn1)c1ccccc1-n1ccc2cc(Br)ccc21,11.0,1
B,,474.69,7.13,1.0,IC50,>,10000.0,nM,CC1CCCc2sc(NC(=S)Nc3ccc(OC(C)(C)C)cc3)c(C(=O)OC(C)(C)C)c21,10000.0,0
B,,462.59,6.24,1.0,IC50,=,2160.0,nM,CCN(CC)CCCC(C)Nc1cc(/C=C/c2ccc([N+](=O)[O-])cc2)nc2cc(OC)ccc12,2160.0,0
B,,942.14,-2.09,3.0,IC50,=,5900.0,nM,CC(=O)N[C@@H](CCCNC(=N)N)C(=O)N[C@@H](C)C(=O)N[C@H]1CSSC[C@H](C(=O)O)NC(=O)[C@H](Cc2ccccc2)NC(=O)[C@H](Cc2ccccc2)NC(=O)[C@H](CCCNC(=N)N)NC1=O,5900.0,0
B,,437.59,1.97,0.0,IC50,=,2442.0,nM,CN1CCN(c2cc(CN(C)C3CCCc4cccnc43)nc(N3CCOCC3)n2)CC1,2442.0,0
B,,673.87,-1.4,2.0,IC50,=,1000.0,nM,N=C(N)NCCCN[C@H]1CSSC[C@H](C(N)=O)NC(=O)[C@H](Cc2ccc3ccccc3c2)NC(=O)[C@H](CCCN=C(N)N)NC1=O,1000.0,0
F,,420.61,2.17,0.0,IC50,=,2639.0,nM,c1cnc2c(c1)CN[C@H](CN(CCCN1CCNCC1)[C@H]1CCCc3cccnc31)C2,2639.0,0
B,,392.55,2.97,0.0,IC50,=,30.0,nM,Cc1nc(CN(C)[C@H]2CCCc3cccnc32)cc(N2CCN3CCC[C@@H]3C2)n1,30.0,1
F,,364.37,3.82,0.0,IC50,=,600.0,nM,O=C(NCCc1ccc2c(n1)NCCC2)Nc1ccc(C(F)(F)F)cc1,600.0,0
B,,1585.79,,,IC50,=,8.0,nM,CN1C(=O)[C@@H](Cc2ccc(O)cc2)NC(=O)CNC(=O)[C@H](Cc2ccc3ccccc3c2)NC(=O)[C@H](CCCNC(=N)N)NC(=O)[C@H]1CCCNC(=O)CNC(=O)CC(=O)NCC(=O)NCCC[C@@H]1C(=O)N[C@@H](CCCNC(=N)N)C(=O)N[C@@H](Cc2ccc3ccccc3c2)C(=O)NCC(=O)N[C@H](Cc2ccc(O)cc2)C(=O)N1C,8.0,1
B,,813.96,2.6,2.0,IC50,>,30000.0,nM,CN1C(=O)[C@H](Cc2c[nH]c3ccccc23)NC(=O)[C@@H](Cc2ccc(O)cc2)NC(=O)[C@@H]2CCCN2C(=O)[C@H](Cc2ccc3ccccc3c2)NC(=O)[C@@H]1CCCNC(=N)N,30000.0,0
F,,502.79,6.45,2.0,IC50,=,541.0,nM,CC1(C)CCC(NCC(C)(C)CCN(C[C@H]2Cc3ccccc3CN2)[C@H]2CCCc3cccnc32)CC1,541.0,0
F,,478.12,4.41,0.0,IC50,>,10000.0,nM,CCCN1C(=O)[C@H](CC(C)C)NC(=O)C12CCN(CCCCCCc1ccccc1)CC2.Cl,10000.0,0
B,,437.59,4.84,0.0,IC50,=,5.5,nM,C#CCn1c2ccccc2c2ccnc(CN(CCCCN)C3CCCc4cccnc43)c21,5.5,1
B,,970.19,-1.31,3.0,IC50,>,10000.0,nM,CC(=O)N[C@@H](CCCNC(=N)N)C(=O)N[C@@H](C)C(=O)N[C@@H]1CSSC(C)(C)[C@@H](C(=O)O)NC(=O)[C@H](Cc2ccccc2)NC(=O)[C@H](Cc2ccccc2)NC(=O)[C@H](CCCNC(=N)N)NC1=O,10000.0,0
B,,494.68,7.74,1.0,IC50,>,10000.0,nM,CC1CCCc2sc(NC(=S)Nc3ccc(Oc4ccccc4)cc3)c(C(=O)OC(C)(C)C)c21,10000.0,0
F,,461.7,3.84,0.0,IC50,=,36.5,nM,c1ccc2c(c1)CN[C@@H](CN(CCCCNCC1CCNCC1)[C@H]1CCCc3cccnc31)C2,36.5,1
F,,457.64,2.16,0.0,IC50,=,23.0,nM,NCCCCN(C[C@@H]1CN(S(=O)(=O)c2ccccc2)CCN1)[C@H]1CCCc2cccnc21,23.0,1
F,,438.54,6.04,1.0,IC50,=,8800.0,nM,CCCCN(c1nc2ccccc2o1)C(C)c1ccc(-c2ccccc2-c2nnn[nH]2)cc1,8800.0,0
F,,595.79,4.05,1.0,IC50,=,26.0,nM,O=C(Cn1c2ccccc2c2ccnc(CN(CCCN3CCNCC3)[C@H]3CCCc4cccnc43)c21)NC1CCOCC1,26.0,1
F,,617.8,5.29,2.0,IC50,=,1398.0,nM,O=C(Cn1c2ccccc2c2ccnc(CN(CCCCNCc3cccnc3)[C@H]3CCCc4cccnc43)c21)N1CCOCC1,1398.0,0
B,,897.1,-1.25,3.0,IC50,>,10000.0,nM,C[C@H](NC(=O)C1CCN(C(=N)N)CC1)C(=O)N[C@H]1CSSC[C@@H](C(=O)O)NC(=O)[C@H](Cc2ccccc2)NC(=O)[C@H](Cc2ccccc2)NC(=O)[C@H](CCCNC(=N)N)NC1=O,10000.0,0
F,,387.49,4.09,0.0,IC50,=,21.0,nM,NCc1occc1CN(Cc1nc2ccccc2[nH]1)C1CCCc2cccnc21,21.0,1
F,,431.63,3.3,0.0,IC50,=,26.7,nM,c1cnc2c(c1)CCC[C@@H]2N(CC1CC1)C[C@H]1Cc2c(cccc2N2CCNCC2)CN1,26.7,1
F,,467.57,3.47,0.0,IC50,>,79000.0,nM,COc1cc(C(=O)NC2CC3CCCC(C2)N3CC(=O)Nc2ccccc2)cc(OC)c1OC,79000.0,0
B,,769.91,-0.2,2.0,IC50,>,30000.0,nM,N=C(N)NCCC[C@@H]1NC(=O)[C@H](Cc2ccc(O)cc2)NC(=O)[C@@H]2CCCN2C(=O)[C@H](Cc2ccc3ccccc3c2)NC(=O)[C@H](CCCNC(=N)N)NC1=O,30000.0,0
F,,421.61,3.87,0.0,IC50,=,1199.0,nM,c1cnc2c(c1)CCC[C@@H]2N(CCCN1CCNCC1)Cc1nc2ccccc2s1,1199.0,0
B,,298.48,2.74,0.0,IC50,>,10000.0,nM,CC(C)/N=C(/NC(C)C)SCC1=CSC2=NCCN12,10000.0,0
B,,434.58,5.19,1.0,IC50,>,10000.0,nM,CCOC(=O)c1c(NC(=S)Nc2ccc(OC)c(OC)c2)sc2c1C(C)CCC2,10000.0,0
B,,395.56,2.2,0.0,IC50,>,10000.0,nM,CN1CCN(c2cc(CN(C)C3CCCc4cccnc43)nc(N(C)C)n2)CC1,10000.0,0
F,,980.27,2.25,3.0,IC50,=,8300.0,nM,CC1(C)CN2C(CS/C(N)=N\[C@H]3CC[C@H](CNC(=O)COCC(=O)NCCCCNC(=O)COCC(=O)N[C@@H]4CC[C@@]5(O)[C@H]6Cc7ccc(O)c8c7[C@@]5(CCN6CC5CC5)[C@H]4O8)CC3)=CSC2=N1,5950.0,0
B,,790.92,1.83,2.0,IC50,>,30000.0,nM,CN1C(=O)[C@H](Cc2ccc(O)cc2)NC(=O)[C@@H](Cc2ccc(O)cc2)NC(=O)[C@@H]2CCCN2C(=O)[C@H](Cc2ccc3ccccc3c2)NC(=O)[C@@H]1CCCNC(=N)N,30000.0,0
F,,512.7,4.41,1.0,IC50,=,49.0,nM,COCCn1c2ccccc2c2ccnc(CN(CCCN3CCNCC3)[C@H]3CCCc4cccnc43)c21,49.0,1
B,,414.56,3.45,0.0,IC50,>,7.0,nM,c1ccc(CCNC[C@@H]2CCN(CCc3c[nH]c4ccc(-n5cnnc5)cc34)C2)cc1,7.0,0
F,,472.98,6.44,1.0,IC50,=,5500.0,nM,CCCCN(Cc1ccc(-c2ccccc2-c2nnn[nH]2)cc1)c1nc2cc(Cl)c(C)cc2o1,5500.0,0
F,,1491.81,,,IC50,=,100000.0,nM,CSCC[C@H](NC(=O)[C@H](CCCCN)NC(=O)[C@H](CCCNC(=N)N)NC(=O)[C@H](CO)NC(=O)[C@H](Cc1c[nH]c2ccccc12)NC(=O)[C@H](CCCNC(=N)N)NC(=O)[C@H](CC(C)C)NC(=O)[C@H](CO)NC(C)=O)C(=O)N1CCC[C@H]1C(=O)N[C@@H](CS)C(=O)N[C@H](C(=O)N[C@@H](CO)C(=O)O)C(C)C,58148.0,0
F,,338.5,2.9,0.0,IC50,=,62.0,nM,C[C@@H](c1ccccn1)N(CCCCN)C[C@H]1Cc2ccccc2CN1,62.0,1
B,,351.5,2.74,0.0,IC50,>,10000.0,nM,CN1CCN(c2cccc(CN(C)C3CCCc4cccnc43)n2)CC1,10000.0,0
F,,324.47,3.4,0.0,IC50,=,18.0,nM,Cc1cccnc1CN(CCCCN)C1CCCc2cccnc21,18.0,1
B,,1613.85,,,IC50,=,14.0,nM,CN1C(=O)[C@@H](Cc2ccc(O)cc2)NC(=O)CNC(=O)[C@H](Cc2ccc3ccccc3c2)NC(=O)[C@H](CCCNC(=N)N)NC(=O)[C@H]1CCCNC(=O)CNC(=O)CCCC(=O)NCC(=O)NCCC[C@@H]1C(=O)N[C@@H](CCCNC(=N)N)C(=O)N[C@@H](Cc2ccc3ccccc3c2)C(=O)NCC(=O)N[C@H](Cc2ccc(O)cc2)C(=O)N1C,14.0,1
B,,543.19,2.12,1.0,IC50,>,35000.0,nM,Cl.c1cc(CN2CCCOCCOCCCNCC2)ccc1CN1CCCOCCOCCCNCC1,35000.0,0
B,,769.91,-0.2,2.0,IC50,>,1000.0,nM,N=C(N)NCCC[C@@H]1NC(=O)[C@H](Cc2ccc3ccccc3c2)NC(=O)[C@H]2CCCN2C(=O)[C@@H](Cc2ccc(O)cc2)NC(=O)[C@@H](CCCNC(=N)N)NC1=O,1000.0,0
F,,352.53,3.21,0.0,IC50,=,24.0,nM,Cc1cccnc1[C@H](C)N(CCCCN)C[C@H]1Cc2ccccc2CN1,24.0,1
B,,2938.58,,,IC50,=,1.36,nM,CC(C)C[C@H](NC(=O)[C@H](CO)NC(=O)[C@@H](NC(=O)[C@@H]1CCCN1C(=O)[C@@H](N)CCCCN)C(C)C)C(=O)N[C@@H](CO)C(=O)N[C@@H](Cc1ccc(O)cc1)C(=O)N[C@@H](CCCNC(=N)N)C(=O)NCCCC[C@@H]1NC(=O)[C@H](CCCNC(=N)N)NC(=O)[C@H](Cc2ccc(O)cc2)NC(=O)[C@@H]2CCCN2C(=O)[C@@H](CCCCN)NC(=O)[C@H](CCCCN)NC(=O)[C@H](CCCNC(=N)N)NC(=O)[C@H](Cc2ccc(O)cc2)NC(=O)[C@@H](NC(=O)[C@H](Cc2ccc3ccccc3c2)NC(=O)[C@H](CCCNC(=N)N)NC(=O)[C@@H](N)CCCNC(=N)N)CSSC[C@@H](C(=O)N[C@@H](CCCNC(=N)N)C(=O)O)CC1=O,1.36,1
B,,352.49,2.3,0.0,IC50,=,150.0,nM,CN(C)C1CCN(N(Cc2ccncn2)C2CCCc3cccnc32)C1,150.0,1
B,,813.92,0.53,2.0,IC50,>,30000.0,nM,CN1C(=O)[C@H](CCCNC(=N)N)NC(=O)[C@@H](Cc2ccc([N+](=O)[O-])cc2)NC(=O)[C@@H]2CCCN2C(=O)[C@H](Cc2ccc3ccccc3c2)NC(=O)[C@@H]1CCCNC(N)=O,30000.0,0
F,,340.47,2.59,0.0,IC50,=,79.0,nM,NCCCCN(Cc1ncccc1CO)C1CCCc2cccnc21,79.0,1
F,,431.63,3.25,0.0,IC50,=,11.4,nM,CN1CC[C@H]2CN(c3cccc4c3C[C@H](CN(C)[C@H]3CCCc5cccnc53)NC4)C[C@H]21,11.4,1
B,,428.67,4.13,0.0,IC50,=,699.4,nM,O=C(NCCCNC1CCCCC1)c1ccc(CNCCCNC2CCCCC2)cc1,699.4,0
F,,419.62,3.25,0.0,IC50,=,13.8,nM,CCN1CCN(c2cccc3c2C[C@H](CN(C)[C@H]2CCCc4cccnc42)NC3)CC1,13.8,1
B,,706.94,8.22,3.0,IC50,=,40.0,nM,N=C(NCCCNCCCCN(CCCNC(=N)Nc1cccc2ccccc12)C(=N)Nc1cccc2ccccc12)Nc1cccc2ccccc12,40.0,1
F,,446.68,5.18,1.0,IC50,=,75.2,nM,c1ccc2c(c1)CN[C@@H](CN(CCCCNC1CCCCC1)[C@H]1CCCc3cccnc31)C2,75.2,1
B,,462.59,6.24,1.0,IC50,=,2160.0,nM,CCN(CC)CCCC(C)Nc1cc(OC)cc2nc(/C=C/c3ccc([N+](=O)[O-])cc3)ccc12,2160.0,0
B,,613.81,1.75,3.0,IC50,=,82.6,nM,Cc1cc(NC2CCN(C(=O)CNCCC(=O)O)CC2)nc(NCc2cn(CCCNCCCNC3CCCCC3)nn2)n1,82.6,1
B,,1517.89,,,IC50,=,4349.0,nM,CSCC[C@H](NC(C)=O)C(=O)N[C@@H](CC(C)C)C(=O)N[C@@H](CCCNC(=N)N)C(=O)N[C@@H](Cc1c[nH]c2ccccc12)C(=O)N[C@@H](CO)C(=O)N[C@@H](CCCNC(=N)N)C(=O)N[C@@H](CCCCN)C(=O)N[C@@H](CC(C)C)C(=O)N1CCC[C@H]1C(=O)N[C@@H](CS)C(=O)N[C@H](C(=O)N[C@@H](CO)C(=O)O)C(C)C,8128.0,0
F,,413.57,4.74,0.0,IC50,=,10.0,nM,Cn1c2ccccc2c2ccnc(CN(CCCCN)C3CCCc4cccnc43)c21,10.0,1
F,,385.52,4.05,0.0,IC50,=,142.0,nM,CN(Cc1nccc2c3ccccc3n(CCN)c12)[C@H]1CCCc2cccnc21,142.0,1
F,,386.39,3.08,0.0,IC50,=,120.0,nM,CSc1nnc(-c2ccc(CNC(=O)Nc3ccc([N+](=O)[O-])cc3)nc2)o1,120.0,1
F,,454.66,5.05,1.0,IC50,=,20.1,nM,c1ccc(CNCCCCN(C[C@H]2Cc3ccccc3CN2)[C@H]2CCCc3cccnc32)cc1,20.1,1
B,,1737.06,,,IC50,>,1000.0,nM,CC(C)C[C@@H](N)C(=O)NCC(=O)N[C@H](C)C(=O)N[C@H](CO)C(=O)NCCOCCOCCOCCOCCOCCOCCOCCOCCOCCC(=O)NCCCC[C@H](NC(=O)CCOCCOCCOCCOCCOCCOCCOCCOCCOCCNC(=O)[C@@H](CO)NC(=O)[C@@H](C)NC(=O)CNC(=O)[C@H](N)CC(C)C)C(N)=O,1000.0,0
B,,3069.68,,,IC50,=,56.0,nM,CC(C)C[C@H](NC(=O)[C@H](CO)NC(=O)[C@H](C)NC(=O)[C@@H]1CCCN1C(=O)[C@@H](N)CCCCN)C(=O)N[C@@H](CO)C(=O)N[C@@H](Cc1ccc(O)cc1)C(=O)N[C@@H](CCCNC(=N)N)C(=O)N[C@@H](CO)C(=O)N[C@@H](C)C(=O)NCCCC[C@H](NC(=O)[C@@H]1CSSC[C@H](NC(=O)[C@H](Cc2ccc3ccccc3c2)NC(=O)[C@H](CCCNC(=N)N)NC(=O)[C@@H](N)CCCNC(=N)N)C(=O)N[C@@H](Cc2ccc(O)cc2)C(=O)N[C@@H](CCCNC(=N)N)C(=O)N[C@@H](CCCCN)C(=O)N[C@H](CCCCN)C(=O)N2CCC[C@H]2C(=O)N[C@@H](Cc2ccc(O)cc2)C(=O)N[C@@H](CCCNC(=N)N)C(=O)N[C@@H](CCCNC(=N)N)C(=O)N1)C(=O)O,56.0,1
B,,358.91,4.35,0.0,IC50,=,1258.93,nM,COc1ccc(CNCC2CCN(Cc3ccccc3Cl)CC2)cc1,1258.93,0
F,,525.7,3.63,1.0,IC50,=,663.0,nM,NCCCCN(Cc1nccc2c3ccccc3n(CC(=O)N3CCNCC3)c12)[C@H]1CCCc2cccnc21,663.0,0
F,,456.03,3.59,0.0,IC50,>,30000.0,nM,CC(C)C[C@@H]1NC(=O)C2(CCN(Cc3ccccc3)CC2)N(Cc2ccccc2)C1=O.Cl,30000.0,0
B,,2383.77,,,IC50,>,1000.0,nM,CC(C)C[C@@H](N)C(=O)NCC(=O)N[C@H](C)C(=O)N[C@H](CO)C(=O)N[C@H](Cc1c[nH]c2ccccc12)C(=O)N[C@H](Cc1cnc[nH]1)C(=O)NCCOCCOCCOCCOCCOCCOCCOCCOCCOCCC(=O)NCCCC[C@H](NC(=O)CCOCCOCCOCCOCCOCCOCCOCCOCCOCCNC(=O)[C@@H](Cc1cnc[nH]1)NC(=O)[C@@H](Cc1c[nH]c2ccccc12)NC(=O)[C@@H](CO)NC(=O)[C@@H](C)NC(=O)CNC(=O)[C@H](N)CC(C)C)C(N)=O,1000.0,0
B,,410.57,2.82,0.0,IC50,=,36.0,nM,Cc1nc(CN(C)[C@H]2CCCc3cccnc32)cc(NCCCN2CCOCC2)n1,36.0,1
B,,755.92,1.01,2.0,IC50,>,30000.0,nM,CN1C(=O)[C@H](CCCCN)NC(=O)[C@@H](Cc2ccc(O)cc2)NC(=O)[C@@H]2CCCN2C(=O)[C@H](Cc2ccc3ccccc3c2)NC(=O)[C@@H]1CCCNC(=N)N,30000.0,0
B,,727.83,-1.58,2.0,IC50,=,10.0,nM,N=C(N)NCCC[C@@H]1NC(=O)[C@@H]2C[C@@H](N=C(N)N)CN2C(=O)[C@@H](Cc2ccc(O)cc2)NC(=O)CNC(=O)[C@H](Cc2ccc3ccccc3c2)NC1=O,10.0,1
F,,419.62,3.25,0.0,IC50,=,10.9,nM,CN(C)[C@H]1CCN(c2cccc3c2C[C@H](CN(C)[C@H]2CCCc4cccnc42)NC3)C1,10.9,1
F,,441.58,4.64,0.0,IC50,=,21.0,nM,COCc1ccc(CN(Cc2nc3ccccc3[nH]2)C2CCCc3cccnc32)c(CN)c1,21.0,1
F,,457.62,4.85,0.0,IC50,=,20.0,nM,COCCn1c2ccccc2c2ccnc(CN(CCCCN)[C@H]3CCCc4cccnc43)c21,20.0,1
F,,511.71,6.02,2.0,IC50,=,13.0,nM,NCCCCN(Cc1nccc2c3ccccc3n(CCC3CCOCC3)c12)[C@H]1CCCc2cccnc21,13.0,1
B,,3249.88,,,IC50,=,59.0,nM,CC(C)C[C@H](NC(=O)[C@H](CO)NC(=O)[C@H](Cc1ccc(C(=O)c2ccccc2)cc1)NC(=O)[C@@H]1CCCN1C(=O)[C@@H](N)CCCCN)C(=O)N[C@@H](CO)C(=O)N[C@@H](Cc1ccc(O)cc1)C(=O)N[C@@H](CCCNC(=N)N)C(=O)N[C@@H](CO)C(=O)N[C@@H](C)C(=O)NCCCC[C@H](NC(=O)[C@@H]1CSSC[C@H](NC(=O)[C@H](Cc2ccc3ccccc3c2)NC(=O)[C@H](CCCNC(=N)N)NC(=O)[C@@H](N)CCCNC(=N)N)C(=O)N[C@@H](Cc2ccc(O)cc2)C(=O)N[C@@H](CCCNC(=N)N)C(=O)N[C@@H](CCCCN)C(=O)N[C@H](CCCCN)C(=O)N2CCC[C@H]2C(=O)N[C@@H](Cc2ccc(O)cc2)C(=O)N[C@@H](CCCNC(=N)N)C(=O)N[C@@H](CCCNC(=N)N)C(=O)N1)C(=O)O,59.0,1
B,,783.93,0.19,2.0,IC50,>,1000.0,nM,N=C(N)NCCC[C@@H]1NC(=O)[C@H](Cc2ccc3ccccc3c2)NC(=O)[C@H]2CCCCN2C(=O)[C@@H](Cc2ccc(O)cc2)NC(=O)[C@H](CCCNC(=N)N)NC1=O,1000.0,0
F,,431.63,3.39,0.0,IC50,=,3.59,nM,CN(C[C@H]1Cc2c(cccc2N2CCN3CCC[C@@H]3C2)CN1)[C@H]1CCCc2cccnc21,3.59,1
F,,571.73,6.81,2.0,IC50,=,6650.0,nM,CC(C)CN(Cc1nccc2c3ccccc3n(CCCN3C(=O)c4ccccc4C3=O)c12)[C@H]1CCCc2cccnc21,6650.0,0
B,,389.55,4.21,0.0,IC50,=,76.0,nM,CN1CCC(n2c(CN(C)C3CCCc4cccnc43)nc3ccccc32)CC1,76.0,1
B,,797.96,0.53,2.0,IC50,>,30000.0,nM,CN1C(=O)[C@H](CCCCNC(=N)N)NC(=O)[C@@H](Cc2ccc(O)cc2)NC(=O)[C@@H]2CCCN2C(=O)[C@H](Cc2ccc3ccccc3c2)NC(=O)[C@@H]1CCCNC(=N)N,30000.0,0
B,,715.82,-1.67,2.0,IC50,=,24.0,nM,N=C(N)NCCC[C@@H]1NC(=O)[C@H](CCN=C(N)N)NC(=O)[C@@H](Cc2ccc(O)cc2)NC(=O)CNC(=O)[C@H](Cc2ccc3ccccc3c2)NC1=O,24.0,1
B,,477.66,3.07,1.0,IC50,=,15100.0,nM,N=C(N)NCCCC[C@H]1C=C[C@H](CCc2ccc3ccccc3c2)N(CCCCNC(=N)N)C1=O,15100.0,0
B,,783.93,0.19,2.0,IC50,>,1000.0,nM,N=C(N)NCCC[C@@H]1NC(=O)[C@H](Cc2ccc3ccccc3c2)NC(=O)[C@H]2CCCCN2C(=O)[C@@H](Cc2ccc(O)cc2)NC(=O)[C@@H](CCCNC(=N)N)NC1=O,1000.0,0
B,,294.44,3.69,0.0,IC50,=,10000.0,nM,c1ccc(CNCC2CCN(Cc3ccccc3)CC2)cc1,10000.0,0
B,,299.33,0.97,0.0,IC50,=,116.0,nM,N=C(N)NCC/C=C1\NC(=O)N(/C=C/c2ccccc2)C1=O,116.0,1
B,,425.58,1.56,0.0,IC50,=,792.0,nM,CN1CCN(c2cc(CN(C)C3CCCc4cccnc43)nc(N(C)CCO)n2)CC1,792.0,0
F,,398.51,3.89,0.0,IC50,=,21.0,nM,NCc1ncccc1CN(Cc1nc2ccccc2[nH]1)C1CCCc2cccnc21,21.0,1
B,,682.27,6.92,2.0,IC50,>,1000.0,nM,C=CCN(C(=O)OCc1ccccc1)C1CCN(CCC(C)(CN2C(=O)N[C@H](Cc3c[nH]c4ccccc34)C2=O)c2cccc(Cl)c2)CC1,1000.0,0
B,,431.63,5.06,1.0,IC50,=,4.5,nM,CC(C)N1CCC[C@H](Cn2c(CN(C)[C@H]3CCCc4cccnc43)nc3ccccc32)C1,4.5,1
F,,412.58,4.13,0.0,IC50,=,115.0,nM,NCc1ccc(CN(C[C@H]2Cc3ccccc3CN2)[C@H]2CCCc3cccnc32)cc1,115.0,1
F,,447.67,3.46,0.0,IC50,=,536.0,nM,CN1CCN(CCCN(C[C@H]2Cc3ccccc3CN2C)[C@H]2CCCc3cccnc32)CC1,536.0,0
B,,740.91,1.93,2.0,IC50,>,30000.0,nM,CC[C@H](C)[C@@H]1NC(=O)[C@@H](Cc2ccc(O)cc2)NC(=O)[C@@H]2CCCN2C(=O)[C@H](Cc2ccc3ccccc3c2)NC(=O)[C@H](CCCNC(=N)N)N(C)C1=O,30000.0,0
B,,2207.56,,,IC50,>,1000.0,nM,CC(C)C[C@@H](N)C(=O)NCC(=O)N[C@H](C)C(=O)N[C@H](CO)C(=O)N[C@H](Cc1c[nH]c2ccccc12)C(=O)N[C@H](Cc1cnc[nH]1)C(=O)NCCOCCOCCOCCOCCOCCOCCOCCC(=O)NCCCC[C@H](NC(=O)CCOCCOCCOCCOCCOCCOCCOCCNC(=O)[C@@H](Cc1cnc[nH]1)NC(=O)[C@@H](Cc1c[nH]c2ccccc12)NC(=O)[C@@H](CO)NC(=O)[C@@H](C)NC(=O)CNC(=O)[C@H](N)CC(C)C)C(N)=O,1000.0,0
F,,338.5,3.71,0.0,IC50,=,19.0,nM,Cc1cnc(CN(CCCCN)C2CCCc3cccnc32)c(C)c1,19.0,1
B,,456.64,4.55,0.0,IC50,=,7.3,nM,NCCCCN(Cc1nccc2c3ccccc3n(CCCN)c12)C1CCCc2cccnc21,7.3,1
F,,2052.44,,,IC50,=,19.3,nM,NCCCC[C@H]1NC(=O)[C@H](CCCNC(N)=O)NC(=O)[C@@H](Cc2ccc(O)cc2)NC(=O)[C@H](NC(=O)[C@@H](NC(=O)[C@H](CCCN=C(N)N)NC(=O)[C@@H](N)CCCN=C(N)N)c2ccc3ccccc3c2)CSSC[C@H](C(=O)N[C@@H](CCCN=C(N)N)C(N)=O)NC(=O)[C@H](CCCNC(N)=O)NC(=O)[C@H](CCCN=C(N)N)NC(=O)[C@H](Cc2ccc(O)cc2)NC(=O)[C@H]2CCCN2C(=O)[C@H](CCCNC(N)=O)NC1=O,19.3,1
F,,425.58,4.99,0.0,IC50,=,3597.0,nM,c1cnc2c(c1)CCC[C@@H]2N(Cc1nccc2c1[nH]c1ccccc12)CC1CCCNC1,3597.0,0
B,,428.58,3.8,0.0,IC50,=,2891.0,nM,CN1CCN(c2cc(CN(C)C3CCCc4cccnc43)nc(-c3ccccc3)n2)CC1,2891.0,0
B,,942.14,-2.09,3.0,IC50,=,53.0,nM,CC(=O)N[C@@H](CCCNC(=N)N)C(=O)N[C@@H](C)C(=O)N[C@@H]1CSSC[C@@H](C(=O)O)NC(=O)[C@H](Cc2ccccc2)NC(=O)[C@H](Cc2ccccc2)NC(=O)[C@H](CCCNC(=N)N)NC1=O,123.75,1
B,,905.08,-0.24,3.0,IC50,>,10000.0,nM,C[C@H](NC(=O)c1ccc(NC(=N)N)cc1)C(=O)N[C@H]1CSSC[C@@H](C(=O)O)NC(=O)[C@H](Cc2ccccc2)NC(=O)[C@H](Cc2ccccc2)NC(=O)[C@H](CCCNC(=N)N)NC1=O,10000.0,0
B,,501.72,3.04,1.0,IC50,=,32.0,nM,c1ccc(CN(Cc2ccc(CN3CCCNCCNCCCNCC3)cc2)Cc2ccccn2)nc1,32.0,1
B,,404.56,5.18,1.0,IC50,=,11500.0,nM,CCOC(=O)c1c(NC(=S)Nc2ccc(OC)cc2)sc2c1C(C)CCC2,11500.0,0
B,,336.53,1.99,0.0,IC50,=,760.0,nM,C(CCCCCCNC1=NCCN1)CCCCCNC1=NCCN1,760.0,0
F,,397.53,4.5,0.0,IC50,=,119.0,nM,NCc1ccc(CN(Cc2nc3ccccc3[nH]2)C2CCCc3cccnc32)cc1,119.0,1
F,,413.53,4.26,0.0,IC50,=,1440.0,nM,NC(=O)CCCN(Cc1nccc2c1[nH]c1ccccc12)[C@H]1CCCc2cccnc21,1440.0,0
F,,507.7,3.32,1.0,IC50,=,71.0,nM,NCCCCN(C[C@H]1CN(S(=O)(=O)c2ccc3ccccc3c2)CCN1)[C@H]1CCCc2cccnc21,71.0,1
B,,830.51,0.42,2.0,IC50,=,7.0,nM,Cl.Cl.Cl.Cl.Cl.Cl.Cl.Cl.O.O.c1cc(CN2CCCNCCNCCCNCC2)ccc1CN1CCCNCCNCCCNCC1,7.0,1
B,,769.91,-0.2,2.0,IC50,>,1000.0,nM,N=C(N)NCCC[C@@H]1NC(=O)[C@H](Cc2ccc3ccccc3c2)NC(=O)[C@H]2CCCN2C(=O)[C@@H](Cc2ccc(O)cc2)NC(=O)[C@H](CCCNC(=N)N)NC1=O,1000.0,0
F,,405.59,3.27,0.0,IC50,=,1670.0,nM,CN(C[C@@H]1Cc2c(cccc2NC2CCNCC2)CN1)[C@H]1CCCc2cccnc21,1670.0,0
B,,426.65,6.39,1.0,IC50,=,10000.0,nM,c1ccc2c(c1)nc1scc(CS/C(=N\C3CCCCC3)NC3CCCCC3)n12,9060.0,0
B,,975.08,-3.7,3.0,IC50,=,48.0,nM,CC(=O)N[C@@H](CCCNC(=N)N)C(=O)N[C@@H](C)C(=O)N[C@H]1CNC(=O)[C@@H](CCC(=O)O)NC(=O)[C@H](Cc2c[nH]cn2)NC(=O)[C@H](Cc2ccc3ccccc3c2)NC(=O)[C@H](CCCNC(=N)N)NC1=O,49.0,1
F,,427.55,3.99,0.0,IC50,=,11.0,nM,NCc1cc(CO)ccc1CN(Cc1nc2ccccc2[nH]1)C1CCCc2cccnc21,11.0,1
B,,700.85,0.38,2.0,IC50,=,54.0,nM,N=C(N)NCCC[C@@H]1NC(=O)[C@H](Cc2ccc(O)cc2)NC(=O)CC[C@@H](Cc2ccc3ccccc3c2)NC(=O)[C@@H](CCCN=C(N)N)NC1=O,54.0,1
F,,442.56,5.09,1.0,IC50,=,2810.0,nM,CC(C)(C)OC(=O)Cn1c2ccccc2c2ccnc(CN[C@H]3CCCc4cccnc43)c21,2810.0,0
B,,668.24,6.75,2.0,IC50,>,1000.0,nM,C=CCN(C(=O)OCc1ccccc1)C1CCN(CCC(CN2C(=O)N[C@H](Cc3c[nH]c4ccccc34)C2=O)c2cccc(Cl)c2)CC1,1000.0,0
B,,1654.04,,,IC50,=,33.0,nM,CN1C(=O)[C@@H](Cc2ccc(O)cc2)NC(=O)CNC(=O)[C@H](Cc2ccc3ccccc3c2)NC(=O)[C@H](CCCNC(=N)N)NC(=O)[C@H]1CCCNC(=O)CCCCCCCCCCCCCCC(=O)NCCC[C@@H]1C(=O)N[C@@H](CCCNC(=N)N)C(=O)N[C@@H](Cc2ccc3ccccc3c2)C(=O)NCC(=O)N[C@H](Cc2ccc(O)cc2)C(=O)N1C,33.0,1
B,,3170.78,,,IC50,=,18.0,nM,CC(C)C[C@H](NC(=O)[C@H](CO)NC(=O)[C@@H](NC(=O)[C@@H]1CCCN1C(=O)[C@@H](N)CCCCN)c1cc2ccccc2[nH]1)C(=O)N[C@@H](CO)C(=O)N[C@@H](Cc1ccc(O)cc1)C(=O)N[C@@H](CCCNC(=N)N)C(=O)N[C@@H](CO)C(=O)N[C@@H](C)C(=O)NCCCC[C@H](NC(=O)[C@@H]1CSSC[C@H](NC(=O)[C@H](Cc2ccc3ccccc3c2)NC(=O)[C@H](CCCNC(=N)N)NC(=O)[C@@H](N)CCCNC(=N)N)C(=O)N[C@@H](Cc2ccc(O)cc2)C(=O)N[C@@H](CCCNC(=N)N)C(=O)N[C@@H](CCCCN)C(=O)N[C@H](CCCCN)C(=O)N2CCC[C@H]2C(=O)N[C@@H](Cc2ccc(O)cc2)C(=O)N[C@@H](CCCNC(=N)N)C(=O)N[C@@H](CCCNC(=N)N)C(=O)N1)C(=O)O,18.0,1
F,,465.52,5.52,1.0,IC50,=,51.0,nM,NCc1cc(C(F)(F)F)ccc1CN(Cc1nc2ccccc2[nH]1)C1CCCc2cccnc21,51.0,1
B,,394.57,3.22,0.0,IC50,=,8.3,nM,Cc1nc(CN(C)[C@H]2CCCc3cccnc32)cc(N2C[C@@H](C)N(C)[C@@H](C)C2)n1,8.3,1
B,,728.86,-0.62,2.0,IC50,=,4.9,nM,N=C(N)NCCC[C@@H]1NC(=O)[C@H](CCCNC(=N)N)NC(=O)[C@@H](Cc2ccc(O)cc2)NC(=O)CNC(=N)[C@@H](Cc2ccc3ccccc3c2)NC1=O,4.9,1
B,,871.06,-1.59,3.0,IC50,>,10000.0,nM,C[C@H](NC(=O)CCCNC(=N)N)C(=O)N[C@H]1CSSC[C@@H](C(=O)O)NC(=O)[C@H](Cc2ccccc2)NC(=O)[C@H](Cc2ccccc2)NC(=O)[C@H](CCCNC(=N)N)NC1=O,10000.0,0
B,,899.07,2.56,2.0,IC50,>,30000.0,nM,CN1C(=O)[C@H](CCCNC(=N)N)NC(=O)[C@@H](Cc2ccc(O)cc2)NC(=O)[C@H](Cc2ccc3ccccc3c2)N(C)C(=O)[C@H](Cc2ccc3ccccc3c2)NC(=O)[C@@H]1CCCNC(N)=O,30000.0,0
B,,3187.85,,,IC50,=,102.0,nM,CC(C)C[C@H](NC(=O)[C@H](CO)NC(=O)[C@@H](NC(=O)[C@@H]1CCCN1C(=O)[C@@H](N)CCCCN)C(C)C)C(=O)N[C@@H](CO)C(=O)N[C@@H](Cc1ccc(OCc2ccccc2)cc1)C(=O)N[C@@H](CCCNC(=N)N)C(=O)N[C@@H](CO)C(=O)N[C@@H](C)C(=O)NCCCC[C@H](NC(=O)[C@@H]1CSSC[C@H](NC(=O)[C@H](Cc2ccc3ccccc3c2)NC(=O)[C@H](CCCNC(=N)N)NC(=O)[C@@H](N)CCCNC(=N)N)C(=O)N[C@@H](Cc2ccc(O)cc2)C(=O)N[C@@H](CCCNC(=N)N)C(=O)N[C@@H](CCCCN)C(=O)N[C@H](CCCCN)C(=O)N2CCC[C@H]2C(=O)N[C@@H](Cc2ccc(O)cc2)C(=O)N[C@@H](CCCNC(=N)N)C(=O)N[C@@H](CCCNC(=N)N)C(=O)N1)C(=O)O,102.0,1
F,,513.69,5.54,2.0,IC50,=,949.0,nM,CC(C)(C)OC(=O)Cn1c2ccccc2c2cc(CN(CCCCN)[C@H]3CCCc4cccnc43)ncc21,949.0,0
B,,1925.33,,,IC50,=,3.9,nM,COc1ccc(C[C@H]2NC(=O)[C@@H]3CCCN3C(=O)[C@@H](CCCCN)NC(=O)[C@H](CCCCN)NC(=O)[C@@H](CCCN=C(N)N)NC(=O)[C@H](Cc3ccc(O)cc3)NC(=O)[C@@H](NC(=O)[C@@H](C)NC(=O)[C@@H](CCCN=C(N)N)NC(=O)[C@H](N)CCCN=C(N)N)CSSC[C@H](C(=O)N[C@H](CCCN=C(N)N)C(=O)O)NC(=O)[C@@H](CCCNC(N)=O)NC(=O)[C@H](CCCN=C(N)N)NC2=O)cc1,3.9,1
F,,349.48,3.58,0.0,IC50,=,11.0,nM,NCCCCN(Cc1nc2ccccc2[nH]1)C1CCCc2cccnc21,20.5,1
B,,747.74,,,IC50,=,151.36,nM,Cc1cc(C)n2c1C=C1C=C(CCC(=O)NCCCCCC(=O)NCCCc3c(CN(C)[C@H]4CCCc5cccnc54)ncc4ccccc34)C=[N+]1[B-]2(F)F,89.14000000000001,1
B,,769.91,-0.2,2.0,IC50,>,30000.0,nM,N=C(N)NCCC[C@@H]1NC(=O)[C@@H](Cc2ccc(O)cc2)NC(=O)[C@@H]2CCCN2C(=O)[C@H](Cc2ccc3ccccc3c2)NC(=O)[C@@H](CCCNC(=N)N)NC1=O,30000.0,0
B,,434.72,6.15,1.0,IC50,=,27.0,nM,C1=C(CS/C(=N\C2CCCCCCC2)NC2CCCCCCC2)N2CCN=C2S1,16.15,1
F,,490.74,4.91,0.0,IC50,=,43.8,nM,CC(C)(CCN(C[C@H]1Cc2ccccc2CN1)[C@H]1CCCc2cccnc21)CNCC1CCOCC1,43.8,1
F,,482.66,5.42,1.0,IC50,=,3.71,nM,FC1(F)CCC(NCCCCN(C[C@H]2Cc3ccccc3CN2)[C@H]2CCCc3cccnc32)CC1,3.71,1
F,,468.65,4.68,0.0,IC50,=,1955.0,nM,c1cnc2c(c1)CCCC2N(CCCCN1CCNCC1)Cc1nccc2c1[nH]c1ccccc12,1955.0,0
B,,866.04,-3.31,3.0,IC50,>,10000.0,nM,CC(=O)N[C@@H](CCCNC(=N)N)C(=O)N[C@@H](C)C(=O)N[C@@H]1CSSC[C@@H](C(=O)O)NC(=O)[C@H](Cc2ccccc2)NC(=O)[C@H](C)NC(=O)[C@H](CCCNC(=N)N)NC1=O,10000.0,0
B,,783.94,0.14,2.0,IC50,>,30000.0,nM,CN1C(=O)[C@@H](Cc2ccc(O)cc2)NC(=O)[C@@H]2CCCN2C(=O)[C@H](Cc2ccc3ccccc3c2)NC(=O)[C@H](CCCNC(=N)N)NC(=O)[C@@H]1CCCNC(=N)N,30000.0,0
B,,873.03,1.85,2.0,IC50,>,30000.0,nM,CN1C(=O)[C@H](CCCNC(=N)N)NC(=O)[C@@H](Cc2ccc(C(=O)c3ccccc3)cc2)NC(=O)[C@@H]2CCCN2C(=O)[C@H](Cc2ccc3ccccc3c2)NC(=O)[C@@H]1CCCNC(N)=O,30000.0,0
F,,376.55,3.38,0.0,IC50,=,8.6,nM,C/C(=C/CN(C[C@H]1Cc2ccccc2CN1)[C@H]1CCCc2cccnc21)CN,8.6,1
B,,782.95,1.01,2.0,IC50,>,30000.0,nM,CN1C(=O)[C@H](CCCNC(=N)N)NC(=O)[C@@H](CCc2ccccc2)NC(=O)[C@@H]2CCCN2C(=O)[C@H](Cc2ccc3ccccc3c2)NC(=O)[C@@H]1CCCNC(N)=O,30000.0,0
F,,374.53,3.49,0.0,IC50,=,5751.0,nM,NCCCCN(Cc1ccc2ccccc2n1)C[C@H]1Cc2ccccc2CN1,5751.0,0
B,,942.14,-2.09,3.0,IC50,>,10000.0,nM,CC(=O)N[C@@H](CCCNC(=N)N)C(=O)N[C@H](C)C(=O)N[C@H]1CSSC[C@@H](C(=O)O)NC(=O)[C@H](Cc2ccccc2)NC(=O)[C@H](Cc2ccccc2)NC(=O)[C@H](CCCNC(=N)N)NC1=O,10000.0,0
F,,456.59,3.69,0.0,IC50,=,17.0,nM,NCCCCN(Cc1nccc2c3ccccc3n(CC(N)=O)c12)[C@H]1CCCc2cccnc21,17.5,1
F,,482.54,5.27,1.0,IC50,>,10000.0,nM,CCCCN(Cc1ccc(-c2ccccc2-c2nnn[nH]2)cc1)c1nc2cc(C(=O)OC)ccc2o1,10000.0,0
B,,756.86,0.74,2.0,IC50,>,30000.0,nM,CN1C(=O)[C@H](CCCNC(=N)N)NC(=O)[C@@H](Cc2ccc(O)cc2)NC(=O)[C@@H]2CCCN2C(=O)[C@H](Cc2ccc3ccccc3c2)NC(=O)[C@@H]1CCC(=O)O,30000.0,0
B,,644.73,-0.32,2.0,IC50,>,1000.0,nM,C[C@@H]1NC(=O)[C@H](Cc2ccc3ccccc3c2)NC(=O)CNC(=O)[C@@H](Cc2ccc(O)cc2)NC(=O)[C@@H](CCCNC(=N)N)NC1=O,1000.0,0
F,,521.06,6.01,1.0,IC50,=,1258.93,nM,Clc1ccccc1CN1CCC(CNCc2cccc(-c3ccccc3)c2)CC1.O=C(O)/C=C/C(=O)O,1225.7424999999998,0
F,,503.69,5.36,2.0,IC50,=,134.0,nM,c1ccc2c(c1)CN[C@@H](CN(Cc1ccc(CNCc3ccncc3)cc1)[C@H]1CCCc3cccnc31)C2,134.0,1
B,,741.89,0.62,2.0,IC50,>,30000.0,nM,CN1C(=O)[C@H](CCCN)NC(=O)[C@@H](Cc2ccc(O)cc2)NC(=O)[C@@H]2CCCN2C(=O)[C@H](Cc2ccc3ccccc3c2)NC(=O)[C@@H]1CCCNC(=N)N,30000.0,0
B,,352.49,2.27,0.0,IC50,>,10000.0,nM,Cc1nc(CN2CCC[C@@H]2c2ccccn2)cc(N2CCN(C)CC2)n1,10000.0,0
B,,743.87,-0.08,2.0,IC50,=,60.0,nM,CC(=O)NCCC[C@@H]1C(=O)N[C@@H](CCCNC(=N)N)C(=O)N[C@@H](Cc2ccc3ccccc3c2)C(=O)NCC(=O)N[C@H](Cc2ccc(O)cc2)C(=O)N1C,60.0,1
B,,345.49,4.1,0.0,IC50,>,10000.0,nM,CC1CCCc2sc(NC(=S)Nc3ccccc3)c(C(N)=O)c21,10000.0,0
F,,318.42,3.06,0.0,IC50,>,10000.0,nM,c1ccc(CNCc2ccc(CNCc3ccccn3)cc2)nc1,10000.0,0
F,,961.05,-4.09,3.0,IC50,=,100.0,nM,CC(=O)N[C@@H](CCCNC(=N)N)C(=O)N[C@@H](C)C(=O)N[C@@H]1CNC(=O)[C@@H](CC(=O)O)NC(=O)[C@H](Cc2c[nH]cn2)NC(=O)[C@H](Cc2ccc3ccccc3c2)NC(=O)[C@H](CCCNC(=N)N)NC1=O,100.0,1
F,,324.47,3.4,0.0,IC50,=,91.0,nM,Cc1ccnc(CN(CCCCN)C2CCCc3cccnc32)c1,91.0,1
B,,418.58,5.36,1.0,IC50,>,10000.0,nM,CC(C)(C)OC(=O)c1c(NC(=S)Nc2ccccc2)sc2c1COC(C)(C)C2,10000.0,0
B,,698.83,0.9,2.0,IC50,>,30000.0,nM,C[C@H]1C(=O)N[C@@H](Cc2ccc3ccccc3c2)C(=O)N2CCC[C@H]2C(=O)N[C@H](Cc2ccc(O)cc2)C(=O)N[C@@H](CCCNC(=N)N)C(=O)N1C,30000.0,0
F,,427.6,5.38,1.0,IC50,=,699.0,nM,CCNCCCCN(Cc1nccc2c1[nH]c1ccccc12)[C@H]1CCCc2cccnc21,699.0,0
F,,511.67,3.24,1.0,IC50,=,9.0,nM,NC(=O)Cn1c2ccccc2c2ccnc(CN(CCCN3CCNCC3)[C@H]3CCCc4cccnc43)c21,9.0,1
B,,2114.4,,,IC50,=,39.0,nM,CN1C(=O)[C@@H](Cc2ccc(O)cc2)NC(=O)CNC(=O)[C@H](Cc2ccc3ccccc3c2)NC(=O)[C@H](CCCNC(=N)N)NC(=O)[C@H]1CCCNC(=O)CNC(=O)C[C@H](NC(=O)CCCCCNC(=O)CN1CCN(CC(=O)O)CCN(CC(=O)O)CCN(CC(=O)O)CC1)C(=O)NCC(=O)NCCC[C@@H]1C(=O)N[C@@H](CCCNC(=N)N)C(=O)N[C@@H](Cc2ccc3ccccc3c2)C(=O)NCC(=O)N[C@H](Cc2ccc(O)cc2)C(=O)N1C,39.0,1
F,,2023.44,,,IC50,=,12.4,nM,NCCCC[C@@H]1NC(=O)[C@@H](CCCCN)NC(=O)[C@H](CCCNC(N)=O)NC(=O)[C@@H](Cc2ccc(O)cc2)NC(=O)[C@H](NC(=O)[C@@H](NC(=O)[C@H](CCCN=C(N)N)NC(=O)[C@@H](N)CCCN=C(N)N)c2ccc3ccccc3c2)CSSC[C@H](C(=O)N[C@@H](CCCN=C(N)N)C(N)=O)NC(=O)[C@H](CCCNC(N)=O)NC(=O)[C@H](CCCN=C(N)N)NC(=O)[C@H](Cc2ccc(O)cc2)NC(=O)[C@H]2CCCN2C1=O,12.4,1
F,,451.62,3.11,0.0,IC50,=,18.0,nM,NCCCCN(C[C@H]1CN(C(=O)OCc2ccccc2)CCN1)[C@H]1CCCc2cccnc21,18.0,1
B,,464.74,5.64,1.0,IC50,=,40.8,nM,c1ccc2c(CNCCCNC3CCCCC3)ccc(CNCCCNC3CCCCC3)c2c1,40.8,1
B,,3099.72,,,IC50,=,78.0,nM,CC(C)C[C@H](NC(=O)[C@H](CO)NC(=O)[C@@H](NC(=O)[C@@H]1CCCN1C(=O)[C@@H](N)CCCCN)C(C)C)C(=O)N[C@@H](CO)C(=O)N[C@@H](Cc1ccc(F)cc1)C(=O)N[C@@H](CCCNC(=N)N)C(=O)N[C@@H](CO)C(=O)N[C@@H](C)C(=O)NCCCC[C@H](NC(=O)[C@@H]1CSSC[C@H](NC(=O)[C@H](Cc2ccc3ccccc3c2)NC(=O)[C@H](CCCNC(=N)N)NC(=O)[C@@H](N)CCCNC(=N)N)C(=O)N[C@@H](Cc2ccc(O)cc2)C(=O)N[C@@H](CCCNC(=N)N)C(=O)N[C@@H](CCCCN)C(=O)N[C@H](CCCCN)C(=O)N2CCC[C@H]2C(=O)N[C@@H](Cc2ccc(O)cc2)C(=O)N[C@@H](CCCNC(=N)N)C(=O)N[C@@H](CCCNC(=N)N)C(=O)N1)C(=O)O,78.0,1
B,,432.61,5.96,1.0,IC50,>,10000.0,nM,COc1cccc(NC(=S)Nc2sc3c(c2C(=O)OC(C)(C)C)C(C)CCC3)c1,10000.0,0
B,,728.86,-0.62,2.0,IC50,=,9.4,nM,N=C(N)NCCC[C@@H]1NC(=O)[C@H](CCCNC(=N)N)NC(=O)[C@@H](Cc2ccc(O)cc2)NC(=N)CNC(=O)[C@H](Cc2ccc3ccccc3c2)NC1=O,9.4,1
B,,3681.41,,,IC50,=,44.0,nM,CC(=O)N[C@@H](CCCCNC(=O)CSC[C@H]1NC(=O)[C@H](Cc2ccc3ccccc3c2)NC(=O)[C@H](CCCNC(=N)N)NC(=O)[C@H](CCCNC(=N)N)NC(=O)[C@@H](Cc2ccc(O)cc2)NC1=O)C(=O)N1CCC[C@H]1C(=O)N1CCC[C@H]1C(=O)N1CCC[C@H]1C(=O)N1CCC[C@H]1C(=O)N1CCC[C@H]1C(=O)N1CCC[C@H]1C(=O)N1CCC[C@H]1C(=O)N1CCC[C@H]1C(=O)N1CCC[C@H]1C(=O)N1CCC[C@H]1C(=O)N1CCC[C@H]1C(=O)N1CCC[C@H]1C(=O)N1CCC[C@H]1C(=O)N1CCC[C@H]1C(=O)N1CCC[C@H]1C(=O)N1CCC[C@H]1C(=O)N1CCC[C@H]1C(=O)N1CCC[C@H]1C(=O)N[C@@H](CCCCNC(=O)CS[C@H]1NC(=O)[C@H](Cc2ccc3ccccc3c2)NC(=O)[C@H](CCCNC(=N)N)NC(=O)[C@H](CCCNC(=N)N)NC(=O)[C@@H](Cc2ccc(O)cc2)NC1=O)C(N)=O,44.0,1
B,,769.91,-0.2,2.0,IC50,>,30000.0,nM,N=C(N)NCCC[C@@H]1NC(=O)[C@H](CCCNC(=N)N)NC(=O)[C@@H](Cc2ccc(O)cc2)NC(=O)[C@H]2CCCN2C(=O)[C@H](Cc2ccc3ccccc3c2)NC1=O,30000.0,0
F,,539.73,4.02,1.0,IC50,=,20.0,nM,NCCCCN(Cc1nccc2c3ccccc3n(CCCN3CCNCC3=O)c12)[C@H]1CCCc2cccnc21,20.0,1
B,,551.78,4.2,1.0,IC50,=,1.6,nM,c1ccc(CN(Cc2ccc3c(CN4CCCNCCNCCCNCC4)cccc3c2)Cc2ccccn2)nc1,1.6,1
F,,405.59,3.27,0.0,IC50,=,18.1,nM,CN(C[C@H]1Cc2c(cccc2NC2CCNCC2)CN1)[C@H]1CCCc2cccnc21,18.1,1
B,,657.78,-2.23,2.0,IC50,>,30000.0,nM,C[C@@H]1NC(=O)[C@H](CCCNC(=N)N)N(C)C(=O)[C@H](CCCNC(=N)N)NC(=O)[C@@H](Cc2ccc(O)cc2)NC(=O)[C@@H]2CCCN2C1=O,30000.0,0
B,,728.86,-0.62,2.0,IC50,=,11.0,nM,N=C(N)NCCC[C@@H]1NC(=O)[C@H](CCCNC(=N)N)NC(=O)[C@@H](Cc2ccc(O)cc2)NC(=O)CNC(=O)[C@H](Cc2ccc3ccccc3c2)NC1=N,11.0,1
B,,942.14,-2.09,3.0,IC50,>,10000.0,nM,CC(=O)N[C@@H](CCCNC(=N)N)C(=O)N[C@@H](C)C(=O)N[C@H]1CSSC[C@@H](C(=O)O)NC(=O)[C@H](Cc2ccccc2)NC(=O)[C@@H](Cc2ccccc2)NC(=O)[C@H](CCCNC(=N)N)NC1=O,10000.0,0
B,,3863.64,,,IC50,=,86.0,nM,[N-]=[N+]=NCCCCCC(=O)NCCCC(=O)N[C@@H](CCCCNC(=O)CSC[C@H]1NC(=O)[C@H](Cc2ccc3ccccc3c2)NC(=O)[C@H](CCCNC(=N)N)NC(=O)[C@H](CCCNC(=N)N)NC(=O)[C@@H](Cc2ccc(O)cc2)NC1=O)C(=O)N1CCC[C@H]1C(=O)N1CCC[C@H]1C(=O)N1CCC[C@H]1C(=O)N1CCC[C@H]1C(=O)N1CCC[C@H]1C(=O)N1CCC[C@H]1C(=O)N1CCC[C@H]1C(=O)N1CCC[C@H]1C(=O)N1CCC[C@H]1C(=O)N1CCC[C@H]1C(=O)N1CCC[C@H]1C(=O)N1CCC[C@H]1C(=O)N1CCC[C@H]1C(=O)N1CCC[C@H]1C(=O)N1CCC[C@H]1C(=O)N1CCC[C@H]1C(=O)N1CCC[C@H]1C(=O)N1CCC[C@H]1C(=O)N[C@@H](CCCCNC(=O)CS[C@@H]1NC(=O)[C@H](Cc2ccc3ccccc3c2)NC(=O)[C@H](CCCNC(=N)N)NC(=O)[C@H](CCCNC(=N)N)NC(=O)[C@@H](Cc2ccc(O)cc2)NC1=O)C(N)=O,86.0,1
B,,380.63,4.46,0.0,IC50,=,10000.0,nM,C/N=c1/scc(CS/C(=N\C2CCCCC2)NC2CCCCC2)n1C,9565.0,0
F,,459.51,5.28,1.0,IC50,>,10000.0,nM,c1ccc(CN(Cc2ccc(-c3ccccc3-c3nnn[nH]3)cc2)c2nc3ccccc3o2)nc1,10000.0,0
F,,324.47,3.4,0.0,IC50,=,53.0,nM,Cc1cccc(CN(CCCCN)C2CCCc3cccnc32)n1,53.0,1
B,,391.52,2.31,0.0,IC50,=,33.0,nM,Cc1nc(CN(C)C2CCCc3cccnc32)c(C#N)c(N2CCN(C)CC2)n1,33.0,1
F,,399.54,4.73,0.0,IC50,=,100.0,nM,NCCCCN(Cc1cc2c(cn1)[nH]c1ccccc12)[C@H]1CCCc2cccnc21,100.0,1
B,,398.51,3.89,0.0,IC50,=,19.8,nM,NCc1ncccc1CN(Cc1nc2ccccc2[nH]1)[C@H]1CCCc2cccnc21,19.8,1
F,,513.69,5.54,2.0,IC50,=,1.0,nM,CC(C)(C)OC(=O)Cn1c2ccccc2c2ccnc(CN(CCCCN)[C@H]3CCCc4cccnc43)c21,1.0,1
B,,613.81,1.88,3.0,IC50,=,71.1,nM,Cc1cc(NC2CCN(C(=O)CC[C@H](N)C(=O)O)CC2)nc(NCc2cn(CCCNCCCNC3CCCCC3)nn2)n1,71.1,1
F,,489.67,6.25,1.0,IC50,=,47.0,nM,NCCCCN(Cc1nccc2c3ccccc3n(Cc3ccccc3)c12)[C@H]1CCCc2cccnc21,47.0,1
B,,389.53,4.56,0.0,IC50,=,88.9,nM,NCc1cscc1N(Cc1nc2ccccc2[nH]1)[C@H]1CCCc2cccnc21,88.9,1
F,,417.53,4.87,0.0,IC50,=,565.0,nM,NCCCCN(Cc1nccc2c1[nH]c1cc(F)ccc12)C1CCCc2cccnc21,565.0,0
F,,498.68,3.75,0.0,IC50,=,56.0,nM,OCCn1c2ccccc2c2ccnc(CN(CCCN3CCNCC3)C3CCCc4cccnc43)c21,34.0,1
F,,509.61,5.33,2.0,IC50,>,10000.0,nM,CCCCN(c1nc2cc(CC(=O)NC)ccc2o1)[C@H](C)c1ccc(-c2ccccc2-c2nnn[nH]2)cc1,10000.0,0
B,,1010.22,,,IC50,=,6.0,nM,CC(=O)N[C@@H](CCCNC(=N)N)C(=O)N[C@@H](C)C(=O)N[C@@H]1CSSC(C)(C)[C@@H](C(=O)O)NC(=O)[C@H](Cc2cnc[nH]2)NC(=O)[C@H](Cc2ccc3ccccc3c2)NC(=O)[C@H](CCCNC(=N)N)NC1=O,13.0,1
B,,449.65,2.91,0.0,IC50,=,96.0,nM,Cc1nc(CN(C)[C@H]2CCCc3cccnc32)cc(N2CCC(N3CCN(C)CC3)CC2)n1,96.0,1
F,,379.55,2.25,0.0,IC50,=,21.4,nM,Cc1cnc(CN(C)C[C@H]2Cc3c(cccc3N3CCNCC3)CN2)c(C)c1,21.4,1
B,,691.84,-0.79,2.0,IC50,>,30000.0,nM,C[C@H]1NC(=O)[C@@H]2CCCN2C(=O)[C@H](Cc2ccc3ccccc3c2)NC(=O)[C@H](CCCNC(=N)N)N(C)C(=O)[C@H](CCCNC(=N)N)NC1=O,30000.0,0
F,,405.59,3.03,0.0,IC50,=,33.4,nM,CN(C[C@H]1Cc2c(cccc2N2CCC(N)CC2)CN1)[C@H]1CCCc2cccnc21,33.4,1
F,,476.71,4.66,0.0,IC50,=,36.3,nM,CC(C)(CCN(C[C@H]1Cc2ccccc2CN1)[C@H]1CCCc2cccnc21)CNC1CCOCC1,36.3,1
