"Molecule ChEMBL ID";"Molecule Name";"Molecule Max Phase";"Molecular Weight";"#RO5 Violations";"AlogP";"Compound Key";"Smiles";"Standard Type";"Standard Relation";"Standard Value";"Standard Units";"pChEMBL Value";"Data Validity Comment";"Comment";"Uo Units";"Ligand Efficiency BEI";"Ligand Efficiency LE";"Ligand Efficiency LLE";"Ligand Efficiency SEI";"Potential Duplicate";"Assay ChEMBL ID";"Assay Description";"Assay Type";"BAO Format ID";"BAO Label";"Assay Organism";"Assay Tissue ChEMBL ID";"Assay Tissue Name";"Assay Cell Type";"Assay Subcellular Fraction";"Assay Parameters";"Assay Variant Accession";"Assay Variant Mutation";"Target ChEMBL ID";"Target Name";"Target Organism";"Target Type";"Document ChEMBL ID";"Source ID";"Source Description";"Document Journal";"Document Year";"Cell ChEMBL ID";"Properties";"Action Type";"Standard Text Value";"Value"
"CHEMBL119443";"ERGONOVINE";"3.0";"325.41";"0";"1.53";"ERGONOVINE";"C[C@@H](CO)NC(=O)[C@@H]1C=C2c3cccc4[nH]cc(c34)C[C@H]2N(C)C1";"Ki";"";"";"";"";"";"Inhibition < 50% @ 10 uM and thus dose-reponse curve not measured";"";"";"";"";"";"0";"CHEMBL1909126";"DRUGMATRIX: Chemokine CCR5 radioligand binding (ligand: [125I] MIP-1alpha)";"B";"BAO_0000249";"cell membrane format";"None";"None";"None";"HEK293";"Membrane";"";"";"";"CHEMBL274";"C-C chemokine receptor type 5";"Homo sapiens";"SINGLE PROTEIN";"CHEMBL1909046";"15";"DrugMatrix";"";"";"CHEMBL3307715";"";"";"Not Active";""
"CHEMBL407";"FLUMAZENIL";"4.0";"303.29";"0";"1.77";"FLUMAZENIL";"CCOC(=O)c1ncn2c1CN(C)C(=O)c1cc(F)ccc1-2";"Ki";"";"";"";"";"";"Inhibition < 50% @ 10 uM and thus dose-reponse curve not measured";"";"";"";"";"";"0";"CHEMBL1909126";"DRUGMATRIX: Chemokine CCR5 radioligand binding (ligand: [125I] MIP-1alpha)";"B";"BAO_0000249";"cell membrane format";"None";"None";"None";"HEK293";"Membrane";"";"";"";"CHEMBL274";"C-C chemokine receptor type 5";"Homo sapiens";"SINGLE PROTEIN";"CHEMBL1909046";"15";"DrugMatrix";"";"";"CHEMBL3307715";"";"";"Not Active";""
"CHEMBL95764";"GLYPHOSATE";"None";"169.07";"0";"-1.20";"GLYPHOSATE";"O=C(O)CNCP(=O)(O)O";"Ki";"";"";"";"";"";"Inhibition < 50% @ 10 uM and thus dose-reponse curve not measured";"";"";"";"";"";"0";"CHEMBL1909126";"DRUGMATRIX: Chemokine CCR5 radioligand binding (ligand: [125I] MIP-1alpha)";"B";"BAO_0000249";"cell membrane format";"None";"None";"None";"HEK293";"Membrane";"";"";"";"CHEMBL274";"C-C chemokine receptor type 5";"Homo sapiens";"SINGLE PROTEIN";"CHEMBL1909046";"15";"DrugMatrix";"";"";"CHEMBL3307715";"";"";"Not Active";""
"CHEMBL989";"FLUOCINOLONE ACETONIDE";"4.0";"452.49";"0";"2.37";"FLUOCINOLONE ACETONIDE";"CC1(C)O[C@@H]2C[C@H]3[C@@H]4C[C@H](F)C5=CC(=O)C=C[C@]5(C)[C@@]4(F)[C@@H](O)C[C@]3(C)[C@]2(C(=O)CO)O1";"Ki";"";"";"";"";"";"Inhibition < 50% @ 10 uM and thus dose-reponse curve not measured";"";"";"";"";"";"0";"CHEMBL1909126";"DRUGMATRIX: Chemokine CCR5 radioligand binding (ligand: [125I] MIP-1alpha)";"B";"BAO_0000249";"cell membrane format";"None";"None";"None";"HEK293";"Membrane";"";"";"";"CHEMBL274";"C-C chemokine receptor type 5";"Homo sapiens";"SINGLE PROTEIN";"CHEMBL1909046";"15";"DrugMatrix";"";"";"CHEMBL3307715";"";"";"Not Active";""
"CHEMBL1103";"FURAZOLIDONE";"4.0";"225.16";"0";"0.97";"FURAZOLIDONE";"O=C1OCCN1/N=C/c1ccc([N+](=O)[O-])o1";"Ki";"";"";"";"";"";"Inhibition < 50% @ 10 uM and thus dose-reponse curve not measured";"";"";"";"";"";"0";"CHEMBL1909126";"DRUGMATRIX: Chemokine CCR5 radioligand binding (ligand: [125I] MIP-1alpha)";"B";"BAO_0000249";"cell membrane format";"None";"None";"None";"HEK293";"Membrane";"";"";"";"CHEMBL274";"C-C chemokine receptor type 5";"Homo sapiens";"SINGLE PROTEIN";"CHEMBL1909046";"15";"DrugMatrix";"";"";"CHEMBL3307715";"";"";"Not Active";""
"CHEMBL1201353";"DEXCHLORPHENIRAMINE";"4.0";"274.80";"0";"3.82";"DEXCHLORPHENIRAMINE";"CN(C)CC[C@@H](c1ccc(Cl)cc1)c1ccccn1";"Ki";"";"";"";"";"";"Inhibition < 50% @ 10 uM and thus dose-reponse curve not measured";"";"";"";"";"";"0";"CHEMBL1909126";"DRUGMATRIX: Chemokine CCR5 radioligand binding (ligand: [125I] MIP-1alpha)";"B";"BAO_0000249";"cell membrane format";"None";"None";"None";"HEK293";"Membrane";"";"";"";"CHEMBL274";"C-C chemokine receptor type 5";"Homo sapiens";"SINGLE PROTEIN";"CHEMBL1909046";"15";"DrugMatrix";"";"";"CHEMBL3307715";"";"";"Not Active";""
"CHEMBL167911";"DICHLORVOS";"2.0";"220.98";"0";"2.68";"DICHLORVOS";"COP(=O)(OC)OC=C(Cl)Cl";"Ki";"";"";"";"";"";"Inhibition < 50% @ 10 uM and thus dose-reponse curve not measured";"";"";"";"";"";"0";"CHEMBL1909126";"DRUGMATRIX: Chemokine CCR5 radioligand binding (ligand: [125I] MIP-1alpha)";"B";"BAO_0000249";"cell membrane format";"None";"None";"None";"HEK293";"Membrane";"";"";"";"CHEMBL274";"C-C chemokine receptor type 5";"Homo sapiens";"SINGLE PROTEIN";"CHEMBL1909046";"15";"DrugMatrix";"";"";"CHEMBL3307715";"";"";"Not Active";""
"CHEMBL1909076";"";"None";"270.38";"0";"1.21";"S-(N-BENZYLTHIOCARBAMOYL)-L-CYSTEINE";"N[C@H](CSC(=S)NCc1ccccc1)C(=O)O";"Ki";"";"";"";"";"";"Inhibition < 50% @ 10 uM and thus dose-reponse curve not measured";"";"";"";"";"";"0";"CHEMBL1909126";"DRUGMATRIX: Chemokine CCR5 radioligand binding (ligand: [125I] MIP-1alpha)";"B";"BAO_0000249";"cell membrane format";"None";"None";"None";"HEK293";"Membrane";"";"";"";"CHEMBL274";"C-C chemokine receptor type 5";"Homo sapiens";"SINGLE PROTEIN";"CHEMBL1909046";"15";"DrugMatrix";"";"";"CHEMBL3307715";"";"";"Not Active";""
"CHEMBL714";"ALBUTEROL";"4.0";"239.31";"0";"1.31";"SALBUTAMOL";"CC(C)(C)NCC(O)c1ccc(O)c(CO)c1";"Ki";"";"";"";"";"";"Inhibition < 50% @ 10 uM and thus dose-reponse curve not measured";"";"";"";"";"";"0";"CHEMBL1909126";"DRUGMATRIX: Chemokine CCR5 radioligand binding (ligand: [125I] MIP-1alpha)";"B";"BAO_0000249";"cell membrane format";"None";"None";"None";"HEK293";"Membrane";"";"";"";"CHEMBL274";"C-C chemokine receptor type 5";"Homo sapiens";"SINGLE PROTEIN";"CHEMBL1909046";"15";"DrugMatrix";"";"";"CHEMBL3307715";"";"";"Not Active";""
"CHEMBL498847";"SECNIDAZOLE";"4.0";"185.18";"0";"0.48";"SECNIDAZOLE";"Cc1ncc([N+](=O)[O-])n1CC(C)O";"Ki";"";"";"";"";"";"Inhibition < 50% @ 10 uM and thus dose-reponse curve not measured";"";"";"";"";"";"0";"CHEMBL1909126";"DRUGMATRIX: Chemokine CCR5 radioligand binding (ligand: [125I] MIP-1alpha)";"B";"BAO_0000249";"cell membrane format";"None";"None";"None";"HEK293";"Membrane";"";"";"";"CHEMBL274";"C-C chemokine receptor type 5";"Homo sapiens";"SINGLE PROTEIN";"CHEMBL1909046";"15";"DrugMatrix";"";"";"CHEMBL3307715";"";"";"Not Active";""
"CHEMBL625";"THIABENDAZOLE";"4.0";"201.25";"0";"2.69";"THIABENDAZOLE";"c1ccc2[nH]c(-c3cscn3)nc2c1";"Ki";"";"";"";"";"";"Inhibition < 50% @ 10 uM and thus dose-reponse curve not measured";"";"";"";"";"";"0";"CHEMBL1909126";"DRUGMATRIX: Chemokine CCR5 radioligand binding (ligand: [125I] MIP-1alpha)";"B";"BAO_0000249";"cell membrane format";"None";"None";"None";"HEK293";"Membrane";"";"";"";"CHEMBL274";"C-C chemokine receptor type 5";"Homo sapiens";"SINGLE PROTEIN";"CHEMBL1909046";"15";"DrugMatrix";"";"";"CHEMBL3307715";"";"";"Not Active";""
"CHEMBL1219";"RABEPRAZOLE";"4.0";"359.45";"0";"2.99";"RABEPRAZOLE";"COCCCOc1ccnc(C[S+]([O-])c2nc3ccccc3[nH]2)c1C";"Ki";"";"";"";"";"";"Inhibition < 50% @ 10 uM and thus dose-reponse curve not measured";"";"";"";"";"";"0";"CHEMBL1909126";"DRUGMATRIX: Chemokine CCR5 radioligand binding (ligand: [125I] MIP-1alpha)";"B";"BAO_0000249";"cell membrane format";"None";"None";"None";"HEK293";"Membrane";"";"";"";"CHEMBL274";"C-C chemokine receptor type 5";"Homo sapiens";"SINGLE PROTEIN";"CHEMBL1909046";"15";"DrugMatrix";"";"";"CHEMBL3307715";"";"";"Not Active";""
"CHEMBL78535";"ANCRIVIROC";"2.0";"557.53";"1";"4.85";"1";"CCO/N=C(\c1ccc(Br)cc1)C1CCN(C2(C)CCN(C(=O)c3c(C)cc[n+]([O-])c3C)CC2)CC1";"Ki";"'='";"2.1";"nM";"8.68";"";"";"UO_0000065";"15.56";"0.33";"3.83";"12.04";"0";"CHEMBL649944";"Inhibition of RANTES binding to C-C chemokine receptor type 5";"B";"BAO_0000357";"single protein format";"None";"None";"None";"None";"None";"";"";"";"CHEMBL274";"C-C chemokine receptor type 5";"Homo sapiens";"SINGLE PROTEIN";"CHEMBL1134621";"1";"Scientific Literature";"J Med Chem";"2001";"None";"";"";"";"2.1"
"CHEMBL161664";"";"None";"557.53";"1";"4.85";"11b";"CCO/N=C(\c1ccc(Br)cc1)C1CCN(C2(C)CCN(C(=O)c3c(C)c[n+]([O-])cc3C)CC2)CC1";"Ki";"'='";"8.8";"nM";"8.06";"";"";"UO_0000065";"14.45";"0.31";"3.21";"11.18";"0";"CHEMBL650119";"Inhibition of [125I]RANTES binding to CCR5 receptor.";"B";"BAO_0000357";"single protein format";"None";"None";"None";"None";"None";"";"";"";"CHEMBL274";"C-C chemokine receptor type 5";"Homo sapiens";"SINGLE PROTEIN";"CHEMBL1136595";"1";"Scientific Literature";"Bioorg Med Chem Lett";"2003";"None";"";"";"";"8.8"
"CHEMBL292625";"";"None";"484.48";"1";"5.64";"101";"Cc1cccc(C)c1C(=O)N1CCC(C)(N2CCC(Nc3ccc(Br)cc3)CC2)CC1";"Ki";"'='";"7.0";"nM";"8.15";"";"";"UO_0000065";"16.83";"0.36";"2.51";"22.92";"1";"CHEMBL649945";"Inhibition of RANTES binding to the human C-C chemokine receptor type 5 (CCR5)";"B";"BAO_0000357";"single protein format";"None";"None";"None";"None";"None";"";"";"";"CHEMBL274";"C-C chemokine receptor type 5";"Homo sapiens";"SINGLE PROTEIN";"CHEMBL1144903";"1";"Scientific Literature";"J Med Chem";"2003";"None";"";"";"";"7.0"
"CHEMBL138028";"";"None";"527.51";"2";"5.30";"33";"CCO/N=C(/c1ccc(Br)cc1)C1CCN(C2(C)CCN(C(=O)c3cccnc3C)CC2)CC1";"Ki";"'='";"26.0";"nM";"7.58";"";"";"UO_0000065";"14.38";"0.30";"2.29";"13.07";"0";"CHEMBL649945";"Inhibition of RANTES binding to the human C-C chemokine receptor type 5 (CCR5)";"B";"BAO_0000357";"single protein format";"None";"None";"None";"None";"None";"";"";"";"CHEMBL274";"C-C chemokine receptor type 5";"Homo sapiens";"SINGLE PROTEIN";"CHEMBL1144903";"1";"Scientific Literature";"J Med Chem";"2003";"None";"";"";"";"26.0"
"CHEMBL335120";"";"None";"556.55";"2";"5.31";"92";"CCO/N=C(/c1ccc(Br)cc1)C1CCN(C2(C)CCN(C(=O)c3c(C)nc(C)nc3C)CC2)CC1";"Ki";"'='";"2.1";"nM";"8.68";"";"";"UO_0000065";"15.59";"0.33";"3.37";"12.24";"0";"CHEMBL649945";"Inhibition of RANTES binding to the human C-C chemokine receptor type 5 (CCR5)";"B";"BAO_0000357";"single protein format";"None";"None";"None";"None";"None";"";"";"";"CHEMBL274";"C-C chemokine receptor type 5";"Homo sapiens";"SINGLE PROTEIN";"CHEMBL1144903";"1";"Scientific Literature";"J Med Chem";"2003";"None";"";"";"";"2.1"
"CHEMBL336246";"";"None";"557.53";"2";"5.31";"35";"CCO/N=C(/c1ccc(Br)cc1)C1CCN(C2(C)CCN(C(=O)c3c(C)cc(O)nc3C)CC2)CC1";"Ki";"'='";"7.0";"nM";"8.15";"";"";"UO_0000065";"14.63";"0.31";"2.84";"10.42";"0";"CHEMBL649945";"Inhibition of RANTES binding to the human C-C chemokine receptor type 5 (CCR5)";"B";"BAO_0000357";"single protein format";"None";"None";"None";"None";"None";"";"";"";"CHEMBL274";"C-C chemokine receptor type 5";"Homo sapiens";"SINGLE PROTEIN";"CHEMBL1144903";"1";"Scientific Literature";"J Med Chem";"2003";"None";"";"";"";"7.0"
"CHEMBL44814";"CARBON TETRACHLORIDE";"-1.0";"153.82";"0";"2.55";"CARBON TETRACHLORIDE";"ClC(Cl)(Cl)Cl";"Ki";"";"";"";"";"";"Inhibition < 50% @ 10 uM and thus dose-reponse curve not measured";"";"";"";"";"";"0";"CHEMBL1909126";"DRUGMATRIX: Chemokine CCR5 radioligand binding (ligand: [125I] MIP-1alpha)";"B";"BAO_0000249";"cell membrane format";"None";"None";"None";"HEK293";"Membrane";"";"";"";"CHEMBL274";"C-C chemokine receptor type 5";"Homo sapiens";"SINGLE PROTEIN";"CHEMBL1909046";"15";"DrugMatrix";"";"";"CHEMBL3307715";"";"";"Not Active";""
"CHEMBL1009";"LEVODOPA";"4.0";"197.19";"0";"0.05";"LEVODOPA";"N[C@@H](Cc1ccc(O)c(O)c1)C(=O)O";"Ki";"";"";"";"";"";"Inhibition < 50% @ 10 uM and thus dose-reponse curve not measured";"";"";"";"";"";"0";"CHEMBL1909126";"DRUGMATRIX: Chemokine CCR5 radioligand binding (ligand: [125I] MIP-1alpha)";"B";"BAO_0000249";"cell membrane format";"None";"None";"None";"HEK293";"Membrane";"";"";"";"CHEMBL274";"C-C chemokine receptor type 5";"Homo sapiens";"SINGLE PROTEIN";"CHEMBL1909046";"15";"DrugMatrix";"";"";"CHEMBL3307715";"";"";"Not Active";""
"CHEMBL116008";"";"None";"531.48";"1";"4.72";"8c";"Cc1cccc(C)c1C(=O)N1CCC(N2CCN(Cc3ccc(I)cc3)[C@@H](C)C2)CC1";"Ki";"'='";"30.0";"nM";"7.52";"";"";"UO_0000065";"14.15";"0.33";"2.80";"28.08";"0";"CHEMBL649956";"Binding affinity towards C-C chemokine receptor type 5";"B";"BAO_0000357";"single protein format";"None";"None";"None";"None";"None";"";"";"";"CHEMBL274";"C-C chemokine receptor type 5";"Homo sapiens";"SINGLE PROTEIN";"CHEMBL1134622";"1";"Scientific Literature";"J Med Chem";"2001";"None";"";"";"";"30.0"
"CHEMBL495778";"PENICILLIC ACID";"None";"170.16";"0";"0.34";"PENICILLIC ACID";"C=C(C)C1(O)OC(=O)C=C1OC";"Ki";"";"";"";"";"";"Inhibition < 50% @ 10 uM and thus dose-reponse curve not measured";"";"";"";"";"";"0";"CHEMBL1909126";"DRUGMATRIX: Chemokine CCR5 radioligand binding (ligand: [125I] MIP-1alpha)";"B";"BAO_0000249";"cell membrane format";"None";"None";"None";"HEK293";"Membrane";"";"";"";"CHEMBL274";"C-C chemokine receptor type 5";"Homo sapiens";"SINGLE PROTEIN";"CHEMBL1909046";"15";"DrugMatrix";"";"";"CHEMBL3307715";"";"";"Not Active";""
"CHEMBL44657";"ETOPOSIDE";"4.0";"588.56";"2";"1.34";"15";"COc1cc([C@@H]2c3cc4c(cc3[C@@H](O[C@@H]3O[C@@H]5CO[C@@H](C)O[C@H]5[C@H](O)[C@H]3O)[C@H]3COC(=O)[C@H]23)OCO4)cc(OC)c1O";"Ki";"";"";"";"";"";"Inhibition < 50% @ 10 uM and thus dose-reponse curve not measured";"";"";"";"";"";"0";"CHEMBL1909126";"DRUGMATRIX: Chemokine CCR5 radioligand binding (ligand: [125I] MIP-1alpha)";"B";"BAO_0000249";"cell membrane format";"None";"None";"None";"HEK293";"Membrane";"";"";"";"CHEMBL274";"C-C chemokine receptor type 5";"Homo sapiens";"SINGLE PROTEIN";"CHEMBL1909046";"15";"DrugMatrix";"";"";"CHEMBL3307715";"";"";"Not Active";""
"CHEMBL1255834";"BW-723C86";"None";"286.40";"0";"3.70";"BW-723C86";"CC(N)Cc1c[nH]c2ccc(OCc3cccs3)cc12";"Ki";"";"";"";"";"";"Inhibition < 50% @ 10 uM and thus dose-reponse curve not measured";"";"";"";"";"";"0";"CHEMBL1909126";"DRUGMATRIX: Chemokine CCR5 radioligand binding (ligand: [125I] MIP-1alpha)";"B";"BAO_0000249";"cell membrane format";"None";"None";"None";"HEK293";"Membrane";"";"";"";"CHEMBL274";"C-C chemokine receptor type 5";"Homo sapiens";"SINGLE PROTEIN";"CHEMBL1909046";"15";"DrugMatrix";"";"";"CHEMBL3307715";"";"";"Not Active";""
"CHEMBL712";"ANISINDIONE";"4.0";"252.27";"0";"2.86";"ANISINDIONE";"COc1ccc(C2C(=O)c3ccccc3C2=O)cc1";"Ki";"";"";"";"";"";"Inhibition < 50% @ 10 uM and thus dose-reponse curve not measured";"";"";"";"";"";"0";"CHEMBL1909126";"DRUGMATRIX: Chemokine CCR5 radioligand binding (ligand: [125I] MIP-1alpha)";"B";"BAO_0000249";"cell membrane format";"None";"None";"None";"HEK293";"Membrane";"";"";"";"CHEMBL274";"C-C chemokine receptor type 5";"Homo sapiens";"SINGLE PROTEIN";"CHEMBL1909046";"15";"DrugMatrix";"";"";"CHEMBL3307715";"";"";"Not Active";""
"CHEMBL888";"GEMCITABINE";"4.0";"263.20";"0";"-1.29";"GEMCITABINE";"Nc1ccn([C@@H]2O[C@H](CO)[C@@H](O)C2(F)F)c(=O)n1";"Ki";"";"";"";"";"";"Inhibition < 50% @ 10 uM and thus dose-reponse curve not measured";"";"";"";"";"";"0";"CHEMBL1909126";"DRUGMATRIX: Chemokine CCR5 radioligand binding (ligand: [125I] MIP-1alpha)";"B";"BAO_0000249";"cell membrane format";"None";"None";"None";"HEK293";"Membrane";"";"";"";"CHEMBL274";"C-C chemokine receptor type 5";"Homo sapiens";"SINGLE PROTEIN";"CHEMBL1909046";"15";"DrugMatrix";"";"";"CHEMBL3307715";"";"";"Not Active";""
"CHEMBL138263";"";"None";"556.73";"1";"3.49";"49";"CCO/N=C(/c1ccc(S(C)(=O)=O)cc1)C1CCN(C2(C)CCN(C(=O)c3c(C)cc[n+]([O-])c3C)CC2)CC1";"Ki";"'='";"20.0";"nM";"7.70";"";"";"UO_0000065";"13.83";"0.27";"4.21";"7.25";"0";"CHEMBL649945";"Inhibition of RANTES binding to the human C-C chemokine receptor type 5 (CCR5)";"B";"BAO_0000357";"single protein format";"None";"None";"None";"None";"None";"";"";"";"CHEMBL274";"C-C chemokine receptor type 5";"Homo sapiens";"SINGLE PROTEIN";"CHEMBL1144903";"1";"Scientific Literature";"J Med Chem";"2003";"None";"";"";"";"20.0"
"CHEMBL1366";"AURANOFIN";"4.0";"678.49";"None";"None";"AURANOFIN";"";"Ki";"";"";"";"";"";"Inhibition < 50% @ 10 uM and thus dose-reponse curve not measured";"";"";"";"";"";"0";"CHEMBL1909126";"DRUGMATRIX: Chemokine CCR5 radioligand binding (ligand: [125I] MIP-1alpha)";"B";"BAO_0000249";"cell membrane format";"None";"None";"None";"HEK293";"Membrane";"";"";"";"CHEMBL274";"C-C chemokine receptor type 5";"Homo sapiens";"SINGLE PROTEIN";"CHEMBL1909046";"15";"DrugMatrix";"";"";"CHEMBL3307715";"";"";"Not Active";""
"CHEMBL434063";"";"None";"495.58";"0";"4.94";"GW-1929";"CN(CCOc1ccc(C[C@H](Nc2ccccc2C(=O)c2ccccc2)C(=O)O)cc1)c1ccccn1";"Ki";"";"";"";"";"";"Inhibition < 50% @ 10 uM and thus dose-reponse curve not measured";"";"";"";"";"";"0";"CHEMBL1909126";"DRUGMATRIX: Chemokine CCR5 radioligand binding (ligand: [125I] MIP-1alpha)";"B";"BAO_0000249";"cell membrane format";"None";"None";"None";"HEK293";"Membrane";"";"";"";"CHEMBL274";"C-C chemokine receptor type 5";"Homo sapiens";"SINGLE PROTEIN";"CHEMBL1909046";"15";"DrugMatrix";"";"";"CHEMBL3307715";"";"";"Not Active";""
"CHEMBL9419";"METACETAMOL";"2.0";"151.16";"0";"1.35";"3-ACETAMIDOPHENOL";"CC(=O)Nc1cccc(O)c1";"Ki";"";"";"";"";"";"Inhibition < 50% @ 10 uM and thus dose-reponse curve not measured";"";"";"";"";"";"0";"CHEMBL1909126";"DRUGMATRIX: Chemokine CCR5 radioligand binding (ligand: [125I] MIP-1alpha)";"B";"BAO_0000249";"cell membrane format";"None";"None";"None";"HEK293";"Membrane";"";"";"";"CHEMBL274";"C-C chemokine receptor type 5";"Homo sapiens";"SINGLE PROTEIN";"CHEMBL1909046";"15";"DrugMatrix";"";"";"CHEMBL3307715";"";"";"Not Active";""
"CHEMBL156455";"1,1-DICHLOROETHENE";"None";"96.94";"0";"1.94";"1,1-DICHLOROETHENE";"C=C(Cl)Cl";"Ki";"";"";"";"";"";"Inhibition < 50% @ 10 uM and thus dose-reponse curve not measured";"";"";"";"";"";"0";"CHEMBL1909126";"DRUGMATRIX: Chemokine CCR5 radioligand binding (ligand: [125I] MIP-1alpha)";"B";"BAO_0000249";"cell membrane format";"None";"None";"None";"HEK293";"Membrane";"";"";"";"CHEMBL274";"C-C chemokine receptor type 5";"Homo sapiens";"SINGLE PROTEIN";"CHEMBL1909046";"15";"DrugMatrix";"";"";"CHEMBL3307715";"";"";"Not Active";""
"CHEMBL1201469";"GRAMICIDIN";"4.0";"None";"None";"None";"GRAMICIDIN";"";"Ki";"";"";"";"";"";"Inhibition < 50% @ 10 uM and thus dose-reponse curve not measured";"";"";"";"";"";"0";"CHEMBL1909126";"DRUGMATRIX: Chemokine CCR5 radioligand binding (ligand: [125I] MIP-1alpha)";"B";"BAO_0000249";"cell membrane format";"None";"None";"None";"HEK293";"Membrane";"";"";"";"CHEMBL274";"C-C chemokine receptor type 5";"Homo sapiens";"SINGLE PROTEIN";"CHEMBL1909046";"15";"DrugMatrix";"";"";"CHEMBL3307715";"";"";"Not Active";""
"CHEMBL3215298";"ABAMECTIN";"3.0";"1732.15";"None";"None";"ABAMECTIN";"CC[C@H](C)[C@H]1O[C@]2(C=C[C@@H]1C)C[C@@H]1C[C@@H](C/C=C(\C)[C@@H](O[C@H]3C[C@H](OC)[C@@H](O[C@H]4C[C@H](OC)[C@@H](O)[C@H](C)O4)[C@H](C)O3)[C@@H](C)/C=C/C=C3\CO[C@@H]4[C@H](O)C(C)=C[C@@H](C(=O)O1)[C@]34O)O2.CO[C@H]1C[C@H](O[C@H]2[C@H](C)O[C@@H](O[C@@H]3/C(C)=C/C[C@@H]4C[C@@H](C[C@]5(C=C[C@H](C)[C@@H](C(C)C)O5)O4)OC(=O)[C@@H]4C=C(C)[C@@H](O)[C@H]5OC/C(=C\C=C\[C@@H]3C)[C@]54O)C[C@@H]2OC)O[C@@H](C)[C@@H]1O";"Ki";"";"";"";"";"";"Inhibition < 50% @ 10 uM and thus dose-reponse curve not measured";"";"";"";"";"";"0";"CHEMBL1909126";"DRUGMATRIX: Chemokine CCR5 radioligand binding (ligand: [125I] MIP-1alpha)";"B";"BAO_0000249";"cell membrane format";"None";"None";"None";"HEK293";"Membrane";"";"";"";"CHEMBL274";"C-C chemokine receptor type 5";"Homo sapiens";"SINGLE PROTEIN";"CHEMBL1909046";"15";"DrugMatrix";"";"";"CHEMBL3307715";"";"";"Not Active";""
"CHEMBL14";"CARBACHOL";"4.0";"182.65";"0";"-0.21";"CARBACHOL";"C[N+](C)(C)CCOC(N)=O.[Cl-]";"Ki";"";"";"";"";"";"Inhibition < 50% @ 10 uM and thus dose-reponse curve not measured";"";"";"";"";"";"0";"CHEMBL1909126";"DRUGMATRIX: Chemokine CCR5 radioligand binding (ligand: [125I] MIP-1alpha)";"B";"BAO_0000249";"cell membrane format";"None";"None";"None";"HEK293";"Membrane";"";"";"";"CHEMBL274";"C-C chemokine receptor type 5";"Homo sapiens";"SINGLE PROTEIN";"CHEMBL1909046";"15";"DrugMatrix";"";"";"CHEMBL3307715";"";"";"Not Active";""
"CHEMBL48449";"CANTHARIDIN";"4.0";"196.20";"0";"0.64";"CANTHARIDIN";"C[C@@]12C(=O)OC(=O)[C@]1(C)[C@H]1CC[C@@H]2O1";"Ki";"";"";"";"";"";"Inhibition < 50% @ 10 uM and thus dose-reponse curve not measured";"";"";"";"";"";"0";"CHEMBL1909126";"DRUGMATRIX: Chemokine CCR5 radioligand binding (ligand: [125I] MIP-1alpha)";"B";"BAO_0000249";"cell membrane format";"None";"None";"None";"HEK293";"Membrane";"";"";"";"CHEMBL274";"C-C chemokine receptor type 5";"Homo sapiens";"SINGLE PROTEIN";"CHEMBL1909046";"15";"DrugMatrix";"";"";"CHEMBL3307715";"";"";"Not Active";""
"CHEMBL1909049";"";"None";"309.41";"0";"3.79";"1-(2-METHOXYBENZOYL)-4-(PHENYLMETHYL)-PIPERIDINE";"COc1ccccc1C(=O)N1CCC(Cc2ccccc2)CC1";"Ki";"";"";"";"";"";"Inhibition < 50% @ 10 uM and thus dose-reponse curve not measured";"";"";"";"";"";"0";"CHEMBL1909126";"DRUGMATRIX: Chemokine CCR5 radioligand binding (ligand: [125I] MIP-1alpha)";"B";"BAO_0000249";"cell membrane format";"None";"None";"None";"HEK293";"Membrane";"";"";"";"CHEMBL274";"C-C chemokine receptor type 5";"Homo sapiens";"SINGLE PROTEIN";"CHEMBL1909046";"15";"DrugMatrix";"";"";"CHEMBL3307715";"";"";"Not Active";""
"CHEMBL14192";"BENZYLIMIDAZOLE";"None";"158.20";"0";"1.93";"1-BENZYLIMIDAZOLE";"c1ccc(Cn2ccnc2)cc1";"Ki";"";"";"";"";"";"Inhibition < 50% @ 10 uM and thus dose-reponse curve not measured";"";"";"";"";"";"0";"CHEMBL1909126";"DRUGMATRIX: Chemokine CCR5 radioligand binding (ligand: [125I] MIP-1alpha)";"B";"BAO_0000249";"cell membrane format";"None";"None";"None";"HEK293";"Membrane";"";"";"";"CHEMBL274";"C-C chemokine receptor type 5";"Homo sapiens";"SINGLE PROTEIN";"CHEMBL1909046";"15";"DrugMatrix";"";"";"CHEMBL3307715";"";"";"Not Active";""
"CHEMBL1230813";"ALFADEX";"2.0";"972.85";"3";"-13.05";"ALPHA-CYCLODEXTRIN";"OC[C@H]1O[C@@H]2O[C@H]3[C@H](O)[C@@H](O)[C@@H](O[C@H]4[C@H](O)[C@@H](O)[C@@H](O[C@H]5[C@H](O)[C@@H](O)[C@@H](O[C@H]6[C@H](O)[C@@H](O)[C@@H](O[C@H]7[C@H](O)[C@@H](O)[C@@H](O[C@H]1[C@H](O)[C@H]2O)O[C@@H]7CO)O[C@@H]6CO)O[C@@H]5CO)O[C@@H]4CO)O[C@@H]3CO";"Ki";"";"";"";"";"";"Inhibition < 50% @ 10 uM and thus dose-reponse curve not measured";"";"";"";"";"";"0";"CHEMBL1909126";"DRUGMATRIX: Chemokine CCR5 radioligand binding (ligand: [125I] MIP-1alpha)";"B";"BAO_0000249";"cell membrane format";"None";"None";"None";"HEK293";"Membrane";"";"";"";"CHEMBL274";"C-C chemokine receptor type 5";"Homo sapiens";"SINGLE PROTEIN";"CHEMBL1909046";"15";"DrugMatrix";"";"";"CHEMBL3307715";"";"";"Not Active";""
"CHEMBL141683";"";"None";"557.54";"1";"4.59";"94";"CCO/N=C(/c1ccc(Br)cc1)C1CCN(C2(C)CCN(C(=O)c3c(C)nc(N)nc3C)CC2)CC1";"Ki";"'='";"5.7";"nM";"8.24";"";"";"UO_0000065";"14.79";"0.31";"3.65";"8.50";"0";"CHEMBL649945";"Inhibition of RANTES binding to the human C-C chemokine receptor type 5 (CCR5)";"B";"BAO_0000357";"single protein format";"None";"None";"None";"None";"None";"";"";"";"CHEMBL274";"C-C chemokine receptor type 5";"Homo sapiens";"SINGLE PROTEIN";"CHEMBL1144903";"1";"Scientific Literature";"J Med Chem";"2003";"None";"";"";"";"5.7"
"CHEMBL142022";"";"None";"505.50";"2";"6.55";"78";"CC1(N2CCC(Cc3ccc(Br)cc3)CC2)CCN(C(=O)c2cccc3ccccc23)CC1";"Ki";"'='";"590.0";"nM";"6.23";"";"";"UO_0000065";"12.32";"0.26";"-0.32";"26.45";"0";"CHEMBL649945";"Inhibition of RANTES binding to the human C-C chemokine receptor type 5 (CCR5)";"B";"BAO_0000357";"single protein format";"None";"None";"None";"None";"None";"";"";"";"CHEMBL274";"C-C chemokine receptor type 5";"Homo sapiens";"SINGLE PROTEIN";"CHEMBL1144903";"1";"Scientific Literature";"J Med Chem";"2003";"None";"";"";"";"590.0"
"CHEMBL140183";"";"None";"661.34";"2";"5.41";"52";"C[C@H]1CN(C2CCN(C(=O)c3c(F)cccc3I)CC2)CCN1[C@@H](C)c1ccc(I)cc1";"Ki";"'='";"1300.0";"nM";"5.89";"";"";"UO_0000065";"8.90";"0.25";"0.48";"21.97";"0";"CHEMBL649945";"Inhibition of RANTES binding to the human C-C chemokine receptor type 5 (CCR5)";"B";"BAO_0000357";"single protein format";"None";"None";"None";"None";"None";"";"";"";"CHEMBL274";"C-C chemokine receptor type 5";"Homo sapiens";"SINGLE PROTEIN";"CHEMBL1144903";"1";"Scientific Literature";"J Med Chem";"2003";"None";"";"";"";"1300.0"
"CHEMBL343826";"";"None";"513.08";"1";"4.74";"50";"CCO/N=C(/c1ccc(Cl)cc1)C1CCN(C2(C)CCN(C(=O)c3c(C)cc[n+]([O-])c3C)CC2)CC1";"Ki";"'='";"5.6";"nM";"8.25";"";"";"UO_0000065";"16.08";"0.31";"3.51";"11.45";"0";"CHEMBL649945";"Inhibition of RANTES binding to the human C-C chemokine receptor type 5 (CCR5)";"B";"BAO_0000357";"single protein format";"None";"None";"None";"None";"None";"";"";"";"CHEMBL274";"C-C chemokine receptor type 5";"Homo sapiens";"SINGLE PROTEIN";"CHEMBL1144903";"1";"Scientific Literature";"J Med Chem";"2003";"None";"";"";"";"5.6"
"CHEMBL140003";"";"None";"588.59";"2";"7.26";"26";"Cc1cccc(C)c1C(=O)N1CCC(C)(N2CCC(/C(=N\Oc3ccccc3)c3ccc(Br)cc3)CC2)CC1";"Ki";"'>'";"30.0";"nM";"";"";"";"UO_0000065";"";"";"";"";"0";"CHEMBL649945";"Inhibition of RANTES binding to the human C-C chemokine receptor type 5 (CCR5)";"B";"BAO_0000357";"single protein format";"None";"None";"None";"None";"None";"";"";"";"CHEMBL274";"C-C chemokine receptor type 5";"Homo sapiens";"SINGLE PROTEIN";"CHEMBL1144903";"1";"Scientific Literature";"J Med Chem";"2003";"None";"";"";"";"30.0"
"CHEMBL1262";"OXICONAZOLE";"4.0";"429.13";"1";"6.12";"OXICONAZOLE";"Clc1ccc(CO/N=C(\Cn2ccnc2)c2ccc(Cl)cc2Cl)c(Cl)c1";"Ki";"";"";"";"";"";"Inhibition < 50% @ 10 uM and thus dose-reponse curve not measured";"";"";"";"";"";"0";"CHEMBL1909126";"DRUGMATRIX: Chemokine CCR5 radioligand binding (ligand: [125I] MIP-1alpha)";"B";"BAO_0000249";"cell membrane format";"None";"None";"None";"HEK293";"Membrane";"";"";"";"CHEMBL274";"C-C chemokine receptor type 5";"Homo sapiens";"SINGLE PROTEIN";"CHEMBL1909046";"15";"DrugMatrix";"";"";"CHEMBL3307715";"";"";"Not Active";""
"CHEMBL106247";"";"None";"483.49";"1";"6.02";"1";"Cc1cccc(C)c1C(=O)N1CCC(C)(N2CCC(Cc3ccc(Br)cc3)CC2)CC1";"Ki";"'='";"58.0";"nM";"7.24";"";"";"UO_0000065";"14.97";"0.32";"1.22";"30.73";"0";"CHEMBL649945";"Inhibition of RANTES binding to the human C-C chemokine receptor type 5 (CCR5)";"B";"BAO_0000357";"single protein format";"None";"None";"None";"None";"None";"";"";"";"CHEMBL274";"C-C chemokine receptor type 5";"Homo sapiens";"SINGLE PROTEIN";"CHEMBL1144903";"1";"Scientific Literature";"J Med Chem";"2003";"None";"";"";"";"58.0"
"CHEMBL341758";"";"None";"570.58";"2";"5.64";"89";"Cc1ncnc(C)c1C(=O)N1CCC(C)(N2CCC(/C(=N\OCC(C)C)c3ccc(Br)cc3)CC2)CC1";"Ki";"'='";"8.1";"nM";"8.09";"";"";"UO_0000065";"14.18";"0.30";"2.45";"11.41";"0";"CHEMBL649945";"Inhibition of RANTES binding to the human C-C chemokine receptor type 5 (CCR5)";"B";"BAO_0000357";"single protein format";"None";"None";"None";"None";"None";"";"";"";"CHEMBL274";"C-C chemokine receptor type 5";"Homo sapiens";"SINGLE PROTEIN";"CHEMBL1144903";"1";"Scientific Literature";"J Med Chem";"2003";"None";"";"";"";"8.1"
"CHEMBL138655";"";"None";"542.70";"1";"3.10";"45";"CO/N=C(/c1ccc(S(C)(=O)=O)cc1)C1CCN(C2(C)CCN(C(=O)c3c(C)cc[n+]([O-])c3C)CC2)CC1";"Ki";"'='";"30.0";"nM";"7.52";"";"";"UO_0000065";"13.86";"0.27";"4.42";"7.08";"0";"CHEMBL649945";"Inhibition of RANTES binding to the human C-C chemokine receptor type 5 (CCR5)";"B";"BAO_0000357";"single protein format";"None";"None";"None";"None";"None";"";"";"";"CHEMBL274";"C-C chemokine receptor type 5";"Homo sapiens";"SINGLE PROTEIN";"CHEMBL1144903";"1";"Scientific Literature";"J Med Chem";"2003";"None";"";"";"";"30.0"
"CHEMBL113436";"";"None";"502.63";"2";"5.48";"102";"Cc1ccnc(C)c1C(=O)N1CCC(C)(N2CCN([C@@H](C)c3ccc(C(F)(F)F)cc3)[C@@H](C)C2)CC1";"Ki";"'='";"2.3";"nM";"8.64";"";"";"UO_0000065";"17.19";"0.33";"3.16";"21.77";"1";"CHEMBL649945";"Inhibition of RANTES binding to the human C-C chemokine receptor type 5 (CCR5)";"B";"BAO_0000357";"single protein format";"None";"None";"None";"None";"None";"";"";"";"CHEMBL274";"C-C chemokine receptor type 5";"Homo sapiens";"SINGLE PROTEIN";"CHEMBL1144903";"1";"Scientific Literature";"J Med Chem";"2003";"None";"";"";"";"2.3"
"CHEMBL331140";"";"None";"540.55";"2";"6.21";"20/19";"CCO/N=C(/c1ccc(Br)cc1)C1CCN(C2(C)CCN(C(=O)c3c(C)cccc3C)CC2)CC1";"Ki";"'='";"2.0";"nM";"8.70";"";"";"UO_0000065";"16.09";"0.34";"2.49";"19.27";"0";"CHEMBL649945";"Inhibition of RANTES binding to the human C-C chemokine receptor type 5 (CCR5)";"B";"BAO_0000357";"single protein format";"None";"None";"None";"None";"None";"";"";"";"CHEMBL274";"C-C chemokine receptor type 5";"Homo sapiens";"SINGLE PROTEIN";"CHEMBL1144903";"1";"Scientific Literature";"J Med Chem";"2003";"None";"";"";"";"2.0"
"CHEMBL139029";"";"None";"527.51";"2";"5.10";"29";"CO/N=C(/c1ccc(Br)cc1)C1CCN(C2(C)CCN(C(=O)c3c(C)cccc3N)CC2)CC1";"Ki";"'='";"4.5";"nM";"8.35";"";"";"UO_0000065";"15.82";"0.34";"3.25";"11.73";"0";"CHEMBL649945";"Inhibition of RANTES binding to the human C-C chemokine receptor type 5 (CCR5)";"B";"BAO_0000357";"single protein format";"None";"None";"None";"None";"None";"";"";"";"CHEMBL274";"C-C chemokine receptor type 5";"Homo sapiens";"SINGLE PROTEIN";"CHEMBL1144903";"1";"Scientific Literature";"J Med Chem";"2003";"None";"";"";"";"4.5"
"CHEMBL108845";"";"None";"446.64";"1";"5.46";"10";"CC(=O)c1ccc(CC2CCN(C3(C)CCN(C(=O)c4c(C)cccc4C)CC3)CC2)cc1";"Ki";"'='";"596.0";"nM";"6.22";"";"";"UO_0000065";"13.94";"0.26";"0.76";"15.32";"0";"CHEMBL649945";"Inhibition of RANTES binding to the human C-C chemokine receptor type 5 (CCR5)";"B";"BAO_0000357";"single protein format";"None";"None";"None";"None";"None";"";"";"";"CHEMBL274";"C-C chemokine receptor type 5";"Homo sapiens";"SINGLE PROTEIN";"CHEMBL1144903";"1";"Scientific Literature";"J Med Chem";"2003";"None";"";"";"";"596.0"
"CHEMBL337776";"";"None";"687.27";"2";"5.76";"84";"CCO/N=C(/c1ccc(Br)cc1)C1CCN(C2(C)CCN(C(=O)c3c(Br)c[n+]([O-])cc3Br)CC2)CC1";"Ki";"'='";"0.7";"nM";"9.15";"";"";"UO_0000065";"13.32";"0.35";"3.39";"12.70";"0";"CHEMBL649945";"Inhibition of RANTES binding to the human C-C chemokine receptor type 5 (CCR5)";"B";"BAO_0000357";"single protein format";"None";"None";"None";"None";"None";"";"";"";"CHEMBL274";"C-C chemokine receptor type 5";"Homo sapiens";"SINGLE PROTEIN";"CHEMBL1144903";"1";"Scientific Literature";"J Med Chem";"2003";"None";"";"";"";"0.7"
"CHEMBL139459";"";"None";"528.49";"2";"5.22";"28";"CO/N=C(/c1ccc(Br)cc1)C1CCN(C2(C)CCN(C(=O)c3c(C)cccc3O)CC2)CC1";"Ki";"'='";"18.0";"nM";"7.75";"";"";"UO_0000065";"14.65";"0.31";"2.52";"11.85";"0";"CHEMBL649945";"Inhibition of RANTES binding to the human C-C chemokine receptor type 5 (CCR5)";"B";"BAO_0000357";"single protein format";"None";"None";"None";"None";"None";"";"";"";"CHEMBL274";"C-C chemokine receptor type 5";"Homo sapiens";"SINGLE PROTEIN";"CHEMBL1144903";"1";"Scientific Literature";"J Med Chem";"2003";"None";"";"";"";"18.0"
"CHEMBL139253";"";"None";"543.51";"2";"5.01";"37";"CCO/N=C(/c1ccc(Br)cc1)C1CCN(C2(C)CCN(C(=O)c3c(C)ccnc3O)CC2)CC1";"Ki";"'>'";"30.0";"nM";"";"";"";"UO_0000065";"";"";"";"";"0";"CHEMBL649945";"Inhibition of RANTES binding to the human C-C chemokine receptor type 5 (CCR5)";"B";"BAO_0000357";"single protein format";"None";"None";"None";"None";"None";"";"";"";"CHEMBL274";"C-C chemokine receptor type 5";"Homo sapiens";"SINGLE PROTEIN";"CHEMBL1144903";"1";"Scientific Literature";"J Med Chem";"2003";"None";"";"";"";"30.0"
"CHEMBL67281";"";"None";"611.71";"1";"4.90";"13i";"C[C@H]1CN(C2CCN(C(=O)c3c(F)cccc3F)CC2)CCN1[C@@H](C)c1ccc(S(=O)(=O)c2ccc3c(c2)OCO3)cc1";"Ki";"'='";"230.0";"nM";"6.64";"";"";"UO_0000065";"10.85";"0.21";"1.74";"8.36";"0";"CHEMBL649954";"Inhibition of [125I]-labeled RANTES binding to C-C chemokine receptor type 5";"B";"BAO_0000357";"single protein format";"None";"None";"None";"None";"None";"";"";"";"CHEMBL274";"C-C chemokine receptor type 5";"Homo sapiens";"SINGLE PROTEIN";"CHEMBL1133909";"1";"Scientific Literature";"Bioorg Med Chem Lett";"2001";"None";"";"";"";"230.0"
"CHEMBL111982";"";"None";"517.46";"1";"4.33";"8a";"Cc1cccc(C)c1C(=O)N1CCC(N2CCN(Cc3ccc(I)cc3)CC2)CC1";"Ki";"'='";"440.0";"nM";"6.36";"";"";"UO_0000065";"12.28";"0.29";"2.03";"23.73";"0";"CHEMBL650904";"Binding affinity towards C-C chemokine receptor type 5";"B";"BAO_0000357";"single protein format";"None";"None";"None";"None";"None";"";"";"";"CHEMBL274";"C-C chemokine receptor type 5";"Homo sapiens";"SINGLE PROTEIN";"CHEMBL1134622";"1";"Scientific Literature";"J Med Chem";"2001";"None";"";"";"";"440.0"
"CHEMBL432170";"";"None";"531.67";"2";"5.65";"20";"CCC[C@@H](c1ccc(C(F)(F)F)cc1)N1CCN(C2(C)CCN(C(=O)c3c(C)ncnc3C)CC2)C[C@@H]1C";"Ki";"'='";"1.1";"nM";"8.96";"";"";"UO_0000065";"";"";"";"";"0";"CHEMBL649943";"Antagonistic activity against C-C chemokine receptor type 5";"F";"BAO_0000019";"assay format";"None";"None";"None";"None";"None";"";"";"";"CHEMBL274";"C-C chemokine receptor type 5";"Homo sapiens";"SINGLE PROTEIN";"CHEMBL1148299";"1";"Scientific Literature";"J Med Chem";"2004";"None";"";"";"";"1.1"
"CHEMBL142021";"";"None";"542.52";"2";"5.00";"86";"CCO/N=C(/c1ccc(Br)cc1)C1CCN(C2(C)CCN(C(=O)c3c(C)ncnc3C)CC2)CC1";"Ki";"'='";"2.2";"nM";"8.66";"";"";"UO_0000065";"15.96";"0.34";"3.66";"12.21";"0";"CHEMBL649945";"Inhibition of RANTES binding to the human C-C chemokine receptor type 5 (CCR5)";"B";"BAO_0000357";"single protein format";"None";"None";"None";"None";"None";"";"";"";"CHEMBL274";"C-C chemokine receptor type 5";"Homo sapiens";"SINGLE PROTEIN";"CHEMBL1144903";"1";"Scientific Literature";"J Med Chem";"2003";"None";"";"";"";"2.2"
"CHEMBL357557";"";"None";"519.61";"1";"4.75";"15";"Cc1ncnc(C)c1C(=O)N1CCC(C)(N2CCN([C@@H](C)c3ccc(OC(F)(F)F)cc3)[C@@H](C)C2)CC1";"Ki";"'='";"11.0";"nM";"7.96";"";"";"UO_0000065";"15.32";"0.29";"3.21";"12.88";"0";"CHEMBL649953";"Ability to inhibit [125I]-labeled RANTES binding to the CCR5 receptor expressed in membrane preparations from CHO cells";"B";"BAO_0000219";"cell-based format";"None";"None";"None";"CHO";"None";"";"";"";"CHEMBL274";"C-C chemokine receptor type 5";"Homo sapiens";"SINGLE PROTEIN";"CHEMBL1136572";"1";"Scientific Literature";"Bioorg Med Chem Lett";"2003";"CHEMBL3308072";"";"";"";"11.0"
"CHEMBL110786";"";"None";"418.63";"1";"5.56";"6";"Cc1ccc(CC2CCN(C3(C)CCN(C(=O)c4c(C)cccc4C)CC3)CC2)cc1";"Ki";"'='";"110.0";"nM";"6.96";"";"";"UO_0000065";"16.62";"0.31";"1.40";"29.55";"0";"CHEMBL649945";"Inhibition of RANTES binding to the human C-C chemokine receptor type 5 (CCR5)";"B";"BAO_0000357";"single protein format";"None";"None";"None";"None";"None";"";"";"";"CHEMBL274";"C-C chemokine receptor type 5";"Homo sapiens";"SINGLE PROTEIN";"CHEMBL1144903";"1";"Scientific Literature";"J Med Chem";"2003";"None";"";"";"";"110.0"
"CHEMBL311795";"";"None";"503.61";"1";"4.87";"71";"Cc1ncnc(C)c1C(=O)N1CCC(C)(N2CCN([C@@H](C)c3ccc(C(F)(F)F)cc3)[C@@H](C)C2)CC1";"Ki";"'='";"3.0";"nM";"8.52";"";"";"UO_0000065";"16.92";"0.32";"3.65";"16.21";"0";"CHEMBL649945";"Inhibition of RANTES binding to the human C-C chemokine receptor type 5 (CCR5)";"B";"BAO_0000357";"single protein format";"None";"None";"None";"None";"None";"";"";"";"CHEMBL274";"C-C chemokine receptor type 5";"Homo sapiens";"SINGLE PROTEIN";"CHEMBL1144903";"1";"Scientific Literature";"J Med Chem";"2003";"None";"";"";"";"3.0"
"CHEMBL113436";"";"None";"502.63";"2";"5.48";"18";"Cc1ccnc(C)c1C(=O)N1CCC(C)(N2CCN([C@@H](C)c3ccc(C(F)(F)F)cc3)[C@@H](C)C2)CC1";"Ki";"'='";"2.3";"nM";"8.64";"";"";"UO_0000065";"17.19";"0.33";"3.16";"21.77";"0";"CHEMBL650903";"Binding affinity at C-C chemokine receptor type 5";"B";"BAO_0000357";"single protein format";"None";"None";"None";"None";"None";"";"";"";"CHEMBL274";"C-C chemokine receptor type 5";"Homo sapiens";"SINGLE PROTEIN";"CHEMBL1134622";"1";"Scientific Literature";"J Med Chem";"2001";"None";"";"";"";"2.3"
"CHEMBL307145";"PYROGALLOL";"-1.0";"126.11";"0";"0.80";"PYROGALLOL";"Oc1cccc(O)c1O";"Ki";"";"";"";"";"";"Inhibition < 50% @ 10 uM and thus dose-reponse curve not measured";"";"";"";"";"";"0";"CHEMBL1909126";"DRUGMATRIX: Chemokine CCR5 radioligand binding (ligand: [125I] MIP-1alpha)";"B";"BAO_0000249";"cell membrane format";"None";"None";"None";"HEK293";"Membrane";"";"";"";"CHEMBL274";"C-C chemokine receptor type 5";"Homo sapiens";"SINGLE PROTEIN";"CHEMBL1909046";"15";"DrugMatrix";"";"";"CHEMBL3307715";"";"";"Not Active";""
"CHEMBL1909062";"LEAD (II) ACETATE";"None";"325.29";"None";"None";"LEAD (II) ACETATE";"";"Ki";"";"";"";"";"";"Inhibition < 50% @ 10 uM and thus dose-reponse curve not measured";"";"";"";"";"";"0";"CHEMBL1909126";"DRUGMATRIX: Chemokine CCR5 radioligand binding (ligand: [125I] MIP-1alpha)";"B";"BAO_0000249";"cell membrane format";"None";"None";"None";"HEK293";"Membrane";"";"";"";"CHEMBL274";"C-C chemokine receptor type 5";"Homo sapiens";"SINGLE PROTEIN";"CHEMBL1909046";"15";"DrugMatrix";"";"";"CHEMBL3307715";"";"";"Not Active";""
"CHEMBL113154";"";"None";"580.94";"2";"5.29";"59";"C[C@H]1CN(C2(C)CCN(C(=O)c3c(N)cccc3Cl)CC2)CCN1[C@@H](C)c1ccc(I)cc1";"Ki";"'='";"12.0";"nM";"7.92";"";"";"UO_0000065";"13.63";"0.33";"2.63";"15.00";"0";"CHEMBL649945";"Inhibition of RANTES binding to the human C-C chemokine receptor type 5 (CCR5)";"B";"BAO_0000357";"single protein format";"None";"None";"None";"None";"None";"";"";"";"CHEMBL274";"C-C chemokine receptor type 5";"Homo sapiens";"SINGLE PROTEIN";"CHEMBL1144903";"1";"Scientific Literature";"J Med Chem";"2003";"None";"";"";"";"12.0"
"CHEMBL140912";"";"None";"556.55";"2";"5.39";"91";"Cc1ncnc(C)c1C(=O)N1CCC(C)(N2CCC(/C(=N\OC(C)C)c3ccc(Br)cc3)CC2)CC1";"Ki";"'='";"3.3";"nM";"8.48";"";"";"UO_0000065";"15.24";"0.32";"3.09";"11.96";"0";"CHEMBL649945";"Inhibition of RANTES binding to the human C-C chemokine receptor type 5 (CCR5)";"B";"BAO_0000357";"single protein format";"None";"None";"None";"None";"None";"";"";"";"CHEMBL274";"C-C chemokine receptor type 5";"Homo sapiens";"SINGLE PROTEIN";"CHEMBL1144903";"1";"Scientific Literature";"J Med Chem";"2003";"None";"";"";"";"3.3"
"CHEMBL141201";"";"None";"596.49";"2";"5.55";"88";"Cc1ncnc(C)c1C(=O)N1CCC(C)(N2CCC(/C(=N\OCC(F)(F)F)c3ccc(Br)cc3)CC2)CC1";"Ki";"'='";"14.0";"nM";"7.85";"";"";"UO_0000065";"13.17";"0.28";"2.30";"11.07";"0";"CHEMBL649945";"Inhibition of RANTES binding to the human C-C chemokine receptor type 5 (CCR5)";"B";"BAO_0000357";"single protein format";"None";"None";"None";"None";"None";"";"";"";"CHEMBL274";"C-C chemokine receptor type 5";"Homo sapiens";"SINGLE PROTEIN";"CHEMBL1144903";"1";"Scientific Literature";"J Med Chem";"2003";"None";"";"";"";"14.0"
"CHEMBL443";"SULFAMETHOXAZOLE";"4.0";"253.28";"0";"1.37";"SULFAMETHOXAZOLE";"Cc1cc(NS(=O)(=O)c2ccc(N)cc2)no1";"Ki";"";"";"";"";"";"Inhibition < 50% @ 10 uM and thus dose-reponse curve not measured";"";"";"";"";"";"0";"CHEMBL1909126";"DRUGMATRIX: Chemokine CCR5 radioligand binding (ligand: [125I] MIP-1alpha)";"B";"BAO_0000249";"cell membrane format";"None";"None";"None";"HEK293";"Membrane";"";"";"";"CHEMBL274";"C-C chemokine receptor type 5";"Homo sapiens";"SINGLE PROTEIN";"CHEMBL1909046";"15";"DrugMatrix";"";"";"CHEMBL3307715";"";"";"Not Active";""
"CHEMBL1790041";"RANITIDINE";"4.0";"314.41";"0";"1.46";"RANITIDINE";"CNC(=C[N+](=O)[O-])NCCSCc1ccc(CN(C)C)o1";"Ki";"";"";"";"";"";"Inhibition < 50% @ 10 uM and thus dose-reponse curve not measured";"";"";"";"";"";"0";"CHEMBL1909126";"DRUGMATRIX: Chemokine CCR5 radioligand binding (ligand: [125I] MIP-1alpha)";"B";"BAO_0000249";"cell membrane format";"None";"None";"None";"HEK293";"Membrane";"";"";"";"CHEMBL274";"C-C chemokine receptor type 5";"Homo sapiens";"SINGLE PROTEIN";"CHEMBL1909046";"15";"DrugMatrix";"";"";"CHEMBL3307715";"";"";"Not Active";""
"CHEMBL302795";"TENOXICAM";"2.0";"337.38";"0";"1.64";"TENOXICAM";"CN1C(C(=O)Nc2ccccn2)=C(O)c2sccc2S1(=O)=O";"Ki";"";"";"";"";"";"Inhibition < 50% @ 10 uM and thus dose-reponse curve not measured";"";"";"";"";"";"0";"CHEMBL1909126";"DRUGMATRIX: Chemokine CCR5 radioligand binding (ligand: [125I] MIP-1alpha)";"B";"BAO_0000249";"cell membrane format";"None";"None";"None";"HEK293";"Membrane";"";"";"";"CHEMBL274";"C-C chemokine receptor type 5";"Homo sapiens";"SINGLE PROTEIN";"CHEMBL1909046";"15";"DrugMatrix";"";"";"CHEMBL3307715";"";"";"Not Active";""
"CHEMBL499";"TIMOLOL";"4.0";"316.43";"0";"0.50";"TIMOLOL";"CC(C)(C)NC[C@H](O)COc1nsnc1N1CCOCC1";"Ki";"";"";"";"";"";"Inhibition < 50% @ 10 uM and thus dose-reponse curve not measured";"";"";"";"";"";"0";"CHEMBL1909126";"DRUGMATRIX: Chemokine CCR5 radioligand binding (ligand: [125I] MIP-1alpha)";"B";"BAO_0000249";"cell membrane format";"None";"None";"None";"HEK293";"Membrane";"";"";"";"CHEMBL274";"C-C chemokine receptor type 5";"Homo sapiens";"SINGLE PROTEIN";"CHEMBL1909046";"15";"DrugMatrix";"";"";"CHEMBL3307715";"";"";"Not Active";""
"CHEMBL852";"MELPHALAN";"4.0";"305.21";"0";"1.93";"SID17389837";"N[C@@H](Cc1ccc(N(CCCl)CCCl)cc1)C(=O)O";"Ki";"";"";"";"";"";"Inhibition < 50% @ 10 uM and thus dose-reponse curve not measured";"";"";"";"";"";"0";"CHEMBL1909126";"DRUGMATRIX: Chemokine CCR5 radioligand binding (ligand: [125I] MIP-1alpha)";"B";"BAO_0000249";"cell membrane format";"None";"None";"None";"HEK293";"Membrane";"";"";"";"CHEMBL274";"C-C chemokine receptor type 5";"Homo sapiens";"SINGLE PROTEIN";"CHEMBL1909046";"15";"DrugMatrix";"";"";"CHEMBL3307715";"";"";"Not Active";""
"CHEMBL1237044";"TRAMADOL";"4.0";"263.38";"0";"2.63";"TRAMADOL";"COc1cccc(C2(O)CCCCC2CN(C)C)c1";"Ki";"";"";"";"";"";"Inhibition < 50% @ 10 uM and thus dose-reponse curve not measured";"";"";"";"";"";"0";"CHEMBL1909126";"DRUGMATRIX: Chemokine CCR5 radioligand binding (ligand: [125I] MIP-1alpha)";"B";"BAO_0000249";"cell membrane format";"None";"None";"None";"HEK293";"Membrane";"";"";"";"CHEMBL274";"C-C chemokine receptor type 5";"Homo sapiens";"SINGLE PROTEIN";"CHEMBL1909046";"15";"DrugMatrix";"";"";"CHEMBL3307715";"";"";"Not Active";""
"CHEMBL140390";"";"None";"556.55";"2";"5.39";"16c";"CCCO/N=C(/c1ccc(Br)cc1)C1CCN(C2(C)CCN(C(=O)c3c(C)ncnc3C)CC2)CC1";"Ki";"'='";"2.0";"nM";"8.70";"";"";"UO_0000065";"15.63";"0.33";"3.31";"12.27";"1";"CHEMBL650119";"Inhibition of [125I]RANTES binding to CCR5 receptor.";"B";"BAO_0000357";"single protein format";"None";"None";"None";"None";"None";"";"";"";"CHEMBL274";"C-C chemokine receptor type 5";"Homo sapiens";"SINGLE PROTEIN";"CHEMBL1136595";"1";"Scientific Literature";"Bioorg Med Chem Lett";"2003";"None";"";"";"";"2.0"
"CHEMBL351625";"";"None";"542.52";"2";"5.00";"16b";"CCO/N=C(\c1ccc(Br)cc1)C1CCN(C2(C)CCN(C(=O)c3c(C)ncnc3C)CC2)CC1";"Ki";"'='";"2.2";"nM";"8.66";"";"";"UO_0000065";"15.96";"0.34";"3.66";"12.21";"0";"CHEMBL650119";"Inhibition of [125I]RANTES binding to CCR5 receptor.";"B";"BAO_0000357";"single protein format";"None";"None";"None";"None";"None";"";"";"";"CHEMBL274";"C-C chemokine receptor type 5";"Homo sapiens";"SINGLE PROTEIN";"CHEMBL1136595";"1";"Scientific Literature";"Bioorg Med Chem Lett";"2003";"None";"";"";"";"2.2"
"CHEMBL2107687";"VALETHAMATE BROMIDE";"-1.0";"386.37";"0";"3.85";"VALETHAMATE BROMIDE";"CCC(C)C(C(=O)OCC[N+](C)(CC)CC)c1ccccc1.[Br-]";"Ki";"";"";"";"";"";"Inhibition < 50% @ 10 uM and thus dose-reponse curve not measured";"";"";"";"";"";"0";"CHEMBL1909126";"DRUGMATRIX: Chemokine CCR5 radioligand binding (ligand: [125I] MIP-1alpha)";"B";"BAO_0000249";"cell membrane format";"None";"None";"None";"HEK293";"Membrane";"";"";"";"CHEMBL274";"C-C chemokine receptor type 5";"Homo sapiens";"SINGLE PROTEIN";"CHEMBL1909046";"15";"DrugMatrix";"";"";"CHEMBL3307715";"";"";"Not Active";""
"CHEMBL446";"SULFAMETHAZINE";"4.0";"278.34";"0";"1.48";"SULFAMETHAZINE";"Cc1cc(C)nc(NS(=O)(=O)c2ccc(N)cc2)n1";"Ki";"";"";"";"";"";"Inhibition < 50% @ 10 uM and thus dose-reponse curve not measured";"";"";"";"";"";"0";"CHEMBL1909126";"DRUGMATRIX: Chemokine CCR5 radioligand binding (ligand: [125I] MIP-1alpha)";"B";"BAO_0000249";"cell membrane format";"None";"None";"None";"HEK293";"Membrane";"";"";"";"CHEMBL274";"C-C chemokine receptor type 5";"Homo sapiens";"SINGLE PROTEIN";"CHEMBL1909046";"15";"DrugMatrix";"";"";"CHEMBL3307715";"";"";"Not Active";""
"CHEMBL19236";"MOXONIDINE";"4.0";"241.68";"0";"0.82";"MOXONIDINE";"COc1nc(C)nc(Cl)c1NC1=NCCN1";"Ki";"";"";"";"";"";"Inhibition < 50% @ 10 uM and thus dose-reponse curve not measured";"";"";"";"";"";"0";"CHEMBL1909126";"DRUGMATRIX: Chemokine CCR5 radioligand binding (ligand: [125I] MIP-1alpha)";"B";"BAO_0000249";"cell membrane format";"None";"None";"None";"HEK293";"Membrane";"";"";"";"CHEMBL274";"C-C chemokine receptor type 5";"Homo sapiens";"SINGLE PROTEIN";"CHEMBL1909046";"15";"DrugMatrix";"";"";"CHEMBL3307715";"";"";"Not Active";""
"CHEMBL87285";"ANDROSTERONE";"None";"290.45";"0";"3.96";"ANDROSTERONE";"C[C@]12CC[C@@H](O)C[C@@H]1CC[C@@H]1[C@@H]2CC[C@]2(C)C(=O)CC[C@@H]12";"Ki";"";"";"";"";"";"Inhibition < 50% @ 10 uM and thus dose-reponse curve not measured";"";"";"";"";"";"0";"CHEMBL1909126";"DRUGMATRIX: Chemokine CCR5 radioligand binding (ligand: [125I] MIP-1alpha)";"B";"BAO_0000249";"cell membrane format";"None";"None";"None";"HEK293";"Membrane";"";"";"";"CHEMBL274";"C-C chemokine receptor type 5";"Homo sapiens";"SINGLE PROTEIN";"CHEMBL1909046";"15";"DrugMatrix";"";"";"CHEMBL3307715";"";"";"Not Active";""
"CHEMBL81977";"3-AMINOBENZAMIDE";"None";"136.15";"0";"0.37";"3-AMINOBENZAMIDE";"NC(=O)c1cccc(N)c1";"Ki";"";"";"";"";"";"Inhibition < 50% @ 10 uM and thus dose-reponse curve not measured";"";"";"";"";"";"0";"CHEMBL1909126";"DRUGMATRIX: Chemokine CCR5 radioligand binding (ligand: [125I] MIP-1alpha)";"B";"BAO_0000249";"cell membrane format";"None";"None";"None";"HEK293";"Membrane";"";"";"";"CHEMBL274";"C-C chemokine receptor type 5";"Homo sapiens";"SINGLE PROTEIN";"CHEMBL1909046";"15";"DrugMatrix";"";"";"CHEMBL3307715";"";"";"Not Active";""
"CHEMBL189171";"ACEMETACIN";"2.0";"415.83";"0";"3.47";"ACEMETACIN";"COc1ccc2c(c1)c(CC(=O)OCC(=O)O)c(C)n2C(=O)c1ccc(Cl)cc1";"Ki";"";"";"";"";"";"Inhibition < 50% @ 10 uM and thus dose-reponse curve not measured";"";"";"";"";"";"0";"CHEMBL1909126";"DRUGMATRIX: Chemokine CCR5 radioligand binding (ligand: [125I] MIP-1alpha)";"B";"BAO_0000249";"cell membrane format";"None";"None";"None";"HEK293";"Membrane";"";"";"";"CHEMBL274";"C-C chemokine receptor type 5";"Homo sapiens";"SINGLE PROTEIN";"CHEMBL1909046";"15";"DrugMatrix";"";"";"CHEMBL3307715";"";"";"Not Active";""
"CHEMBL108";"CARBAMAZEPINE";"4.0";"236.27";"0";"3.39";"Carbamazepine";"NC(=O)N1c2ccccc2C=Cc2ccccc21";"Ki";"";"";"";"";"";"Inhibition < 50% @ 10 uM and thus dose-reponse curve not measured";"";"";"";"";"";"0";"CHEMBL1909126";"DRUGMATRIX: Chemokine CCR5 radioligand binding (ligand: [125I] MIP-1alpha)";"B";"BAO_0000249";"cell membrane format";"None";"None";"None";"HEK293";"Membrane";"";"";"";"CHEMBL274";"C-C chemokine receptor type 5";"Homo sapiens";"SINGLE PROTEIN";"CHEMBL1909046";"15";"DrugMatrix";"";"";"CHEMBL3307715";"";"";"Not Active";""
"CHEMBL452861";"LEVOPROPRANOLOL";"2.0";"259.35";"0";"2.58";"S-(-)-PROPRANOLOL";"CC(C)NC[C@H](O)COc1cccc2ccccc12";"Ki";"";"";"";"";"";"Inhibition < 50% @ 10 uM and thus dose-reponse curve not measured";"";"";"";"";"";"0";"CHEMBL1909126";"DRUGMATRIX: Chemokine CCR5 radioligand binding (ligand: [125I] MIP-1alpha)";"B";"BAO_0000249";"cell membrane format";"None";"None";"None";"HEK293";"Membrane";"";"";"";"CHEMBL274";"C-C chemokine receptor type 5";"Homo sapiens";"SINGLE PROTEIN";"CHEMBL1909046";"15";"DrugMatrix";"";"";"CHEMBL3307715";"";"";"Not Active";""
"CHEMBL1200862";"METYROSINE";"4.0";"195.22";"0";"0.74";"METYROSINE";"C[C@](N)(Cc1ccc(O)cc1)C(=O)O";"Ki";"";"";"";"";"";"Inhibition < 50% @ 10 uM and thus dose-reponse curve not measured";"";"";"";"";"";"0";"CHEMBL1909126";"DRUGMATRIX: Chemokine CCR5 radioligand binding (ligand: [125I] MIP-1alpha)";"B";"BAO_0000249";"cell membrane format";"None";"None";"None";"HEK293";"Membrane";"";"";"";"CHEMBL274";"C-C chemokine receptor type 5";"Homo sapiens";"SINGLE PROTEIN";"CHEMBL1909046";"15";"DrugMatrix";"";"";"CHEMBL3307715";"";"";"Not Active";""
"CHEMBL101168";"";"None";"134.14";"0";"0.15";"1-AMINOBENZOTRIAZOLE";"Nn1nnc2ccccc21";"Ki";"";"";"";"";"";"Inhibition < 50% @ 10 uM and thus dose-reponse curve not measured";"";"";"";"";"";"0";"CHEMBL1909126";"DRUGMATRIX: Chemokine CCR5 radioligand binding (ligand: [125I] MIP-1alpha)";"B";"BAO_0000249";"cell membrane format";"None";"None";"None";"HEK293";"Membrane";"";"";"";"CHEMBL274";"C-C chemokine receptor type 5";"Homo sapiens";"SINGLE PROTEIN";"CHEMBL1909046";"15";"DrugMatrix";"";"";"CHEMBL3307715";"";"";"Not Active";""
"CHEMBL1169";"AMINOSALICYLIC ACID";"4.0";"153.14";"0";"0.67";"AMINOSALICYLIC ACID";"Nc1ccc(C(=O)O)c(O)c1";"Ki";"";"";"";"";"";"Inhibition < 50% @ 10 uM and thus dose-reponse curve not measured";"";"";"";"";"";"0";"CHEMBL1909126";"DRUGMATRIX: Chemokine CCR5 radioligand binding (ligand: [125I] MIP-1alpha)";"B";"BAO_0000249";"cell membrane format";"None";"None";"None";"HEK293";"Membrane";"";"";"";"CHEMBL274";"C-C chemokine receptor type 5";"Homo sapiens";"SINGLE PROTEIN";"CHEMBL1909046";"15";"DrugMatrix";"";"";"CHEMBL3307715";"";"";"Not Active";""
"CHEMBL112686";"";"None";"512.49";"2";"5.43";"18a";"CO/N=C(/c1ccc(Br)cc1)C1CCN(C2CCN(C(=O)c3c(C)cccc3C)CC2)CC1";"Ki";"'='";"2.0";"nM";"8.70";"";"";"UO_0000065";"16.97";"0.36";"3.27";"19.27";"0";"CHEMBL649944";"Inhibition of RANTES binding to C-C chemokine receptor type 5";"B";"BAO_0000357";"single protein format";"None";"None";"None";"None";"None";"";"";"";"CHEMBL274";"C-C chemokine receptor type 5";"Homo sapiens";"SINGLE PROTEIN";"CHEMBL1134621";"1";"Scientific Literature";"J Med Chem";"2001";"None";"";"";"";"2.0"
"CHEMBL153062";"4-NONYLPHENOL";"None";"220.36";"0";"4.69";"4-NONYLPHENOL";"CCCCCCCCCc1ccc(O)cc1";"Ki";"";"";"";"";"";"Inhibition < 50% @ 10 uM and thus dose-reponse curve not measured";"";"";"";"";"";"0";"CHEMBL1909126";"DRUGMATRIX: Chemokine CCR5 radioligand binding (ligand: [125I] MIP-1alpha)";"B";"BAO_0000249";"cell membrane format";"None";"None";"None";"HEK293";"Membrane";"";"";"";"CHEMBL274";"C-C chemokine receptor type 5";"Homo sapiens";"SINGLE PROTEIN";"CHEMBL1909046";"15";"DrugMatrix";"";"";"CHEMBL3307715";"";"";"Not Active";""
"CHEMBL1208572";"SALINOMYCIN";"2.0";"751.01";"2";"6.19";"SALINOMYCIN";"CC[C@@H](C(=O)[C@@H](C)[C@@H](O)[C@H](C)[C@@H]1O[C@@H]([C@@H](CC)C(=O)O)CC[C@@H]1C)[C@H]1O[C@]2(C=C[C@@H](O)[C@]3(CC[C@@](C)([C@H]4CC[C@](O)(CC)[C@H](C)O4)O3)O2)[C@H](C)C[C@@H]1C";"Ki";"";"";"";"";"";"Inhibition < 50% @ 10 uM and thus dose-reponse curve not measured";"";"";"";"";"";"0";"CHEMBL1909126";"DRUGMATRIX: Chemokine CCR5 radioligand binding (ligand: [125I] MIP-1alpha)";"B";"BAO_0000249";"cell membrane format";"None";"None";"None";"HEK293";"Membrane";"";"";"";"CHEMBL274";"C-C chemokine receptor type 5";"Homo sapiens";"SINGLE PROTEIN";"CHEMBL1909046";"15";"DrugMatrix";"";"";"CHEMBL3307715";"";"";"Not Active";""
"CHEMBL112659";"";"None";"545.51";"2";"5.28";"8";"Cc1cccc(C)c1C(=O)N1CCC(N2CCN([C@@H](C)c3ccc(I)cc3)[C@@H](C)C2)CC1";"Ki";"'='";"20.0";"nM";"7.70";"";"";"UO_0000065";"14.11";"0.33";"2.42";"28.74";"0";"CHEMBL649956";"Binding affinity towards C-C chemokine receptor type 5";"B";"BAO_0000357";"single protein format";"None";"None";"None";"None";"None";"";"";"";"CHEMBL274";"C-C chemokine receptor type 5";"Homo sapiens";"SINGLE PROTEIN";"CHEMBL1134622";"1";"Scientific Literature";"J Med Chem";"2001";"None";"";"";"";"20.0"
"CHEMBL109051";"";"None";"600.76";"2";"6.38";"3";"COc1ccc(S(=O)(=O)c2ccc(CC3CCN(C4CCN(C(=O)c5ccc(F)c6ccccc56)CC4)CC3)cc2)cc1";"Ki";"'='";"1.0";"nM";"9.00";"";"";"UO_0000065";"14.98";"0.29";"2.62";"13.45";"0";"CHEMBL649944";"Inhibition of RANTES binding to C-C chemokine receptor type 5";"B";"BAO_0000357";"single protein format";"None";"None";"None";"None";"None";"";"";"";"CHEMBL274";"C-C chemokine receptor type 5";"Homo sapiens";"SINGLE PROTEIN";"CHEMBL1134621";"1";"Scientific Literature";"J Med Chem";"2001";"None";"";"";"";"1.0"
"CHEMBL141201";"";"None";"596.49";"2";"5.55";"16d";"Cc1ncnc(C)c1C(=O)N1CCC(C)(N2CCC(/C(=N\OCC(F)(F)F)c3ccc(Br)cc3)CC2)CC1";"Ki";"'='";"14.0";"nM";"7.85";"";"";"UO_0000065";"13.17";"0.28";"2.30";"11.07";"1";"CHEMBL650119";"Inhibition of [125I]RANTES binding to CCR5 receptor.";"B";"BAO_0000357";"single protein format";"None";"None";"None";"None";"None";"";"";"";"CHEMBL274";"C-C chemokine receptor type 5";"Homo sapiens";"SINGLE PROTEIN";"CHEMBL1136595";"1";"Scientific Literature";"Bioorg Med Chem Lett";"2003";"None";"";"";"";"14.0"
"CHEMBL140201";"";"None";"599.57";"1";"4.96";"95";"CCO/N=C(/c1ccc(Br)cc1)C1CCN(C2(C)CCN(C(=O)c3c(C)nc(NC(C)=O)nc3C)CC2)CC1";"Ki";"'='";"60.0";"nM";"7.22";"";"";"UO_0000065";"12.05";"0.25";"2.26";"7.22";"0";"CHEMBL649945";"Inhibition of RANTES binding to the human C-C chemokine receptor type 5 (CCR5)";"B";"BAO_0000357";"single protein format";"None";"None";"None";"None";"None";"";"";"";"CHEMBL274";"C-C chemokine receptor type 5";"Homo sapiens";"SINGLE PROTEIN";"CHEMBL1144903";"1";"Scientific Literature";"J Med Chem";"2003";"None";"";"";"";"60.0"
"CHEMBL69581";"";"None";"589.76";"1";"4.68";"13c";"Cc1cccc(C)c1C(=O)N1CCC(N2CCN(Cc3ccc(S(=O)(=O)c4ccc5c(c4)OCO5)cc3)[C@@H](C)C2)CC1";"Ki";"'='";"74.0";"nM";"7.13";"";"";"UO_0000065";"12.09";"0.23";"2.45";"8.98";"0";"CHEMBL649954";"Inhibition of [125I]-labeled RANTES binding to C-C chemokine receptor type 5";"B";"BAO_0000357";"single protein format";"None";"None";"None";"None";"None";"";"";"";"CHEMBL274";"C-C chemokine receptor type 5";"Homo sapiens";"SINGLE PROTEIN";"CHEMBL1133909";"1";"Scientific Literature";"Bioorg Med Chem Lett";"2001";"None";"";"";"";"74.0"
"CHEMBL138502";"";"None";"502.63";"2";"5.48";"69";"Cc1cncc(C)c1C(=O)N1CCC(C)(N2CCN([C@@H](C)c3ccc(C(F)(F)F)cc3)[C@@H](C)C2)CC1";"Ki";"'='";"5.23";"nM";"8.28";"";"";"UO_0000065";"16.48";"0.31";"2.80";"20.87";"0";"CHEMBL649945";"Inhibition of RANTES binding to the human C-C chemokine receptor type 5 (CCR5)";"B";"BAO_0000357";"single protein format";"None";"None";"None";"None";"None";"";"";"";"CHEMBL274";"C-C chemokine receptor type 5";"Homo sapiens";"SINGLE PROTEIN";"CHEMBL1144903";"1";"Scientific Literature";"J Med Chem";"2003";"None";"";"";"";"5.23"
"CHEMBL141202";"";"None";"528.50";"1";"4.61";"85";"CO/N=C(/c1ccc(Br)cc1)C1CCN(C2(C)CCN(C(=O)c3c(C)ncnc3C)CC2)CC1";"Ki";"'='";"4.7";"nM";"8.33";"";"";"UO_0000065";"15.76";"0.33";"3.72";"11.74";"0";"CHEMBL649945";"Inhibition of RANTES binding to the human C-C chemokine receptor type 5 (CCR5)";"B";"BAO_0000357";"single protein format";"None";"None";"None";"None";"None";"";"";"";"CHEMBL274";"C-C chemokine receptor type 5";"Homo sapiens";"SINGLE PROTEIN";"CHEMBL1144903";"1";"Scientific Literature";"J Med Chem";"2003";"None";"";"";"";"4.7"
"CHEMBL108569";"";"None";"485.47";"1";"5.60";"16";"Cc1cccc(C)c1C(=O)N1CCC(C)(N2CCC(Oc3ccc(Br)cc3)CC2)CC1";"Ki";"'='";"29.0";"nM";"7.54";"";"";"UO_0000065";"15.53";"0.33";"1.94";"22.99";"1";"CHEMBL649945";"Inhibition of RANTES binding to the human C-C chemokine receptor type 5 (CCR5)";"B";"BAO_0000357";"single protein format";"None";"None";"None";"None";"None";"";"";"";"CHEMBL274";"C-C chemokine receptor type 5";"Homo sapiens";"SINGLE PROTEIN";"CHEMBL1144903";"1";"Scientific Literature";"J Med Chem";"2003";"None";"";"";"";"29.0"
"CHEMBL343520";"";"None";"572.55";"2";"5.01";"99";"CCO/N=C(/c1ccc(Br)cc1)C1CCN(C2(C)CCN(C(=O)c3c(C)nc(OC)nc3C)CC2)CC1";"Ki";"'='";"5.3";"nM";"8.28";"";"";"UO_0000065";"14.45";"0.31";"3.27";"10.33";"0";"CHEMBL649945";"Inhibition of RANTES binding to the human C-C chemokine receptor type 5 (CCR5)";"B";"BAO_0000357";"single protein format";"None";"None";"None";"None";"None";"";"";"";"CHEMBL274";"C-C chemokine receptor type 5";"Homo sapiens";"SINGLE PROTEIN";"CHEMBL1144903";"1";"Scientific Literature";"J Med Chem";"2003";"None";"";"";"";"5.3"
"CHEMBL112760";"";"None";"526.52";"2";"5.82";"18/17";"CO/N=C(/c1ccc(Br)cc1)C1CCN(C2(C)CCN(C(=O)c3c(C)cccc3C)CC2)CC1";"Ki";"'='";"2.0";"nM";"8.70";"";"";"UO_0000065";"16.52";"0.35";"2.88";"19.27";"0";"CHEMBL649945";"Inhibition of RANTES binding to the human C-C chemokine receptor type 5 (CCR5)";"B";"BAO_0000357";"single protein format";"None";"None";"None";"None";"None";"";"";"";"CHEMBL274";"C-C chemokine receptor type 5";"Homo sapiens";"SINGLE PROTEIN";"CHEMBL1144903";"1";"Scientific Literature";"J Med Chem";"2003";"None";"";"";"";"2.0"
"CHEMBL344607";"";"None";"579.71";"2";"6.54";"74";"Cc1nc(-c2ccccc2)nc(C)c1C(=O)N1CCC(C)(N2CCN([C@@H](C)c3ccc(C(F)(F)F)cc3)[C@@H](C)C2)CC1";"Ki";"'='";"12.0";"nM";"7.92";"";"";"UO_0000065";"13.66";"0.26";"1.38";"15.07";"0";"CHEMBL649945";"Inhibition of RANTES binding to the human C-C chemokine receptor type 5 (CCR5)";"B";"BAO_0000357";"single protein format";"None";"None";"None";"None";"None";"";"";"";"CHEMBL274";"C-C chemokine receptor type 5";"Homo sapiens";"SINGLE PROTEIN";"CHEMBL1144903";"1";"Scientific Literature";"J Med Chem";"2003";"None";"";"";"";"12.0"
"CHEMBL341928";"";"None";"583.57";"1";"4.94";"25";"CNC(=O)CO/N=C(/c1ccc(Br)cc1)C1CCN(C2(C)CCN(C(=O)c3c(C)cccc3C)CC2)CC1";"Ki";"'='";"33.0";"nM";"7.48";"";"";"UO_0000065";"12.82";"0.27";"2.54";"10.08";"0";"CHEMBL649945";"Inhibition of RANTES binding to the human C-C chemokine receptor type 5 (CCR5)";"B";"BAO_0000357";"single protein format";"None";"None";"None";"None";"None";"";"";"";"CHEMBL274";"C-C chemokine receptor type 5";"Homo sapiens";"SINGLE PROTEIN";"CHEMBL1144903";"1";"Scientific Literature";"J Med Chem";"2003";"None";"";"";"";"33.0"
"CHEMBL163078";"";"None";"331.46";"0";"2.42";"5";"Cc1cc[n+]([O-])c(C)c1C(=O)N1CCC(C)(N2CCCCC2)CC1";"Ki";"'='";"5.1";"nM";"8.29";"";"";"UO_0000065";"25.02";"0.47";"5.87";"16.42";"0";"CHEMBL650747";"Inhibitory activity against CCR5 receptor in CHO cell membranes was determined using radio-ligand [125I]-RANTES binding assay";"B";"BAO_0000219";"cell-based format";"None";"None";"None";"CHO";"None";"";"";"";"CHEMBL274";"C-C chemokine receptor type 5";"Homo sapiens";"SINGLE PROTEIN";"CHEMBL1136594";"1";"Scientific Literature";"Bioorg Med Chem Lett";"2003";"CHEMBL3308072";"";"";"";"5.1"
"CHEMBL261950";"";"None";"546.63";"2";"5.10";"47";"CCO/N=C(/c1ccc(C(F)(F)F)cc1)C1CCN(C2(C)CCN(C(=O)c3c(C)cc[n+]([O-])c3C)CC2)CC1";"Ki";"'='";"3.8";"nM";"8.42";"";"";"UO_0000065";"15.40";"0.29";"3.32";"11.68";"0";"CHEMBL649945";"Inhibition of RANTES binding to the human C-C chemokine receptor type 5 (CCR5)";"B";"BAO_0000357";"single protein format";"None";"None";"None";"None";"None";"";"";"";"CHEMBL274";"C-C chemokine receptor type 5";"Homo sapiens";"SINGLE PROTEIN";"CHEMBL1144903";"1";"Scientific Literature";"J Med Chem";"2003";"None";"";"";"";"3.8"
"CHEMBL137934";"";"None";"541.53";"2";"5.61";"80";"CCO/N=C(/c1ccc(Br)cc1)C1CCN(C2(C)CCN(C(=O)c3c(C)cncc3C)CC2)CC1";"Ki";"'='";"2.3";"nM";"8.64";"";"";"UO_0000065";"15.95";"0.34";"3.03";"14.89";"0";"CHEMBL649945";"Inhibition of RANTES binding to the human C-C chemokine receptor type 5 (CCR5)";"B";"BAO_0000357";"single protein format";"None";"None";"None";"None";"None";"";"";"";"CHEMBL274";"C-C chemokine receptor type 5";"Homo sapiens";"SINGLE PROTEIN";"CHEMBL1144903";"1";"Scientific Literature";"J Med Chem";"2003";"None";"";"";"";"2.3"
"CHEMBL331140";"";"None";"540.55";"2";"6.21";"20/19";"CCO/N=C(/c1ccc(Br)cc1)C1CCN(C2(C)CCN(C(=O)c3c(C)cccc3C)CC2)CC1";"Ki";"'='";"48.0";"nM";"7.32";"";"";"UO_0000065";"13.54";"0.29";"1.11";"16.21";"1";"CHEMBL649945";"Inhibition of RANTES binding to the human C-C chemokine receptor type 5 (CCR5)";"B";"BAO_0000357";"single protein format";"None";"None";"None";"None";"None";"";"";"";"CHEMBL274";"C-C chemokine receptor type 5";"Homo sapiens";"SINGLE PROTEIN";"CHEMBL1144903";"1";"Scientific Literature";"J Med Chem";"2003";"None";"";"";"";"48.0"
"CHEMBL137856";"";"None";"557.53";"1";"4.85";"81";"CCO/N=C(/c1ccc(Br)cc1)C1CCN(C2(C)CCN(C(=O)c3c(C)c[n+]([O-])cc3C)CC2)CC1";"Ki";"'='";"8.8";"nM";"8.06";"";"";"UO_0000065";"14.45";"0.31";"3.21";"11.18";"0";"CHEMBL649945";"Inhibition of RANTES binding to the human C-C chemokine receptor type 5 (CCR5)";"B";"BAO_0000357";"single protein format";"None";"None";"None";"None";"None";"";"";"";"CHEMBL274";"C-C chemokine receptor type 5";"Homo sapiens";"SINGLE PROTEIN";"CHEMBL1144903";"1";"Scientific Literature";"J Med Chem";"2003";"None";"";"";"";"8.8"
"CHEMBL335365";"";"None";"671.27";"2";"6.52";"79";"CCO/N=C(/c1ccc(Br)cc1)C1CCN(C2(C)CCN(C(=O)c3c(Br)cncc3Br)CC2)CC1";"Ki";"'='";"0.3";"nM";"9.52";"";"";"UO_0000065";"14.19";"0.37";"3.00";"16.41";"0";"CHEMBL649945";"Inhibition of RANTES binding to the human C-C chemokine receptor type 5 (CCR5)";"B";"BAO_0000357";"single protein format";"None";"None";"None";"None";"None";"";"";"";"CHEMBL274";"C-C chemokine receptor type 5";"Homo sapiens";"SINGLE PROTEIN";"CHEMBL1144903";"1";"Scientific Literature";"J Med Chem";"2003";"None";"";"";"";"0.3"
"CHEMBL140490";"";"None";"518.63";"1";"4.46";"76";"Cc1nc(N)nc(C)c1C(=O)N1CCC(C)(N2CCN([C@@H](C)c3ccc(C(F)(F)F)cc3)[C@@H](C)C2)CC1";"Ki";"'='";"38.0";"nM";"7.42";"";"";"UO_0000065";"14.31";"0.27";"2.96";"9.44";"0";"CHEMBL649945";"Inhibition of RANTES binding to the human C-C chemokine receptor type 5 (CCR5)";"B";"BAO_0000357";"single protein format";"None";"None";"None";"None";"None";"";"";"";"CHEMBL274";"C-C chemokine receptor type 5";"Homo sapiens";"SINGLE PROTEIN";"CHEMBL1144903";"1";"Scientific Literature";"J Med Chem";"2003";"None";"";"";"";"38.0"
"CHEMBL342706";"";"None";"635.63";"1";"4.37";"96";"CCO/N=C(/c1ccc(Br)cc1)C1CCN(C2(C)CCN(C(=O)c3c(C)nc(NS(C)(=O)=O)nc3C)CC2)CC1";"Ki";"'='";"315.0";"nM";"6.50";"";"";"UO_0000065";"10.23";"0.22";"2.13";"5.55";"0";"CHEMBL649945";"Inhibition of RANTES binding to the human C-C chemokine receptor type 5 (CCR5)";"B";"BAO_0000357";"single protein format";"None";"None";"None";"None";"None";"";"";"";"CHEMBL274";"C-C chemokine receptor type 5";"Homo sapiens";"SINGLE PROTEIN";"CHEMBL1144903";"1";"Scientific Literature";"J Med Chem";"2003";"None";"";"";"";"315.0"
"CHEMBL1191";"SULFAMETHIZOLE";"4.0";"270.34";"0";"1.23";"SULFAMETHIZOLE";"Cc1nnc(NS(=O)(=O)c2ccc(N)cc2)s1";"Ki";"";"";"";"";"";"Inhibition < 50% @ 10 uM and thus dose-reponse curve not measured";"";"";"";"";"";"0";"CHEMBL1909126";"DRUGMATRIX: Chemokine CCR5 radioligand binding (ligand: [125I] MIP-1alpha)";"B";"BAO_0000249";"cell membrane format";"None";"None";"None";"HEK293";"Membrane";"";"";"";"CHEMBL274";"C-C chemokine receptor type 5";"Homo sapiens";"SINGLE PROTEIN";"CHEMBL1909046";"15";"DrugMatrix";"";"";"CHEMBL3307715";"";"";"Not Active";""
"CHEMBL1393";"SPIRONOLACTONE";"4.0";"416.58";"0";"4.85";"spironolactone";"CC(=O)S[C@@H]1CC2=CC(=O)CC[C@]2(C)[C@H]2CC[C@@]3(C)[C@@H](CC[C@@]34CCC(=O)O4)[C@H]12";"Ki";"";"";"";"";"";"Inhibition < 50% @ 10 uM and thus dose-reponse curve not measured";"";"";"";"";"";"0";"CHEMBL1909126";"DRUGMATRIX: Chemokine CCR5 radioligand binding (ligand: [125I] MIP-1alpha)";"B";"BAO_0000249";"cell membrane format";"None";"None";"None";"HEK293";"Membrane";"";"";"";"CHEMBL274";"C-C chemokine receptor type 5";"Homo sapiens";"SINGLE PROTEIN";"CHEMBL1909046";"15";"DrugMatrix";"";"";"CHEMBL3307715";"";"";"Not Active";""
"CHEMBL1521";"ZALEPLON";"4.0";"305.34";"0";"2.64";"ZALEPLON";"CCN(C(C)=O)c1cccc(-c2ccnc3c(C#N)cnn23)c1";"Ki";"";"";"";"";"";"Inhibition < 50% @ 10 uM and thus dose-reponse curve not measured";"";"";"";"";"";"0";"CHEMBL1909126";"DRUGMATRIX: Chemokine CCR5 radioligand binding (ligand: [125I] MIP-1alpha)";"B";"BAO_0000249";"cell membrane format";"None";"None";"None";"HEK293";"Membrane";"";"";"";"CHEMBL274";"C-C chemokine receptor type 5";"Homo sapiens";"SINGLE PROTEIN";"CHEMBL1909046";"15";"DrugMatrix";"";"";"CHEMBL3307715";"";"";"Not Active";""
"CHEMBL445206";"ISOEUGENOL";"None";"164.20";"0";"2.43";"ISOEUGENOL";"C/C=C\c1ccc(O)c(OC)c1";"Ki";"";"";"";"";"";"Inhibition < 50% @ 10 uM and thus dose-reponse curve not measured";"";"";"";"";"";"0";"CHEMBL1909126";"DRUGMATRIX: Chemokine CCR5 radioligand binding (ligand: [125I] MIP-1alpha)";"B";"BAO_0000249";"cell membrane format";"None";"None";"None";"HEK293";"Membrane";"";"";"";"CHEMBL274";"C-C chemokine receptor type 5";"Homo sapiens";"SINGLE PROTEIN";"CHEMBL1909046";"15";"DrugMatrix";"";"";"CHEMBL3307715";"";"";"Not Active";""
"CHEMBL457";"GEMFIBROZIL";"4.0";"250.34";"0";"3.57";"Gemfibrozil";"Cc1ccc(C)c(OCCCC(C)(C)C(=O)O)c1";"Ki";"";"";"";"";"";"Inhibition < 50% @ 10 uM and thus dose-reponse curve not measured";"";"";"";"";"";"0";"CHEMBL1909126";"DRUGMATRIX: Chemokine CCR5 radioligand binding (ligand: [125I] MIP-1alpha)";"B";"BAO_0000249";"cell membrane format";"None";"None";"None";"HEK293";"Membrane";"";"";"";"CHEMBL274";"C-C chemokine receptor type 5";"Homo sapiens";"SINGLE PROTEIN";"CHEMBL1909046";"15";"DrugMatrix";"";"";"CHEMBL3307715";"";"";"Not Active";""
"CHEMBL2338393";"";"None";"660.71";"2";"5.81";"24";"Cc1cc(-c2nc(NC[C@H]3CCC[C@@H](c4ccc(C(F)(F)F)cc4)O3)c(C)c(C(=O)N3CCC(N[C@@H]4CCOC[C@@H]4F)CC3)n2)no1";"Ki";"'='";"50.0";"nM";"7.30";"";"";"UO_0000065";"11.05";"0.21";"1.49";"6.37";"0";"CHEMBL2344606";"Displacement of [125I]RANTES from human CCR5 expressed in CHO cell membranes coexpressing Gal6 after 6 hrs by scintillation counting analysis";"B";"BAO_0000219";"cell-based format";"Homo sapiens";"None";"None";"CHO";"None";"";"";"";"CHEMBL274";"C-C chemokine receptor type 5";"Homo sapiens";"SINGLE PROTEIN";"CHEMBL2331291";"1";"Scientific Literature";"ACS Med Chem Lett";"2013";"CHEMBL3308072";"";"";"";"50.0"
"CHEMBL414804";"OXALIPLATIN";"4.0";"395.27";"None";"None";"OXALIPLATIN";"";"Ki";"";"";"";"";"";"Inhibition < 50% @ 10 uM and thus dose-reponse curve not measured";"";"";"";"";"";"0";"CHEMBL1909126";"DRUGMATRIX: Chemokine CCR5 radioligand binding (ligand: [125I] MIP-1alpha)";"B";"BAO_0000249";"cell membrane format";"None";"None";"None";"HEK293";"Membrane";"";"";"";"CHEMBL274";"C-C chemokine receptor type 5";"Homo sapiens";"SINGLE PROTEIN";"CHEMBL1909046";"15";"DrugMatrix";"";"";"CHEMBL3307715";"";"";"Not Active";""
"CHEMBL1201220";"DIATRIZOIC ACID";"4.0";"613.91";"1";"3.12";"DIATRIZOIC ACID";"CC(=O)Nc1c(I)c(NC(C)=O)c(I)c(C(=O)O)c1I";"Ki";"";"";"";"";"";"Inhibition < 50% @ 10 uM and thus dose-reponse curve not measured";"";"";"";"";"";"0";"CHEMBL1909126";"DRUGMATRIX: Chemokine CCR5 radioligand binding (ligand: [125I] MIP-1alpha)";"B";"BAO_0000249";"cell membrane format";"None";"None";"None";"HEK293";"Membrane";"";"";"";"CHEMBL274";"C-C chemokine receptor type 5";"Homo sapiens";"SINGLE PROTEIN";"CHEMBL1909046";"15";"DrugMatrix";"";"";"CHEMBL3307715";"";"";"Not Active";""
"CHEMBL291338";"3,3',4',5-TETRACHLOROSALICYLANILIDE";"4.0";"351.02";"1";"5.26";"3,3',4',5-TETRACHLOROSALICYLANILIDE";"O=C(Nc1ccc(Cl)c(Cl)c1)c1cc(Cl)cc(Cl)c1O";"Ki";"";"";"";"";"";"Inhibition < 50% @ 10 uM and thus dose-reponse curve not measured";"";"";"";"";"";"0";"CHEMBL1909126";"DRUGMATRIX: Chemokine CCR5 radioligand binding (ligand: [125I] MIP-1alpha)";"B";"BAO_0000249";"cell membrane format";"None";"None";"None";"HEK293";"Membrane";"";"";"";"CHEMBL274";"C-C chemokine receptor type 5";"Homo sapiens";"SINGLE PROTEIN";"CHEMBL1909046";"15";"DrugMatrix";"";"";"CHEMBL3307715";"";"";"Not Active";""
"CHEMBL1087";"MEPIVACAINE";"4.0";"246.35";"0";"2.73";"MEPIVACAINE";"Cc1cccc(C)c1NC(=O)C1CCCCN1C";"Ki";"";"";"";"";"";"Inhibition < 50% @ 10 uM and thus dose-reponse curve not measured";"";"";"";"";"";"0";"CHEMBL1909126";"DRUGMATRIX: Chemokine CCR5 radioligand binding (ligand: [125I] MIP-1alpha)";"B";"BAO_0000249";"cell membrane format";"None";"None";"None";"HEK293";"Membrane";"";"";"";"CHEMBL274";"C-C chemokine receptor type 5";"Homo sapiens";"SINGLE PROTEIN";"CHEMBL1909046";"15";"DrugMatrix";"";"";"CHEMBL3307715";"";"";"Not Active";""
"CHEMBL325372";"METHYLPARABEN";"-1.0";"152.15";"0";"1.18";"METHYLPARABEN";"COC(=O)c1ccc(O)cc1";"Ki";"";"";"";"";"";"Inhibition < 50% @ 10 uM and thus dose-reponse curve not measured";"";"";"";"";"";"0";"CHEMBL1909126";"DRUGMATRIX: Chemokine CCR5 radioligand binding (ligand: [125I] MIP-1alpha)";"B";"BAO_0000249";"cell membrane format";"None";"None";"None";"HEK293";"Membrane";"";"";"";"CHEMBL274";"C-C chemokine receptor type 5";"Homo sapiens";"SINGLE PROTEIN";"CHEMBL1909046";"15";"DrugMatrix";"";"";"CHEMBL3307715";"";"";"Not Active";""
"CHEMBL1489254";"TRIACETIN";"2.0";"218.21";"0";"0.04";"TRIACETIN";"CC(=O)OCC(COC(C)=O)OC(C)=O";"Ki";"";"";"";"";"";"Inhibition < 50% @ 10 uM and thus dose-reponse curve not measured";"";"";"";"";"";"0";"CHEMBL1909126";"DRUGMATRIX: Chemokine CCR5 radioligand binding (ligand: [125I] MIP-1alpha)";"B";"BAO_0000249";"cell membrane format";"None";"None";"None";"HEK293";"Membrane";"";"";"";"CHEMBL274";"C-C chemokine receptor type 5";"Homo sapiens";"SINGLE PROTEIN";"CHEMBL1909046";"15";"DrugMatrix";"";"";"CHEMBL3307715";"";"";"Not Active";""
"CHEMBL422";"TRIFLUOPERAZINE";"4.0";"407.51";"0";"4.95";"TRIFLUOPERAZINE";"CN1CCN(CCCN2c3ccccc3Sc3ccc(C(F)(F)F)cc32)CC1";"Ki";"";"";"";"";"";"Inhibition < 50% @ 10 uM and thus dose-reponse curve not measured";"";"";"";"";"";"0";"CHEMBL1909126";"DRUGMATRIX: Chemokine CCR5 radioligand binding (ligand: [125I] MIP-1alpha)";"B";"BAO_0000249";"cell membrane format";"None";"None";"None";"HEK293";"Membrane";"";"";"";"CHEMBL274";"C-C chemokine receptor type 5";"Homo sapiens";"SINGLE PROTEIN";"CHEMBL1909046";"15";"DrugMatrix";"";"";"CHEMBL3307715";"";"";"Not Active";""
"CHEMBL311795";"";"None";"503.61";"1";"4.87";"16";"Cc1ncnc(C)c1C(=O)N1CCC(C)(N2CCN([C@@H](C)c3ccc(C(F)(F)F)cc3)[C@@H](C)C2)CC1";"Ki";"'='";"3.0";"nM";"8.52";"";"";"UO_0000065";"16.92";"0.32";"3.65";"16.21";"1";"CHEMBL873192";"Ability of compound to inhibit [125I]-labeled RANTES binding to the CCR5 receptor expressed in membrane preparations from CHO cells";"B";"BAO_0000219";"cell-based format";"Cricetulus griseus";"None";"None";"CHO";"None";"";"";"";"CHEMBL274";"C-C chemokine receptor type 5";"Homo sapiens";"SINGLE PROTEIN";"CHEMBL1136572";"1";"Scientific Literature";"Bioorg Med Chem Lett";"2003";"CHEMBL3308072";"";"";"";"3.0"
"CHEMBL342137";"";"None";"517.64";"2";"5.18";"18";"Cc1nc(C)c(C(=O)N2CCC(C)(N3CCN([C@@H](C)c4ccc(C(F)(F)F)cc4)[C@@H](C)C3)CC2)c(C)n1";"Ki";"'='";"10.0";"nM";"8.00";"";"";"UO_0000065";"15.45";"0.30";"2.82";"15.22";"1";"CHEMBL649953";"Ability to inhibit [125I]-labeled RANTES binding to the CCR5 receptor expressed in membrane preparations from CHO cells";"B";"BAO_0000219";"cell-based format";"None";"None";"None";"CHO";"None";"";"";"";"CHEMBL274";"C-C chemokine receptor type 5";"Homo sapiens";"SINGLE PROTEIN";"CHEMBL1136572";"1";"Scientific Literature";"Bioorg Med Chem Lett";"2003";"CHEMBL3308072";"";"";"";"10.0"
"CHEMBL1493";"FLAVOXATE";"4.0";"391.47";"0";"4.41";"FLAVOXATE";"Cc1c(-c2ccccc2)oc2c(C(=O)OCCN3CCCCC3)cccc2c1=O";"Ki";"";"";"";"";"";"Inhibition < 50% @ 10 uM and thus dose-reponse curve not measured";"";"";"";"";"";"0";"CHEMBL1909126";"DRUGMATRIX: Chemokine CCR5 radioligand binding (ligand: [125I] MIP-1alpha)";"B";"BAO_0000249";"cell membrane format";"None";"None";"None";"HEK293";"Membrane";"";"";"";"CHEMBL274";"C-C chemokine receptor type 5";"Homo sapiens";"SINGLE PROTEIN";"CHEMBL1909046";"15";"DrugMatrix";"";"";"CHEMBL3307715";"";"";"Not Active";""
"CHEMBL802";"MINOXIDIL";"4.0";"209.25";"0";"-0.13";"MINOXIDIL";"Nc1cc(N2CCCCC2)nc(N)[n+]1[O-]";"Ki";"";"";"";"";"";"Inhibition < 50% @ 10 uM and thus dose-reponse curve not measured";"";"";"";"";"";"0";"CHEMBL1909126";"DRUGMATRIX: Chemokine CCR5 radioligand binding (ligand: [125I] MIP-1alpha)";"B";"BAO_0000249";"cell membrane format";"None";"None";"None";"HEK293";"Membrane";"";"";"";"CHEMBL274";"C-C chemokine receptor type 5";"Homo sapiens";"SINGLE PROTEIN";"CHEMBL1909046";"15";"DrugMatrix";"";"";"CHEMBL3307715";"";"";"Not Active";""
"CHEMBL158";"AZTREONAM";"4.0";"435.44";"0";"-1.17";"AZTREONAM";"C[C@H]1[C@H](NC(=O)/C(=N\OC(C)(C)C(=O)O)c2csc(N)n2)C(=O)N1S(=O)(=O)O";"Ki";"";"";"";"";"";"Inhibition < 50% @ 10 uM and thus dose-reponse curve not measured";"";"";"";"";"";"0";"CHEMBL1909126";"DRUGMATRIX: Chemokine CCR5 radioligand binding (ligand: [125I] MIP-1alpha)";"B";"BAO_0000249";"cell membrane format";"None";"None";"None";"HEK293";"Membrane";"";"";"";"CHEMBL274";"C-C chemokine receptor type 5";"Homo sapiens";"SINGLE PROTEIN";"CHEMBL1909046";"15";"DrugMatrix";"";"";"CHEMBL3307715";"";"";"Not Active";""
"CHEMBL3183075";"NIZATIDINE";"4.0";"331.47";"0";"1.32";"NIZATIDINE";"CNC(=C[N+](=O)[O-])NCCSCc1csc(CN(C)C)n1";"Ki";"";"";"";"";"";"Inhibition < 50% @ 10 uM and thus dose-reponse curve not measured";"";"";"";"";"";"0";"CHEMBL1909126";"DRUGMATRIX: Chemokine CCR5 radioligand binding (ligand: [125I] MIP-1alpha)";"B";"BAO_0000249";"cell membrane format";"None";"None";"None";"HEK293";"Membrane";"";"";"";"CHEMBL274";"C-C chemokine receptor type 5";"Homo sapiens";"SINGLE PROTEIN";"CHEMBL1909046";"15";"DrugMatrix";"";"";"CHEMBL3307715";"";"";"Not Active";""
"CHEMBL1513";"IRBESARTAN";"4.0";"428.54";"0";"4.78";"IRBESARTAN";"CCCCC1=NC2(CCCC2)C(=O)N1Cc1ccc(-c2ccccc2-c2nnn[nH]2)cc1";"Ki";"";"";"";"";"";"Inhibition < 50% @ 10 uM and thus dose-reponse curve not measured";"";"";"";"";"";"0";"CHEMBL1909126";"DRUGMATRIX: Chemokine CCR5 radioligand binding (ligand: [125I] MIP-1alpha)";"B";"BAO_0000249";"cell membrane format";"None";"None";"None";"HEK293";"Membrane";"";"";"";"CHEMBL274";"C-C chemokine receptor type 5";"Homo sapiens";"SINGLE PROTEIN";"CHEMBL1909046";"15";"DrugMatrix";"";"";"CHEMBL3307715";"";"";"Not Active";""
"CHEMBL2105807";"MADURAMICIN";"2.0";"934.17";"2";"4.32";"MADURAMICIN";"CO[C@@H]1[C@@H](OC)[C@H](C)[C@@](O)(CC(=O)O)O[C@H]1[C@H](C)[C@H]1O[C@@]2(CC[C@@](C)([C@H]3CC[C@@](C)([C@@H]4O[C@@H]([C@H]5O[C@](C)(O)[C@H](C)C[C@@H]5C)C[C@@H]4O[C@@H]4C[C@H](OC)[C@@H](OC)[C@H](C)O4)O3)O2)C[C@H](O)[C@H]1C.N";"Ki";"";"";"";"";"";"Inhibition < 50% @ 10 uM and thus dose-reponse curve not measured";"";"";"";"";"";"0";"CHEMBL1909126";"DRUGMATRIX: Chemokine CCR5 radioligand binding (ligand: [125I] MIP-1alpha)";"B";"BAO_0000249";"cell membrane format";"None";"None";"None";"HEK293";"Membrane";"";"";"";"CHEMBL274";"C-C chemokine receptor type 5";"Homo sapiens";"SINGLE PROTEIN";"CHEMBL1909046";"15";"DrugMatrix";"";"";"CHEMBL3307715";"";"";"Not Active";""
"CHEMBL1741";"CLARITHROMYCIN";"4.0";"747.96";"2";"2.44";"CLARITHROMYCIN";"CC[C@H]1OC(=O)[C@H](C)[C@@H](O[C@H]2C[C@@](C)(OC)[C@@H](O)[C@H](C)O2)[C@H](C)[C@@H](O[C@@H]2O[C@H](C)C[C@H](N(C)C)[C@H]2O)[C@](C)(OC)C[C@@H](C)C(=O)[C@H](C)[C@@H](O)[C@]1(C)O";"Ki";"";"";"";"";"";"Inhibition < 50% @ 10 uM and thus dose-reponse curve not measured";"";"";"";"";"";"0";"CHEMBL1909126";"DRUGMATRIX: Chemokine CCR5 radioligand binding (ligand: [125I] MIP-1alpha)";"B";"BAO_0000249";"cell membrane format";"None";"None";"None";"HEK293";"Membrane";"";"";"";"CHEMBL274";"C-C chemokine receptor type 5";"Homo sapiens";"SINGLE PROTEIN";"CHEMBL1909046";"15";"DrugMatrix";"";"";"CHEMBL3307715";"";"";"Not Active";""
"CHEMBL493";"BROMOCRIPTINE";"4.0";"654.61";"1";"3.19";"BROMOCRIPTINE";"CC(C)C[C@H]1C(=O)N2CCC[C@H]2[C@]2(O)O[C@](NC(=O)[C@@H]3C=C4c5cccc6[nH]c(Br)c(c56)C[C@H]4N(C)C3)(C(C)C)C(=O)N12";"Ki";"";"";"";"";"";"Inhibition < 50% @ 10 uM and thus dose-reponse curve not measured";"";"";"";"";"";"0";"CHEMBL1909126";"DRUGMATRIX: Chemokine CCR5 radioligand binding (ligand: [125I] MIP-1alpha)";"B";"BAO_0000249";"cell membrane format";"None";"None";"None";"HEK293";"Membrane";"";"";"";"CHEMBL274";"C-C chemokine receptor type 5";"Homo sapiens";"SINGLE PROTEIN";"CHEMBL1909046";"15";"DrugMatrix";"";"";"CHEMBL3307715";"";"";"Not Active";""
"CHEMBL980";"GUAIFENESIN";"4.0";"198.22";"0";"0.43";"GUAIFENESIN";"COc1ccccc1OCC(O)CO";"Ki";"";"";"";"";"";"Inhibition < 50% @ 10 uM and thus dose-reponse curve not measured";"";"";"";"";"";"0";"CHEMBL1909126";"DRUGMATRIX: Chemokine CCR5 radioligand binding (ligand: [125I] MIP-1alpha)";"B";"BAO_0000249";"cell membrane format";"None";"None";"None";"HEK293";"Membrane";"";"";"";"CHEMBL274";"C-C chemokine receptor type 5";"Homo sapiens";"SINGLE PROTEIN";"CHEMBL1909046";"15";"DrugMatrix";"";"";"CHEMBL3307715";"";"";"Not Active";""
"CHEMBL1355736";"THEOPHYLLINE";"4.0";"198.18";"0";"-1.04";"THEOPHYLLINE";"Cn1c(=O)c2nc[nH]c2n(C)c1=O.O";"Ki";"";"";"";"";"";"Inhibition < 50% @ 10 uM and thus dose-reponse curve not measured";"";"";"";"";"";"0";"CHEMBL1909126";"DRUGMATRIX: Chemokine CCR5 radioligand binding (ligand: [125I] MIP-1alpha)";"B";"BAO_0000249";"cell membrane format";"None";"None";"None";"HEK293";"Membrane";"";"";"";"CHEMBL274";"C-C chemokine receptor type 5";"Homo sapiens";"SINGLE PROTEIN";"CHEMBL1909046";"15";"DrugMatrix";"";"";"CHEMBL3307715";"";"";"Not Active";""
"CHEMBL2103774";"TIBOLONE";"3.0";"312.45";"0";"3.88";"TIBOLONE";"C#C[C@]1(O)CC[C@H]2[C@@H]3[C@H](C)CC4=C(CCC(=O)C4)[C@H]3CC[C@@]21C";"Ki";"";"";"";"";"";"Inhibition < 50% @ 10 uM and thus dose-reponse curve not measured";"";"";"";"";"";"0";"CHEMBL1909126";"DRUGMATRIX: Chemokine CCR5 radioligand binding (ligand: [125I] MIP-1alpha)";"B";"BAO_0000249";"cell membrane format";"None";"None";"None";"HEK293";"Membrane";"";"";"";"CHEMBL274";"C-C chemokine receptor type 5";"Homo sapiens";"SINGLE PROTEIN";"CHEMBL1909046";"15";"DrugMatrix";"";"";"CHEMBL3307715";"";"";"Not Active";""
"CHEMBL2367892";"";"None";"1767.46";"None";"None";"TEICOPLANIN";"CC(=O)N[C@@H]1[C@H](Oc2c3cc4cc2Oc2ccc(cc2Cl)[C@@H](O[C@@H]2O[C@@H](CO)[C@@H](O)[C@H](O)[C@@H]2NC(C)=O)[C@@H]2NC(=O)[C@H](NC(=O)[C@@H]4NC(=O)[C@H]4NC(=O)[C@@H](Cc5ccc(c(Cl)c5)O3)NC(=O)[C@H](N)c3ccc(O)c(c3)Oc3cc(O)cc4c3)c3ccc(O)c(c3)-c3c(O[C@H]4O[C@H](CO)[C@@H](O)[C@@H](O)[C@@H]4O)cc(O)cc3[C@@H](C(=O)O)NC2=O)O[C@@H](CO)[C@@H](O)[C@@H]1O";"Ki";"";"";"";"";"";"Inhibition < 50% @ 10 uM and thus dose-reponse curve not measured";"";"";"";"";"";"0";"CHEMBL1909126";"DRUGMATRIX: Chemokine CCR5 radioligand binding (ligand: [125I] MIP-1alpha)";"B";"BAO_0000249";"cell membrane format";"None";"None";"None";"HEK293";"Membrane";"";"";"";"CHEMBL274";"C-C chemokine receptor type 5";"Homo sapiens";"SINGLE PROTEIN";"CHEMBL1909046";"15";"DrugMatrix";"";"";"CHEMBL3307715";"";"";"Not Active";""
"CHEMBL384467";"DEXAMETHASONE";"4.0";"392.47";"0";"1.90";"DEXAMETHASONE";"C[C@@H]1C[C@H]2[C@@H]3CCC4=CC(=O)C=C[C@]4(C)[C@@]3(F)[C@@H](O)C[C@]2(C)[C@@]1(O)C(=O)CO";"Ki";"";"";"";"";"";"Inhibition < 50% @ 10 uM and thus dose-reponse curve not measured";"";"";"";"";"";"0";"CHEMBL1909126";"DRUGMATRIX: Chemokine CCR5 radioligand binding (ligand: [125I] MIP-1alpha)";"B";"BAO_0000249";"cell membrane format";"None";"None";"None";"HEK293";"Membrane";"";"";"";"CHEMBL274";"C-C chemokine receptor type 5";"Homo sapiens";"SINGLE PROTEIN";"CHEMBL1909046";"15";"DrugMatrix";"";"";"CHEMBL3307715";"";"";"Not Active";""
"CHEMBL1480";"FELODIPINE";"4.0";"384.26";"0";"3.96";"FELODIPINE";"CCOC(=O)C1=C(C)NC(C)=C(C(=O)OC)C1c1cccc(Cl)c1Cl";"Ki";"";"";"";"";"";"Inhibition < 50% @ 10 uM and thus dose-reponse curve not measured";"";"";"";"";"";"0";"CHEMBL1909126";"DRUGMATRIX: Chemokine CCR5 radioligand binding (ligand: [125I] MIP-1alpha)";"B";"BAO_0000249";"cell membrane format";"None";"None";"None";"HEK293";"Membrane";"";"";"";"CHEMBL274";"C-C chemokine receptor type 5";"Homo sapiens";"SINGLE PROTEIN";"CHEMBL1909046";"15";"DrugMatrix";"";"";"CHEMBL3307715";"";"";"Not Active";""
"CHEMBL427526";"(R)-IBUPROPHEN";"1.0";"206.28";"0";"3.07";"R(-)-IBUPROFEN";"CC(C)Cc1ccc([C@@H](C)C(=O)O)cc1";"Ki";"";"";"";"";"";"Inhibition < 50% @ 10 uM and thus dose-reponse curve not measured";"";"";"";"";"";"0";"CHEMBL1909126";"DRUGMATRIX: Chemokine CCR5 radioligand binding (ligand: [125I] MIP-1alpha)";"B";"BAO_0000249";"cell membrane format";"None";"None";"None";"HEK293";"Membrane";"";"";"";"CHEMBL274";"C-C chemokine receptor type 5";"Homo sapiens";"SINGLE PROTEIN";"CHEMBL1909046";"15";"DrugMatrix";"";"";"CHEMBL3307715";"";"";"Not Active";""
"CHEMBL460499";"CARMOFUR";"2.0";"257.26";"0";"0.81";"CARMOFUR";"CCCCCCNC(=O)n1cc(F)c(=O)[nH]c1=O";"Ki";"";"";"";"";"";"Inhibition < 50% @ 10 uM and thus dose-reponse curve not measured";"";"";"";"";"";"0";"CHEMBL1909126";"DRUGMATRIX: Chemokine CCR5 radioligand binding (ligand: [125I] MIP-1alpha)";"B";"BAO_0000249";"cell membrane format";"None";"None";"None";"HEK293";"Membrane";"";"";"";"CHEMBL274";"C-C chemokine receptor type 5";"Homo sapiens";"SINGLE PROTEIN";"CHEMBL1909046";"15";"DrugMatrix";"";"";"CHEMBL3307715";"";"";"Not Active";""
"CHEMBL138502";"";"None";"502.63";"2";"5.48";"table 1";"Cc1cncc(C)c1C(=O)N1CCC(C)(N2CCN([C@@H](C)c3ccc(C(F)(F)F)cc3)[C@@H](C)C2)CC1";"Ki";"'='";"5.23";"nM";"8.28";"";"";"UO_0000065";"16.48";"0.31";"2.80";"20.87";"1";"CHEMBL649953";"Ability to inhibit [125I]-labeled RANTES binding to the CCR5 receptor expressed in membrane preparations from CHO cells";"B";"BAO_0000219";"cell-based format";"None";"None";"None";"CHO";"None";"";"";"";"CHEMBL274";"C-C chemokine receptor type 5";"Homo sapiens";"SINGLE PROTEIN";"CHEMBL1136572";"1";"Scientific Literature";"Bioorg Med Chem Lett";"2003";"CHEMBL3308072";"";"";"";"5.23"
"CHEMBL6966";"VERAPAMIL";"4.0";"454.61";"1";"5.09";"VERAPAMIL";"COc1ccc(CCN(C)CCCC(C#N)(c2ccc(OC)c(OC)c2)C(C)C)cc1OC";"Ki";"";"";"";"";"";"Inhibition < 50% @ 10 uM and thus dose-reponse curve not measured";"";"";"";"";"";"0";"CHEMBL1909126";"DRUGMATRIX: Chemokine CCR5 radioligand binding (ligand: [125I] MIP-1alpha)";"B";"BAO_0000249";"cell membrane format";"None";"None";"None";"HEK293";"Membrane";"";"";"";"CHEMBL274";"C-C chemokine receptor type 5";"Homo sapiens";"SINGLE PROTEIN";"CHEMBL1909046";"15";"DrugMatrix";"";"";"CHEMBL3307715";"";"";"Not Active";""
"CHEMBL661";"ALPRAZOLAM";"4.0";"308.77";"0";"3.58";"ALPRAZOLAM";"Cc1nnc2n1-c1ccc(Cl)cc1C(c1ccccc1)=NC2";"Ki";"";"";"";"";"";"Inhibition < 50% @ 10 uM and thus dose-reponse curve not measured";"";"";"";"";"";"0";"CHEMBL1909126";"DRUGMATRIX: Chemokine CCR5 radioligand binding (ligand: [125I] MIP-1alpha)";"B";"BAO_0000249";"cell membrane format";"None";"None";"None";"HEK293";"Membrane";"";"";"";"CHEMBL274";"C-C chemokine receptor type 5";"Homo sapiens";"SINGLE PROTEIN";"CHEMBL1909046";"15";"DrugMatrix";"";"";"CHEMBL3307715";"";"";"Not Active";""
"CHEMBL633";"AMIODARONE";"4.0";"645.32";"2";"6.94";"AMIODARONE";"CCCCc1oc2ccccc2c1C(=O)c1cc(I)c(OCCN(CC)CC)c(I)c1";"Ki";"";"";"";"";"";"Inhibition < 50% @ 10 uM and thus dose-reponse curve not measured";"";"";"";"";"";"0";"CHEMBL1909126";"DRUGMATRIX: Chemokine CCR5 radioligand binding (ligand: [125I] MIP-1alpha)";"B";"BAO_0000249";"cell membrane format";"None";"None";"None";"HEK293";"Membrane";"";"";"";"CHEMBL274";"C-C chemokine receptor type 5";"Homo sapiens";"SINGLE PROTEIN";"CHEMBL1909046";"15";"DrugMatrix";"";"";"CHEMBL3307715";"";"";"Not Active";""
"CHEMBL269671";"ARTEMISININ";"3.0";"282.34";"0";"2.39";"ARTEMISININ";"C[C@@H]1CC[C@H]2[C@@H](C)C(=O)O[C@@H]3O[C@@]4(C)CC[C@@H]1[C@]32OO4";"Ki";"";"";"";"";"";"Inhibition < 50% @ 10 uM and thus dose-reponse curve not measured";"";"";"";"";"";"0";"CHEMBL1909126";"DRUGMATRIX: Chemokine CCR5 radioligand binding (ligand: [125I] MIP-1alpha)";"B";"BAO_0000249";"cell membrane format";"None";"None";"None";"HEK293";"Membrane";"";"";"";"CHEMBL274";"C-C chemokine receptor type 5";"Homo sapiens";"SINGLE PROTEIN";"CHEMBL1909046";"15";"DrugMatrix";"";"";"CHEMBL3307715";"";"";"Not Active";""
"CHEMBL140201";"";"None";"599.57";"1";"4.96";"17d";"CCO/N=C(/c1ccc(Br)cc1)C1CCN(C2(C)CCN(C(=O)c3c(C)nc(NC(C)=O)nc3C)CC2)CC1";"Ki";"'='";"60.0";"nM";"7.22";"";"";"UO_0000065";"12.05";"0.25";"2.26";"7.22";"1";"CHEMBL650119";"Inhibition of [125I]RANTES binding to CCR5 receptor.";"B";"BAO_0000357";"single protein format";"None";"None";"None";"None";"None";"";"";"";"CHEMBL274";"C-C chemokine receptor type 5";"Homo sapiens";"SINGLE PROTEIN";"CHEMBL1136595";"1";"Scientific Literature";"Bioorg Med Chem Lett";"2003";"None";"";"";"";"60.0"
"CHEMBL323454";"";"None";"499.49";"1";"5.51";"13";"Cc1cccc(C)c1C(=O)N1CCC(C)(N2CCC(C(O)c3ccc(Br)cc3)CC2)CC1";"Ki";"'='";"190.0";"nM";"6.72";"";"";"UO_0000065";"13.46";"0.29";"1.21";"15.35";"0";"CHEMBL649945";"Inhibition of RANTES binding to the human C-C chemokine receptor type 5 (CCR5)";"B";"BAO_0000357";"single protein format";"None";"None";"None";"None";"None";"";"";"";"CHEMBL274";"C-C chemokine receptor type 5";"Homo sapiens";"SINGLE PROTEIN";"CHEMBL1144903";"1";"Scientific Literature";"J Med Chem";"2003";"None";"";"";"";"190.0"
"CHEMBL141343";"";"None";"520.72";"1";"4.21";"U-78517F";"Cc1c(C)c2c(c(C)c1O)CCC(C)(CN1CCN(c3cc(N4CCCC4)nc(N4CCCC4)n3)CC1)O2";"Ki";"";"";"";"";"";"Inhibition < 50% @ 10 uM and thus dose-reponse curve not measured";"";"";"";"";"";"0";"CHEMBL1909126";"DRUGMATRIX: Chemokine CCR5 radioligand binding (ligand: [125I] MIP-1alpha)";"B";"BAO_0000249";"cell membrane format";"None";"None";"None";"HEK293";"Membrane";"";"";"";"CHEMBL274";"C-C chemokine receptor type 5";"Homo sapiens";"SINGLE PROTEIN";"CHEMBL1909046";"15";"DrugMatrix";"";"";"CHEMBL3307715";"";"";"Not Active";""
"CHEMBL137";"METRONIDAZOLE";"4.0";"171.16";"0";"0.09";"METRONIDAZOLE";"Cc1ncc([N+](=O)[O-])n1CCO";"Ki";"";"";"";"";"";"Inhibition < 50% @ 10 uM and thus dose-reponse curve not measured";"";"";"";"";"";"0";"CHEMBL1909126";"DRUGMATRIX: Chemokine CCR5 radioligand binding (ligand: [125I] MIP-1alpha)";"B";"BAO_0000249";"cell membrane format";"None";"None";"None";"HEK293";"Membrane";"";"";"";"CHEMBL274";"C-C chemokine receptor type 5";"Homo sapiens";"SINGLE PROTEIN";"CHEMBL1909046";"15";"DrugMatrix";"";"";"CHEMBL3307715";"";"";"Not Active";""
"CHEMBL64894";"GENTIAN VIOLET";"4.0";"407.99";"0";"4.46";"GENTIAN VIOLET";"CN(C)c1ccc(C(=C2C=CC(=[N+](C)C)C=C2)c2ccc(N(C)C)cc2)cc1.[Cl-]";"Ki";"";"";"";"";"";"Inhibition < 50% @ 10 uM and thus dose-reponse curve not measured";"";"";"";"";"";"0";"CHEMBL1909126";"DRUGMATRIX: Chemokine CCR5 radioligand binding (ligand: [125I] MIP-1alpha)";"B";"BAO_0000249";"cell membrane format";"None";"None";"None";"HEK293";"Membrane";"";"";"";"CHEMBL274";"C-C chemokine receptor type 5";"Homo sapiens";"SINGLE PROTEIN";"CHEMBL1909046";"15";"DrugMatrix";"";"";"CHEMBL3307715";"";"";"Not Active";""
"CHEMBL1489";"AZACITIDINE";"4.0";"244.21";"0";"-3.17";"AZACITIDINE";"Nc1ncn([C@@H]2O[C@H](CO)[C@@H](O)[C@H]2O)c(=O)n1";"Ki";"";"";"";"";"";"Inhibition < 50% @ 10 uM and thus dose-reponse curve not measured";"";"";"";"";"";"0";"CHEMBL1909126";"DRUGMATRIX: Chemokine CCR5 radioligand binding (ligand: [125I] MIP-1alpha)";"B";"BAO_0000249";"cell membrane format";"None";"None";"None";"HEK293";"Membrane";"";"";"";"CHEMBL274";"C-C chemokine receptor type 5";"Homo sapiens";"SINGLE PROTEIN";"CHEMBL1909046";"15";"DrugMatrix";"";"";"CHEMBL3307715";"";"";"Not Active";""
"CHEMBL1501";"FLUOCINONIDE";"4.0";"494.53";"0";"2.94";"FLUOCINONIDE";"CC(=O)OCC(=O)[C@@]12OC(C)(C)O[C@@H]1C[C@H]1[C@@H]3C[C@H](F)C4=CC(=O)C=C[C@]4(C)[C@@]3(F)[C@@H](O)C[C@@]12C";"Ki";"";"";"";"";"";"Inhibition < 50% @ 10 uM and thus dose-reponse curve not measured";"";"";"";"";"";"0";"CHEMBL1909126";"DRUGMATRIX: Chemokine CCR5 radioligand binding (ligand: [125I] MIP-1alpha)";"B";"BAO_0000249";"cell membrane format";"None";"None";"None";"HEK293";"Membrane";"";"";"";"CHEMBL274";"C-C chemokine receptor type 5";"Homo sapiens";"SINGLE PROTEIN";"CHEMBL1909046";"15";"DrugMatrix";"";"";"CHEMBL3307715";"";"";"Not Active";""
"CHEMBL1200993";"GALLAMINE TRIETHIODIDE";"4.0";"891.54";"2";"5.45";"GALLAMINE TRIETHIODIDE";"CC[N+](CC)(CC)CCOc1cccc(OCC[N+](CC)(CC)CC)c1OCC[N+](CC)(CC)CC.[I-].[I-].[I-]";"Ki";"";"";"";"";"";"Inhibition < 50% @ 10 uM and thus dose-reponse curve not measured";"";"";"";"";"";"0";"CHEMBL1909126";"DRUGMATRIX: Chemokine CCR5 radioligand binding (ligand: [125I] MIP-1alpha)";"B";"BAO_0000249";"cell membrane format";"None";"None";"None";"HEK293";"Membrane";"";"";"";"CHEMBL274";"C-C chemokine receptor type 5";"Homo sapiens";"SINGLE PROTEIN";"CHEMBL1909046";"15";"DrugMatrix";"";"";"CHEMBL3307715";"";"";"Not Active";""
"CHEMBL806";"FLUTAMIDE";"4.0";"276.21";"0";"3.21";"FLUTAMIDE";"CC(C)C(=O)Nc1ccc([N+](=O)[O-])c(C(F)(F)F)c1";"Ki";"";"";"";"";"";"Inhibition < 50% @ 10 uM and thus dose-reponse curve not measured";"";"";"";"";"";"0";"CHEMBL1909126";"DRUGMATRIX: Chemokine CCR5 radioligand binding (ligand: [125I] MIP-1alpha)";"B";"BAO_0000249";"cell membrane format";"None";"None";"None";"HEK293";"Membrane";"";"";"";"CHEMBL274";"C-C chemokine receptor type 5";"Homo sapiens";"SINGLE PROTEIN";"CHEMBL1909046";"15";"DrugMatrix";"";"";"CHEMBL3307715";"";"";"Not Active";""
"CHEMBL45";"MELATONIN";"4.0";"232.28";"0";"1.86";"MELATONIN";"COc1ccc2[nH]cc(CCNC(C)=O)c2c1";"Ki";"";"";"";"";"";"Inhibition < 50% @ 10 uM and thus dose-reponse curve not measured";"";"";"";"";"";"0";"CHEMBL1909126";"DRUGMATRIX: Chemokine CCR5 radioligand binding (ligand: [125I] MIP-1alpha)";"B";"BAO_0000249";"cell membrane format";"None";"None";"None";"HEK293";"Membrane";"";"";"";"CHEMBL274";"C-C chemokine receptor type 5";"Homo sapiens";"SINGLE PROTEIN";"CHEMBL1909046";"15";"DrugMatrix";"";"";"CHEMBL3307715";"";"";"Not Active";""
"CHEMBL280998";"CATECHOL";"None";"110.11";"0";"1.10";"CATECHOL";"Oc1ccccc1O";"Ki";"";"";"";"";"";"Inhibition < 50% @ 10 uM and thus dose-reponse curve not measured";"";"";"";"";"";"0";"CHEMBL1909126";"DRUGMATRIX: Chemokine CCR5 radioligand binding (ligand: [125I] MIP-1alpha)";"B";"BAO_0000249";"cell membrane format";"None";"None";"None";"HEK293";"Membrane";"";"";"";"CHEMBL274";"C-C chemokine receptor type 5";"Homo sapiens";"SINGLE PROTEIN";"CHEMBL1909046";"15";"DrugMatrix";"";"";"CHEMBL3307715";"";"";"Not Active";""
"CHEMBL110463";"";"None";"450.69";"1";"5.97";"8";"CSc1ccc(CC2CCN(C3(C)CCN(C(=O)c4c(C)cccc4C)CC3)CC2)cc1";"Ki";"'='";"86.0";"nM";"7.07";"";"";"UO_0000065";"15.68";"0.30";"1.10";"30.00";"0";"CHEMBL649945";"Inhibition of RANTES binding to the human C-C chemokine receptor type 5 (CCR5)";"B";"BAO_0000357";"single protein format";"None";"None";"None";"None";"None";"";"";"";"CHEMBL274";"C-C chemokine receptor type 5";"Homo sapiens";"SINGLE PROTEIN";"CHEMBL1144903";"1";"Scientific Literature";"J Med Chem";"2003";"None";"";"";"";"86.0"
"CHEMBL312344";"";"None";"543.68";"2";"5.65";"31";"Cc1ncnc(C)c1C(=O)N1CCC(C)(N2CCN([C@@H](CC3CC3)c3ccc(C(F)(F)F)cc3)[C@@H](C)C2)CC1";"Ki";"'='";"1.6";"nM";"8.80";"";"";"UO_0000065";"";"";"";"";"0";"CHEMBL649943";"Antagonistic activity against C-C chemokine receptor type 5";"F";"BAO_0000019";"assay format";"None";"None";"None";"None";"None";"";"";"";"CHEMBL274";"C-C chemokine receptor type 5";"Homo sapiens";"SINGLE PROTEIN";"CHEMBL1148299";"1";"Scientific Literature";"J Med Chem";"2004";"None";"";"";"";"1.6"
"CHEMBL19299";"LOXOPROFEN";"4.0";"246.31";"0";"2.79";"LOXOPROFEN";"CC(C(=O)O)c1ccc(CC2CCCC2=O)cc1";"Ki";"";"";"";"";"";"Inhibition < 50% @ 10 uM and thus dose-reponse curve not measured";"";"";"";"";"";"0";"CHEMBL1909126";"DRUGMATRIX: Chemokine CCR5 radioligand binding (ligand: [125I] MIP-1alpha)";"B";"BAO_0000249";"cell membrane format";"None";"None";"None";"HEK293";"Membrane";"";"";"";"CHEMBL274";"C-C chemokine receptor type 5";"Homo sapiens";"SINGLE PROTEIN";"CHEMBL1909046";"15";"DrugMatrix";"";"";"CHEMBL3307715";"";"";"Not Active";""
"CHEMBL135";"ESTRADIOL";"4.0";"272.39";"0";"3.61";"BETA-ESTRADIOL";"C[C@]12CC[C@@H]3c4ccc(O)cc4CC[C@H]3[C@@H]1CC[C@@H]2O";"Ki";"";"";"";"";"";"Inhibition < 50% @ 10 uM and thus dose-reponse curve not measured";"";"";"";"";"";"0";"CHEMBL1909126";"DRUGMATRIX: Chemokine CCR5 radioligand binding (ligand: [125I] MIP-1alpha)";"B";"BAO_0000249";"cell membrane format";"None";"None";"None";"HEK293";"Membrane";"";"";"";"CHEMBL274";"C-C chemokine receptor type 5";"Homo sapiens";"SINGLE PROTEIN";"CHEMBL1909046";"15";"DrugMatrix";"";"";"CHEMBL3307715";"";"";"Not Active";""
"CHEMBL75435";"DEXKETOPROFEN";"4.0";"254.29";"0";"3.11";"DEXKETOPROFEN";"C[C@H](C(=O)O)c1cccc(C(=O)c2ccccc2)c1";"Ki";"";"";"";"";"";"Inhibition < 50% @ 10 uM and thus dose-reponse curve not measured";"";"";"";"";"";"0";"CHEMBL1909126";"DRUGMATRIX: Chemokine CCR5 radioligand binding (ligand: [125I] MIP-1alpha)";"B";"BAO_0000249";"cell membrane format";"None";"None";"None";"HEK293";"Membrane";"";"";"";"CHEMBL274";"C-C chemokine receptor type 5";"Homo sapiens";"SINGLE PROTEIN";"CHEMBL1909046";"15";"DrugMatrix";"";"";"CHEMBL3307715";"";"";"Not Active";""
"CHEMBL558";"MEXILETINE";"4.0";"179.26";"0";"2.03";"MEXILETINE";"Cc1cccc(C)c1OCC(C)N";"Ki";"";"";"";"";"";"Inhibition < 50% @ 10 uM and thus dose-reponse curve not measured";"";"";"";"";"";"0";"CHEMBL1909126";"DRUGMATRIX: Chemokine CCR5 radioligand binding (ligand: [125I] MIP-1alpha)";"B";"BAO_0000249";"cell membrane format";"None";"None";"None";"HEK293";"Membrane";"";"";"";"CHEMBL274";"C-C chemokine receptor type 5";"Homo sapiens";"SINGLE PROTEIN";"CHEMBL1909046";"15";"DrugMatrix";"";"";"CHEMBL3307715";"";"";"Not Active";""
"CHEMBL1760";"TERBUTALINE";"4.0";"225.29";"0";"1.52";"TERBUTALINE";"CC(C)(C)NCC(O)c1cc(O)cc(O)c1";"Ki";"";"";"";"";"";"Inhibition < 50% @ 10 uM and thus dose-reponse curve not measured";"";"";"";"";"";"0";"CHEMBL1909126";"DRUGMATRIX: Chemokine CCR5 radioligand binding (ligand: [125I] MIP-1alpha)";"B";"BAO_0000249";"cell membrane format";"None";"None";"None";"HEK293";"Membrane";"";"";"";"CHEMBL274";"C-C chemokine receptor type 5";"Homo sapiens";"SINGLE PROTEIN";"CHEMBL1909046";"15";"DrugMatrix";"";"";"CHEMBL3307715";"";"";"Not Active";""
"CHEMBL86754";"IODOQUINOL";"2.0";"396.95";"0";"3.15";"IODOQUINOL";"Oc1c(I)cc(I)c2cccnc12";"Ki";"";"";"";"";"";"Inhibition < 50% @ 10 uM and thus dose-reponse curve not measured";"";"";"";"";"";"0";"CHEMBL1909126";"DRUGMATRIX: Chemokine CCR5 radioligand binding (ligand: [125I] MIP-1alpha)";"B";"BAO_0000249";"cell membrane format";"None";"None";"None";"HEK293";"Membrane";"";"";"";"CHEMBL274";"C-C chemokine receptor type 5";"Homo sapiens";"SINGLE PROTEIN";"CHEMBL1909046";"15";"DrugMatrix";"";"";"CHEMBL3307715";"";"";"Not Active";""
"CHEMBL434";"ISOPROTERENOL";"4.0";"211.26";"0";"1.13";"ISOPRENALINE";"CC(C)NCC(O)c1ccc(O)c(O)c1";"Ki";"";"";"";"";"";"Inhibition < 50% @ 10 uM and thus dose-reponse curve not measured";"";"";"";"";"";"0";"CHEMBL1909126";"DRUGMATRIX: Chemokine CCR5 radioligand binding (ligand: [125I] MIP-1alpha)";"B";"BAO_0000249";"cell membrane format";"None";"None";"None";"HEK293";"Membrane";"";"";"";"CHEMBL274";"C-C chemokine receptor type 5";"Homo sapiens";"SINGLE PROTEIN";"CHEMBL1909046";"15";"DrugMatrix";"";"";"CHEMBL3307715";"";"";"Not Active";""
"CHEMBL572";"NITROFURANTOIN";"4.0";"238.16";"0";"0.07";"NITROFURANTOIN";"O=C1CN(/N=C/c2ccc([N+](=O)[O-])o2)C(=O)N1";"Ki";"";"";"";"";"";"Inhibition < 50% @ 10 uM and thus dose-reponse curve not measured";"";"";"";"";"";"0";"CHEMBL1909126";"DRUGMATRIX: Chemokine CCR5 radioligand binding (ligand: [125I] MIP-1alpha)";"B";"BAO_0000249";"cell membrane format";"None";"None";"None";"HEK293";"Membrane";"";"";"";"CHEMBL274";"C-C chemokine receptor type 5";"Homo sapiens";"SINGLE PROTEIN";"CHEMBL1909046";"15";"DrugMatrix";"";"";"CHEMBL3307715";"";"";"Not Active";""
"CHEMBL942";"BISACODYL";"4.0";"361.40";"0";"4.11";"BISACODYL";"CC(=O)Oc1ccc(C(c2ccc(OC(C)=O)cc2)c2ccccn2)cc1";"Ki";"";"";"";"";"";"Inhibition < 50% @ 10 uM and thus dose-reponse curve not measured";"";"";"";"";"";"0";"CHEMBL1909126";"DRUGMATRIX: Chemokine CCR5 radioligand binding (ligand: [125I] MIP-1alpha)";"B";"BAO_0000249";"cell membrane format";"None";"None";"None";"HEK293";"Membrane";"";"";"";"CHEMBL274";"C-C chemokine receptor type 5";"Homo sapiens";"SINGLE PROTEIN";"CHEMBL1909046";"15";"DrugMatrix";"";"";"CHEMBL3307715";"";"";"Not Active";""
"CHEMBL191";"LOSARTAN";"4.0";"422.92";"0";"4.27";"LOSARTAN";"CCCCc1nc(Cl)c(CO)n1Cc1ccc(-c2ccccc2-c2nnn[nH]2)cc1";"Ki";"";"";"";"";"";"Inhibition < 50% @ 10 uM and thus dose-reponse curve not measured";"";"";"";"";"";"0";"CHEMBL1909126";"DRUGMATRIX: Chemokine CCR5 radioligand binding (ligand: [125I] MIP-1alpha)";"B";"BAO_0000249";"cell membrane format";"None";"None";"None";"HEK293";"Membrane";"";"";"";"CHEMBL274";"C-C chemokine receptor type 5";"Homo sapiens";"SINGLE PROTEIN";"CHEMBL1909046";"15";"DrugMatrix";"";"";"CHEMBL3307715";"";"";"Not Active";""
"CHEMBL1909072";"PIPAMAZINE";"4.0";"401.96";"0";"4.53";"PIPAMAZINE";"NC(=O)C1CCN(CCCN2c3ccccc3Sc3ccc(Cl)cc32)CC1";"Ki";"";"";"";"";"";"Inhibition < 50% @ 10 uM and thus dose-reponse curve not measured";"";"";"";"";"";"0";"CHEMBL1909126";"DRUGMATRIX: Chemokine CCR5 radioligand binding (ligand: [125I] MIP-1alpha)";"B";"BAO_0000249";"cell membrane format";"None";"None";"None";"HEK293";"Membrane";"";"";"";"CHEMBL274";"C-C chemokine receptor type 5";"Homo sapiens";"SINGLE PROTEIN";"CHEMBL1909046";"15";"DrugMatrix";"";"";"CHEMBL3307715";"";"";"Not Active";""
"CHEMBL529";"AZITHROMYCIN";"4.0";"749.00";"2";"1.90";"AZITHROMYCIN";"CC[C@H]1OC(=O)[C@H](C)[C@@H](O[C@H]2C[C@@](C)(OC)[C@@H](O)[C@H](C)O2)[C@H](C)[C@@H](O[C@@H]2O[C@H](C)C[C@H](N(C)C)[C@H]2O)[C@](C)(O)C[C@@H](C)CN(C)[C@H](C)[C@@H](O)[C@]1(C)O";"Ki";"";"";"";"";"";"Inhibition < 50% @ 10 uM and thus dose-reponse curve not measured";"";"";"";"";"";"0";"CHEMBL1909126";"DRUGMATRIX: Chemokine CCR5 radioligand binding (ligand: [125I] MIP-1alpha)";"B";"BAO_0000249";"cell membrane format";"None";"None";"None";"HEK293";"Membrane";"";"";"";"CHEMBL274";"C-C chemokine receptor type 5";"Homo sapiens";"SINGLE PROTEIN";"CHEMBL1909046";"15";"DrugMatrix";"";"";"CHEMBL3307715";"";"";"Not Active";""
"CHEMBL1109";"SULFAPHENAZOLE";"4.0";"314.37";"0";"2.26";"SULFAPHENAZOLE";"Nc1ccc(S(=O)(=O)Nc2ccnn2-c2ccccc2)cc1";"Ki";"";"";"";"";"";"Inhibition < 50% @ 10 uM and thus dose-reponse curve not measured";"";"";"";"";"";"0";"CHEMBL1909126";"DRUGMATRIX: Chemokine CCR5 radioligand binding (ligand: [125I] MIP-1alpha)";"B";"BAO_0000249";"cell membrane format";"None";"None";"None";"HEK293";"Membrane";"";"";"";"CHEMBL274";"C-C chemokine receptor type 5";"Homo sapiens";"SINGLE PROTEIN";"CHEMBL1909046";"15";"DrugMatrix";"";"";"CHEMBL3307715";"";"";"Not Active";""
"CHEMBL30";"CIMETIDINE";"4.0";"252.35";"0";"0.60";"SID460110";"CN/C(=N\CCSCc1nc[nH]c1C)NC#N";"Ki";"";"";"";"";"";"Inhibition < 50% @ 10 uM and thus dose-reponse curve not measured";"";"";"";"";"";"0";"CHEMBL1909126";"DRUGMATRIX: Chemokine CCR5 radioligand binding (ligand: [125I] MIP-1alpha)";"B";"BAO_0000249";"cell membrane format";"None";"None";"None";"HEK293";"Membrane";"";"";"";"CHEMBL274";"C-C chemokine receptor type 5";"Homo sapiens";"SINGLE PROTEIN";"CHEMBL1909046";"15";"DrugMatrix";"";"";"CHEMBL3307715";"";"";"Not Active";""
"CHEMBL109";"VALPROIC ACID";"4.0";"144.21";"0";"2.29";"VALPROIC ACID";"CCCC(CCC)C(=O)O";"Ki";"";"";"";"";"";"Inhibition < 50% @ 10 uM and thus dose-reponse curve not measured";"";"";"";"";"";"0";"CHEMBL1909126";"DRUGMATRIX: Chemokine CCR5 radioligand binding (ligand: [125I] MIP-1alpha)";"B";"BAO_0000249";"cell membrane format";"None";"None";"None";"HEK293";"Membrane";"";"";"";"CHEMBL274";"C-C chemokine receptor type 5";"Homo sapiens";"SINGLE PROTEIN";"CHEMBL1909046";"15";"DrugMatrix";"";"";"CHEMBL3307715";"";"";"Not Active";""
"CHEMBL1077";"BROMFENAC";"4.0";"334.17";"0";"2.89";"BROMFENAC";"Nc1c(CC(=O)O)cccc1C(=O)c1ccc(Br)cc1";"Ki";"";"";"";"";"";"Inhibition < 50% @ 10 uM and thus dose-reponse curve not measured";"";"";"";"";"";"0";"CHEMBL1909126";"DRUGMATRIX: Chemokine CCR5 radioligand binding (ligand: [125I] MIP-1alpha)";"B";"BAO_0000249";"cell membrane format";"None";"None";"None";"HEK293";"Membrane";"";"";"";"CHEMBL274";"C-C chemokine receptor type 5";"Homo sapiens";"SINGLE PROTEIN";"CHEMBL1909046";"15";"DrugMatrix";"";"";"CHEMBL3307715";"";"";"Not Active";""
"CHEMBL1064";"SIMVASTATIN";"4.0";"418.57";"0";"4.59";"SIMVASTATIN";"CCC(C)(C)C(=O)O[C@H]1C[C@@H](C)C=C2C=C[C@H](C)[C@H](CC[C@@H]3C[C@@H](O)CC(=O)O3)[C@H]21";"Ki";"";"";"";"";"";"Inhibition < 50% @ 10 uM and thus dose-reponse curve not measured";"";"";"";"";"";"0";"CHEMBL1909126";"DRUGMATRIX: Chemokine CCR5 radioligand binding (ligand: [125I] MIP-1alpha)";"B";"BAO_0000249";"cell membrane format";"None";"None";"None";"HEK293";"Membrane";"";"";"";"CHEMBL274";"C-C chemokine receptor type 5";"Homo sapiens";"SINGLE PROTEIN";"CHEMBL1909046";"15";"DrugMatrix";"";"";"CHEMBL3307715";"";"";"Not Active";""
"CHEMBL476";"DACARBAZINE";"4.0";"182.19";"0";"0.07";"DACARBAZINE";"CN(C)/N=N/c1[nH]cnc1C(N)=O";"Ki";"";"";"";"";"";"Inhibition < 50% @ 10 uM and thus dose-reponse curve not measured";"";"";"";"";"";"0";"CHEMBL1909126";"DRUGMATRIX: Chemokine CCR5 radioligand binding (ligand: [125I] MIP-1alpha)";"B";"BAO_0000249";"cell membrane format";"None";"None";"None";"HEK293";"Membrane";"";"";"";"CHEMBL274";"C-C chemokine receptor type 5";"Homo sapiens";"SINGLE PROTEIN";"CHEMBL1909046";"15";"DrugMatrix";"";"";"CHEMBL3307715";"";"";"Not Active";""
"CHEMBL7568";"QUINACRINE";"4.0";"399.97";"1";"5.97";"QUINACRINE";"CCN(CC)CCCC(C)Nc1c2ccc(Cl)cc2nc2ccc(OC)cc12";"Ki";"";"";"";"";"";"Inhibition < 50% @ 10 uM and thus dose-reponse curve not measured";"";"";"";"";"";"0";"CHEMBL1909126";"DRUGMATRIX: Chemokine CCR5 radioligand binding (ligand: [125I] MIP-1alpha)";"B";"BAO_0000249";"cell membrane format";"None";"None";"None";"HEK293";"Membrane";"";"";"";"CHEMBL274";"C-C chemokine receptor type 5";"Homo sapiens";"SINGLE PROTEIN";"CHEMBL1909046";"15";"DrugMatrix";"";"";"CHEMBL3307715";"";"";"Not Active";""
"CHEMBL1517";"OXYTETRACYCLINE";"4.0";"460.44";"1";"-1.24";"OXYTETRACYCLINE";"CN(C)[C@@H]1C(O)=C(C(N)=O)C(=O)[C@@]2(O)C(O)=C3C(=O)c4c(O)cccc4[C@@](C)(O)[C@H]3[C@H](O)[C@@H]12";"Ki";"";"";"";"";"";"Inhibition < 50% @ 10 uM and thus dose-reponse curve not measured";"";"";"";"";"";"0";"CHEMBL1909126";"DRUGMATRIX: Chemokine CCR5 radioligand binding (ligand: [125I] MIP-1alpha)";"B";"BAO_0000249";"cell membrane format";"None";"None";"None";"HEK293";"Membrane";"";"";"";"CHEMBL274";"C-C chemokine receptor type 5";"Homo sapiens";"SINGLE PROTEIN";"CHEMBL1909046";"15";"DrugMatrix";"";"";"CHEMBL3307715";"";"";"Not Active";""
"CHEMBL2338391";"";"None";"663.76";"2";"5.74";"16";"Cc1c(NC[C@H]2CCC[C@@H](c3ccc(C(F)(F)F)cc3)O2)nc(C2CCOCC2)nc1C(=O)N1CCC(N[C@H]2CCOC[C@H]2F)CC1";"Ki";"'='";"210.0";"nM";"6.68";"";"";"UO_0000065";"10.06";"0.19";"0.94";"6.83";"0";"CHEMBL2344606";"Displacement of [125I]RANTES from human CCR5 expressed in CHO cell membranes coexpressing Gal6 after 6 hrs by scintillation counting analysis";"B";"BAO_0000219";"cell-based format";"Homo sapiens";"None";"None";"CHO";"None";"";"";"";"CHEMBL274";"C-C chemokine receptor type 5";"Homo sapiens";"SINGLE PROTEIN";"CHEMBL2331291";"1";"Scientific Literature";"ACS Med Chem Lett";"2013";"CHEMBL3308072";"";"";"";"210.0"
"CHEMBL161587";"";"None";"528.50";"1";"4.61";"16a";"CO/N=C(\c1ccc(Br)cc1)C1CCN(C2(C)CCN(C(=O)c3c(C)ncnc3C)CC2)CC1";"Ki";"'='";"4.7";"nM";"8.33";"";"";"UO_0000065";"15.76";"0.33";"3.72";"11.74";"0";"CHEMBL650119";"Inhibition of [125I]RANTES binding to CCR5 receptor.";"B";"BAO_0000357";"single protein format";"None";"None";"None";"None";"None";"";"";"";"CHEMBL274";"C-C chemokine receptor type 5";"Homo sapiens";"SINGLE PROTEIN";"CHEMBL1136595";"1";"Scientific Literature";"Bioorg Med Chem Lett";"2003";"None";"";"";"";"4.7"
"CHEMBL1466";"DICUMAROL";"4.0";"336.30";"0";"2.90";"DICUMAROL";"O=c1oc2ccccc2c(O)c1Cc1c(O)c2ccccc2oc1=O";"Ki";"";"";"";"";"";"Inhibition < 50% @ 10 uM and thus dose-reponse curve not measured";"";"";"";"";"";"0";"CHEMBL1909126";"DRUGMATRIX: Chemokine CCR5 radioligand binding (ligand: [125I] MIP-1alpha)";"B";"BAO_0000249";"cell membrane format";"None";"None";"None";"HEK293";"Membrane";"";"";"";"CHEMBL274";"C-C chemokine receptor type 5";"Homo sapiens";"SINGLE PROTEIN";"CHEMBL1909046";"15";"DrugMatrix";"";"";"CHEMBL3307715";"";"";"Not Active";""
"CHEMBL404811";"DIGITONIN";"None";"1229.32";"None";"None";"DIGITONIN";"C[C@@H]1CC[C@@]2(OC1)O[C@H]1[C@@H](O)[C@H]3[C@@H]4CC[C@H]5C[C@@H](O[C@@H]6O[C@H](CO)[C@H](O[C@@H]7O[C@H](CO)C(O)[C@H](O[C@@H]8OC[C@@H](O)[C@H](O)[C@H]8O)[C@H]7O[C@@H]7O[C@H](CO)[C@H](O)[C@H](O[C@@H]8O[C@H](CO)[C@@H](O)[C@H](O)[C@H]8O)[C@H]7O)[C@H](O)[C@H]6O)[C@H](O)C[C@]5(C)[C@H]4CC[C@]3(C)[C@H]1[C@@H]2C";"Ki";"";"";"";"";"";"Inhibition < 50% @ 10 uM and thus dose-reponse curve not measured";"";"";"";"";"";"0";"CHEMBL1909126";"DRUGMATRIX: Chemokine CCR5 radioligand binding (ligand: [125I] MIP-1alpha)";"B";"BAO_0000249";"cell membrane format";"None";"None";"None";"HEK293";"Membrane";"";"";"";"CHEMBL274";"C-C chemokine receptor type 5";"Homo sapiens";"SINGLE PROTEIN";"CHEMBL1909046";"15";"DrugMatrix";"";"";"CHEMBL3307715";"";"";"Not Active";""
"CHEMBL92401";"IPRONIAZID";"2.0";"179.22";"0";"0.72";"IPRONIAZID";"CC(C)NNC(=O)c1ccncc1";"Ki";"";"";"";"";"";"Inhibition < 50% @ 10 uM and thus dose-reponse curve not measured";"";"";"";"";"";"0";"CHEMBL1909126";"DRUGMATRIX: Chemokine CCR5 radioligand binding (ligand: [125I] MIP-1alpha)";"B";"BAO_0000249";"cell membrane format";"None";"None";"None";"HEK293";"Membrane";"";"";"";"CHEMBL274";"C-C chemokine receptor type 5";"Homo sapiens";"SINGLE PROTEIN";"CHEMBL1909046";"15";"DrugMatrix";"";"";"CHEMBL3307715";"";"";"Not Active";""
"CHEMBL193";"NIFEDIPINE";"4.0";"346.34";"0";"2.18";"NIFEDIPINE";"COC(=O)C1=C(C)NC(C)=C(C(=O)OC)C1c1ccccc1[N+](=O)[O-]";"Ki";"";"";"";"";"";"Inhibition < 50% @ 10 uM and thus dose-reponse curve not measured";"";"";"";"";"";"0";"CHEMBL1909126";"DRUGMATRIX: Chemokine CCR5 radioligand binding (ligand: [125I] MIP-1alpha)";"B";"BAO_0000249";"cell membrane format";"None";"None";"None";"HEK293";"Membrane";"";"";"";"CHEMBL274";"C-C chemokine receptor type 5";"Homo sapiens";"SINGLE PROTEIN";"CHEMBL1909046";"15";"DrugMatrix";"";"";"CHEMBL3307715";"";"";"Not Active";""
"CHEMBL24";"ATENOLOL";"4.0";"266.34";"0";"0.45";"ATENOLOL";"CC(C)NCC(O)COc1ccc(CC(N)=O)cc1";"Ki";"";"";"";"";"";"Inhibition < 50% @ 10 uM and thus dose-reponse curve not measured";"";"";"";"";"";"0";"CHEMBL1909126";"DRUGMATRIX: Chemokine CCR5 radioligand binding (ligand: [125I] MIP-1alpha)";"B";"BAO_0000249";"cell membrane format";"None";"None";"None";"HEK293";"Membrane";"";"";"";"CHEMBL274";"C-C chemokine receptor type 5";"Homo sapiens";"SINGLE PROTEIN";"CHEMBL1909046";"15";"DrugMatrix";"";"";"CHEMBL3307715";"";"";"Not Active";""
"CHEMBL1451";"TRIAMCINOLONE";"4.0";"394.44";"0";"0.62";"TRIAMCINOLONE";"C[C@]12C=CC(=O)C=C1CC[C@H]1[C@@H]3C[C@@H](O)[C@](O)(C(=O)CO)[C@@]3(C)C[C@H](O)[C@@]12F";"Ki";"";"";"";"";"";"Inhibition < 50% @ 10 uM and thus dose-reponse curve not measured";"";"";"";"";"";"0";"CHEMBL1909126";"DRUGMATRIX: Chemokine CCR5 radioligand binding (ligand: [125I] MIP-1alpha)";"B";"BAO_0000249";"cell membrane format";"None";"None";"None";"HEK293";"Membrane";"";"";"";"CHEMBL274";"C-C chemokine receptor type 5";"Homo sapiens";"SINGLE PROTEIN";"CHEMBL1909046";"15";"DrugMatrix";"";"";"CHEMBL3307715";"";"";"Not Active";""
"CHEMBL12131";"CLOSANTEL";"2.0";"663.08";"2";"7.12";"SID56320812";"Cc1cc(C(C#N)c2ccc(Cl)cc2)c(Cl)cc1NC(=O)c1cc(I)cc(I)c1O";"Ki";"";"";"";"";"";"Inhibition < 50% @ 10 uM and thus dose-reponse curve not measured";"";"";"";"";"";"0";"CHEMBL1909126";"DRUGMATRIX: Chemokine CCR5 radioligand binding (ligand: [125I] MIP-1alpha)";"B";"BAO_0000249";"cell membrane format";"None";"None";"None";"HEK293";"Membrane";"";"";"";"CHEMBL274";"C-C chemokine receptor type 5";"Homo sapiens";"SINGLE PROTEIN";"CHEMBL1909046";"15";"DrugMatrix";"";"";"CHEMBL3307715";"";"";"Not Active";""
"CHEMBL19224";"PAPAVERINE";"3.0";"339.39";"0";"3.86";"PAPAVERINE";"COc1ccc(Cc2nccc3cc(OC)c(OC)cc23)cc1OC";"Ki";"";"";"";"";"";"Inhibition < 50% @ 10 uM and thus dose-reponse curve not measured";"";"";"";"";"";"0";"CHEMBL1909126";"DRUGMATRIX: Chemokine CCR5 radioligand binding (ligand: [125I] MIP-1alpha)";"B";"BAO_0000249";"cell membrane format";"None";"None";"None";"HEK293";"Membrane";"";"";"";"CHEMBL274";"C-C chemokine receptor type 5";"Homo sapiens";"SINGLE PROTEIN";"CHEMBL1909046";"15";"DrugMatrix";"";"";"CHEMBL3307715";"";"";"Not Active";""
"CHEMBL64322";"";"None";"622.59";"1";"6.78";"1 (TAK-779)";"Cc1ccc(-c2ccc3c(c2)C=C(C(=O)Nc2ccc(C[N+](C)(C)C4CCOCC4)cc2)CCC3)cc1.[I-]";"Ki";"'='";"1.4";"nM";"8.85";"";"";"UO_0000065";"17.86";"0.33";"2.07";"23.10";"0";"CHEMBL662150";"Inhibitory activity against specific binding of [125I]-MIP-1 alpha to human CCR5 receptor";"B";"BAO_0000357";"single protein format";"None";"None";"None";"None";"None";"";"";"";"CHEMBL274";"C-C chemokine receptor type 5";"Homo sapiens";"SINGLE PROTEIN";"CHEMBL1133796";"1";"Scientific Literature";"Bioorg Med Chem Lett";"2001";"None";"";"";"";"1.4"
"CHEMBL1566249";"AMPIROXICAM";"2.0";"447.47";"0";"2.56";"AMPIROXICAM";"CCOC(=O)OC(C)OC1=C(C(=O)Nc2ccccn2)N(C)S(=O)(=O)c2ccccc21";"Ki";"";"";"";"";"";"Inhibition < 50% @ 10 uM and thus dose-reponse curve not measured";"";"";"";"";"";"0";"CHEMBL1909126";"DRUGMATRIX: Chemokine CCR5 radioligand binding (ligand: [125I] MIP-1alpha)";"B";"BAO_0000249";"cell membrane format";"None";"None";"None";"HEK293";"Membrane";"";"";"";"CHEMBL274";"C-C chemokine receptor type 5";"Homo sapiens";"SINGLE PROTEIN";"CHEMBL1909046";"15";"DrugMatrix";"";"";"CHEMBL3307715";"";"";"Not Active";""
"CHEMBL461727";"AMYGDALIN";"None";"457.43";"2";"-3.11";"AMYGDALIN(D)";"N#C[C@H](O[C@@H]1O[C@H](CO[C@@H]2O[C@H](CO)[C@@H](O)[C@H](O)[C@H]2O)[C@@H](O)[C@H](O)[C@H]1O)c1ccccc1";"Ki";"";"";"";"";"";"Inhibition < 50% @ 10 uM and thus dose-reponse curve not measured";"";"";"";"";"";"0";"CHEMBL1909126";"DRUGMATRIX: Chemokine CCR5 radioligand binding (ligand: [125I] MIP-1alpha)";"B";"BAO_0000249";"cell membrane format";"None";"None";"None";"HEK293";"Membrane";"";"";"";"CHEMBL274";"C-C chemokine receptor type 5";"Homo sapiens";"SINGLE PROTEIN";"CHEMBL1909046";"15";"DrugMatrix";"";"";"CHEMBL3307715";"";"";"Not Active";""
"CHEMBL267345";"AMPHOTERICIN B";"4.0";"924.09";"3";"0.71";"AMPHOTERICIN B";"C[C@@H]1[C@H](O)[C@@H](C)/C=C/C=C/C=C/C=C/C=C/C=C/C=C/[C@H](O[C@@H]2O[C@H](C)[C@@H](O)[C@H](N)[C@@H]2O)C[C@@H]2O[C@](O)(C[C@@H](O)C[C@@H](O)[C@H](O)CC[C@@H](O)C[C@@H](O)CC(=O)O[C@H]1C)C[C@H](O)[C@H]2C(=O)O";"Ki";"";"";"";"";"";"Inhibition < 50% @ 10 uM and thus dose-reponse curve not measured";"";"";"";"";"";"0";"CHEMBL1909126";"DRUGMATRIX: Chemokine CCR5 radioligand binding (ligand: [125I] MIP-1alpha)";"B";"BAO_0000249";"cell membrane format";"None";"None";"None";"HEK293";"Membrane";"";"";"";"CHEMBL274";"C-C chemokine receptor type 5";"Homo sapiens";"SINGLE PROTEIN";"CHEMBL1909046";"15";"DrugMatrix";"";"";"CHEMBL3307715";"";"";"Not Active";""
"CHEMBL395280";"HUPERZINE A";"2.0";"242.32";"0";"2.00";"HUPERZINE A";"C/C=C1\[C@H]2C=C(C)C[C@]1(N)c1ccc(=O)[nH]c1C2";"Ki";"";"";"";"";"";"Inhibition < 50% @ 10 uM and thus dose-reponse curve not measured";"";"";"";"";"";"0";"CHEMBL1909126";"DRUGMATRIX: Chemokine CCR5 radioligand binding (ligand: [125I] MIP-1alpha)";"B";"BAO_0000249";"cell membrane format";"None";"None";"None";"HEK293";"Membrane";"";"";"";"CHEMBL274";"C-C chemokine receptor type 5";"Homo sapiens";"SINGLE PROTEIN";"CHEMBL1909046";"15";"DrugMatrix";"";"";"CHEMBL3307715";"";"";"Not Active";""
"CHEMBL6273";"FLEROXACIN";"2.0";"369.34";"0";"1.70";"FLEROXACIN";"CN1CCN(c2c(F)cc3c(=O)c(C(=O)O)cn(CCF)c3c2F)CC1";"Ki";"";"";"";"";"";"Inhibition < 50% @ 10 uM and thus dose-reponse curve not measured";"";"";"";"";"";"0";"CHEMBL1909126";"DRUGMATRIX: Chemokine CCR5 radioligand binding (ligand: [125I] MIP-1alpha)";"B";"BAO_0000249";"cell membrane format";"None";"None";"None";"HEK293";"Membrane";"";"";"";"CHEMBL274";"C-C chemokine receptor type 5";"Homo sapiens";"SINGLE PROTEIN";"CHEMBL1909046";"15";"DrugMatrix";"";"";"CHEMBL3307715";"";"";"Not Active";""
"CHEMBL115487";"";"None";"501.64";"2";"6.08";"61";"Cc1cccc(C)c1C(=O)N1CCC(C)(N2CCN([C@@H](C)c3ccc(C(F)(F)F)cc3)[C@@H](C)C2)CC1";"Ki";"'='";"1.0";"nM";"9.00";"";"";"UO_0000065";"17.94";"0.34";"2.92";"33.59";"0";"CHEMBL649945";"Inhibition of RANTES binding to the human C-C chemokine receptor type 5 (CCR5)";"B";"BAO_0000357";"single protein format";"None";"None";"None";"None";"None";"";"";"";"CHEMBL274";"C-C chemokine receptor type 5";"Homo sapiens";"SINGLE PROTEIN";"CHEMBL1144903";"1";"Scientific Literature";"J Med Chem";"2003";"None";"";"";"";"1.0"
"CHEMBL107154";"";"None";"495.51";"1";"6.49";"15";"C=C(c1ccc(Br)cc1)C1CCN(C2(C)CCN(C(=O)c3c(C)cccc3C)CC2)CC1";"Ki";"'='";"8.0";"nM";"8.10";"";"";"UO_0000065";"16.34";"0.35";"1.61";"34.38";"0";"CHEMBL649945";"Inhibition of RANTES binding to the human C-C chemokine receptor type 5 (CCR5)";"B";"BAO_0000357";"single protein format";"None";"None";"None";"None";"None";"";"";"";"CHEMBL274";"C-C chemokine receptor type 5";"Homo sapiens";"SINGLE PROTEIN";"CHEMBL1144903";"1";"Scientific Literature";"J Med Chem";"2003";"None";"";"";"";"8.0"
"CHEMBL138143";"";"None";"499.06";"0";"4.35";"46";"CO/N=C(/c1ccc(Cl)cc1)C1CCN(C2(C)CCN(C(=O)c3c(C)cc[n+]([O-])c3C)CC2)CC1";"Ki";"'='";"24.0";"nM";"7.62";"";"";"UO_0000065";"15.27";"0.30";"3.27";"10.57";"0";"CHEMBL649945";"Inhibition of RANTES binding to the human C-C chemokine receptor type 5 (CCR5)";"B";"BAO_0000357";"single protein format";"None";"None";"None";"None";"None";"";"";"";"CHEMBL274";"C-C chemokine receptor type 5";"Homo sapiens";"SINGLE PROTEIN";"CHEMBL1144903";"1";"Scientific Literature";"J Med Chem";"2003";"None";"";"";"";"24.0"
"CHEMBL344435";"";"None";"568.56";"2";"5.39";"90";"Cc1ncnc(C)c1C(=O)N1CCC(C)(N2CCC(/C(=N\OCC3CC3)c3ccc(Br)cc3)CC2)CC1";"Ki";"'='";"11.0";"nM";"7.96";"";"";"UO_0000065";"14.00";"0.29";"2.57";"11.22";"0";"CHEMBL649945";"Inhibition of RANTES binding to the human C-C chemokine receptor type 5 (CCR5)";"B";"BAO_0000357";"single protein format";"None";"None";"None";"None";"None";"";"";"";"CHEMBL274";"C-C chemokine receptor type 5";"Homo sapiens";"SINGLE PROTEIN";"CHEMBL1144903";"1";"Scientific Literature";"J Med Chem";"2003";"None";"";"";"";"11.0"
"CHEMBL1200693";"MANGANESE CHLORIDE ANHYDROUS";"4.0";"125.84";"None";"None";"MANGANESE (II) CHLORIDE";"";"Ki";"";"";"";"";"";"Inhibition < 50% @ 10 uM and thus dose-reponse curve not measured";"";"";"";"";"";"0";"CHEMBL1909126";"DRUGMATRIX: Chemokine CCR5 radioligand binding (ligand: [125I] MIP-1alpha)";"B";"BAO_0000249";"cell membrane format";"None";"None";"None";"HEK293";"Membrane";"";"";"";"CHEMBL274";"C-C chemokine receptor type 5";"Homo sapiens";"SINGLE PROTEIN";"CHEMBL1909046";"15";"DrugMatrix";"";"";"CHEMBL3307715";"";"";"Not Active";""
"CHEMBL1148";"TORSEMIDE";"4.0";"348.43";"0";"2.53";"TORSEMIDE";"Cc1cccc(Nc2ccncc2S(=O)(=O)NC(=O)NC(C)C)c1";"Ki";"";"";"";"";"";"Inhibition < 50% @ 10 uM and thus dose-reponse curve not measured";"";"";"";"";"";"0";"CHEMBL1909126";"DRUGMATRIX: Chemokine CCR5 radioligand binding (ligand: [125I] MIP-1alpha)";"B";"BAO_0000249";"cell membrane format";"None";"None";"None";"HEK293";"Membrane";"";"";"";"CHEMBL274";"C-C chemokine receptor type 5";"Homo sapiens";"SINGLE PROTEIN";"CHEMBL1909046";"15";"DrugMatrix";"";"";"CHEMBL3307715";"";"";"Not Active";""
"CHEMBL15245";"YOHIMBINE";"3.0";"354.45";"0";"2.65";"YOHIMBINE";"COC(=O)[C@@H]1[C@H]2C[C@H]3c4[nH]c5ccccc5c4CCN3C[C@@H]2CC[C@@H]1O";"Ki";"";"";"";"";"";"Inhibition < 50% @ 10 uM and thus dose-reponse curve not measured";"";"";"";"";"";"0";"CHEMBL1909126";"DRUGMATRIX: Chemokine CCR5 radioligand binding (ligand: [125I] MIP-1alpha)";"B";"BAO_0000249";"cell membrane format";"None";"None";"None";"HEK293";"Membrane";"";"";"";"CHEMBL274";"C-C chemokine receptor type 5";"Homo sapiens";"SINGLE PROTEIN";"CHEMBL1909046";"15";"DrugMatrix";"";"";"CHEMBL3307715";"";"";"Not Active";""
"CHEMBL1539";"SULFADOXINE";"4.0";"310.34";"0";"0.88";"SULFADOXINE";"COc1ncnc(NS(=O)(=O)c2ccc(N)cc2)c1OC";"Ki";"";"";"";"";"";"Inhibition < 50% @ 10 uM and thus dose-reponse curve not measured";"";"";"";"";"";"0";"CHEMBL1909126";"DRUGMATRIX: Chemokine CCR5 radioligand binding (ligand: [125I] MIP-1alpha)";"B";"BAO_0000249";"cell membrane format";"None";"None";"None";"HEK293";"Membrane";"";"";"";"CHEMBL274";"C-C chemokine receptor type 5";"Homo sapiens";"SINGLE PROTEIN";"CHEMBL1909046";"15";"DrugMatrix";"";"";"CHEMBL3307715";"";"";"Not Active";""
"CHEMBL1221512";"";"None";"559.80";"1";"1.75";"L-744832";"CC[C@H](C)[C@@H](CO[C@@H](Cc1ccccc1)C(=O)N[C@@H](CCS(C)(=O)=O)C(=O)OC(C)C)NC[C@@H](N)CS";"Ki";"";"";"";"";"";"Inhibition < 50% @ 10 uM and thus dose-reponse curve not measured";"";"";"";"";"";"0";"CHEMBL1909126";"DRUGMATRIX: Chemokine CCR5 radioligand binding (ligand: [125I] MIP-1alpha)";"B";"BAO_0000249";"cell membrane format";"None";"None";"None";"HEK293";"Membrane";"";"";"";"CHEMBL274";"C-C chemokine receptor type 5";"Homo sapiens";"SINGLE PROTEIN";"CHEMBL1909046";"15";"DrugMatrix";"";"";"CHEMBL3307715";"";"";"Not Active";""
"CHEMBL138198";"";"None";"543.51";"1";"4.46";"42";"CO/N=C(/c1ccc(Br)cc1)C1CCN(C2(C)CCN(C(=O)c3c(C)cc[n+]([O-])c3C)CC2)CC1";"Ki";"'='";"19.0";"nM";"7.72";"";"";"UO_0000065";"14.21";"0.30";"3.26";"10.71";"0";"CHEMBL649945";"Inhibition of RANTES binding to the human C-C chemokine receptor type 5 (CCR5)";"B";"BAO_0000357";"single protein format";"None";"None";"None";"None";"None";"";"";"";"CHEMBL274";"C-C chemokine receptor type 5";"Homo sapiens";"SINGLE PROTEIN";"CHEMBL1144903";"1";"Scientific Literature";"J Med Chem";"2003";"None";"";"";"";"19.0"
"CHEMBL870";"ALENDRONIC ACID";"4.0";"249.10";"1";"-1.27";"ALENDRONIC ACID";"NCCCC(O)(P(=O)(O)O)P(=O)(O)O";"Ki";"";"";"";"";"";"Inhibition < 50% @ 10 uM and thus dose-reponse curve not measured";"";"";"";"";"";"0";"CHEMBL1909126";"DRUGMATRIX: Chemokine CCR5 radioligand binding (ligand: [125I] MIP-1alpha)";"B";"BAO_0000249";"cell membrane format";"None";"None";"None";"HEK293";"Membrane";"";"";"";"CHEMBL274";"C-C chemokine receptor type 5";"Homo sapiens";"SINGLE PROTEIN";"CHEMBL1909046";"15";"DrugMatrix";"";"";"CHEMBL3307715";"";"";"Not Active";""
"CHEMBL116008";"";"None";"531.48";"1";"4.72";"55";"Cc1cccc(C)c1C(=O)N1CCC(N2CCN(Cc3ccc(I)cc3)[C@@H](C)C2)CC1";"Ki";"'='";"30.0";"nM";"7.52";"";"";"UO_0000065";"14.15";"0.33";"2.80";"28.08";"1";"CHEMBL649945";"Inhibition of RANTES binding to the human C-C chemokine receptor type 5 (CCR5)";"B";"BAO_0000357";"single protein format";"None";"None";"None";"None";"None";"";"";"";"CHEMBL274";"C-C chemokine receptor type 5";"Homo sapiens";"SINGLE PROTEIN";"CHEMBL1144903";"1";"Scientific Literature";"J Med Chem";"2003";"None";"";"";"";"30.0"
"CHEMBL80251";"";"None";"585.64";"2";"6.20";"32";"Cc1ncnc(C)c1C(=O)N1CCC(C)(N2CCN([C@@H](CCC(F)(F)F)c3ccc(C(F)(F)F)cc3)[C@@H](C)C2)CC1";"Ki";"";"";"nM";"";"";"Not Determined";"UO_0000065";"";"";"";"";"0";"CHEMBL873188";"Antagonistic activity against C-C chemokine receptor type 5; ND = not determined";"F";"BAO_0000019";"assay format";"None";"None";"None";"None";"None";"";"";"";"CHEMBL274";"C-C chemokine receptor type 5";"Homo sapiens";"SINGLE PROTEIN";"CHEMBL1148299";"1";"Scientific Literature";"J Med Chem";"2004";"None";"";"";"";""
"CHEMBL138274";"";"None";"562.63";"1";"4.98";"48";"CCO/N=C(/c1ccc(OC(F)(F)F)cc1)C1CCN(C2(C)CCN(C(=O)c3c(C)cc[n+]([O-])c3C)CC2)CC1";"Ki";"'='";"4.4";"nM";"8.36";"";"";"UO_0000065";"14.85";"0.29";"3.38";"10.28";"0";"CHEMBL649945";"Inhibition of RANTES binding to the human C-C chemokine receptor type 5 (CCR5)";"B";"BAO_0000357";"single protein format";"None";"None";"None";"None";"None";"";"";"";"CHEMBL274";"C-C chemokine receptor type 5";"Homo sapiens";"SINGLE PROTEIN";"CHEMBL1144903";"1";"Scientific Literature";"J Med Chem";"2003";"None";"";"";"";"4.4"
"CHEMBL134342";"THIOCTIC ACID";"None";"206.33";"0";"2.79";"THIOCTIC ACID";"O=C(O)CCCC[C@@H]1CCSS1";"Ki";"";"";"";"";"";"Inhibition < 50% @ 10 uM and thus dose-reponse curve not measured";"";"";"";"";"";"0";"CHEMBL1909126";"DRUGMATRIX: Chemokine CCR5 radioligand binding (ligand: [125I] MIP-1alpha)";"B";"BAO_0000249";"cell membrane format";"None";"None";"None";"HEK293";"Membrane";"";"";"";"CHEMBL274";"C-C chemokine receptor type 5";"Homo sapiens";"SINGLE PROTEIN";"CHEMBL1909046";"15";"DrugMatrix";"";"";"CHEMBL3307715";"";"";"Not Active";""
"CHEMBL1020";"TOLMETIN";"4.0";"257.29";"0";"2.19";"TOLMETIN";"Cc1ccc(C(=O)c2ccc(CC(=O)O)n2C)cc1";"Ki";"";"";"";"";"";"Inhibition < 50% @ 10 uM and thus dose-reponse curve not measured";"";"";"";"";"";"0";"CHEMBL1909126";"DRUGMATRIX: Chemokine CCR5 radioligand binding (ligand: [125I] MIP-1alpha)";"B";"BAO_0000249";"cell membrane format";"None";"None";"None";"HEK293";"Membrane";"";"";"";"CHEMBL274";"C-C chemokine receptor type 5";"Homo sapiens";"SINGLE PROTEIN";"CHEMBL1909046";"15";"DrugMatrix";"";"";"CHEMBL3307715";"";"";"Not Active";""
"CHEMBL38";"TRETINOIN";"4.0";"300.44";"1";"5.60";"TRETINOIN";"CC1=C(/C=C/C(C)=C/C=C/C(C)=C/C(=O)O)C(C)(C)CCC1";"Ki";"";"";"";"";"";"Inhibition < 50% @ 10 uM and thus dose-reponse curve not measured";"";"";"";"";"";"0";"CHEMBL1909126";"DRUGMATRIX: Chemokine CCR5 radioligand binding (ligand: [125I] MIP-1alpha)";"B";"BAO_0000249";"cell membrane format";"None";"None";"None";"HEK293";"Membrane";"";"";"";"CHEMBL274";"C-C chemokine receptor type 5";"Homo sapiens";"SINGLE PROTEIN";"CHEMBL1909046";"15";"DrugMatrix";"";"";"CHEMBL3307715";"";"";"Not Active";""
"CHEMBL277100";"TEMAFLOXACIN";"4.0";"417.39";"0";"2.90";"TEMAFLOXACIN";"CC1CN(c2cc3c(cc2F)c(=O)c(C(=O)O)cn3-c2ccc(F)cc2F)CCN1";"Ki";"";"";"";"";"";"Inhibition < 50% @ 10 uM and thus dose-reponse curve not measured";"";"";"";"";"";"0";"CHEMBL1909126";"DRUGMATRIX: Chemokine CCR5 radioligand binding (ligand: [125I] MIP-1alpha)";"B";"BAO_0000249";"cell membrane format";"None";"None";"None";"HEK293";"Membrane";"";"";"";"CHEMBL274";"C-C chemokine receptor type 5";"Homo sapiens";"SINGLE PROTEIN";"CHEMBL1909046";"15";"DrugMatrix";"";"";"CHEMBL3307715";"";"";"Not Active";""
"CHEMBL1167";"SPECTINOMYCIN";"4.0";"332.35";"0";"-2.93";"SPECTINOMYCIN";"CN[C@@H]1[C@H](O)[C@H](NC)[C@H]2O[C@@]3(O)C(=O)C[C@@H](C)O[C@H]3O[C@@H]2[C@H]1O";"Ki";"";"";"";"";"";"Inhibition < 50% @ 10 uM and thus dose-reponse curve not measured";"";"";"";"";"";"0";"CHEMBL1909126";"DRUGMATRIX: Chemokine CCR5 radioligand binding (ligand: [125I] MIP-1alpha)";"B";"BAO_0000249";"cell membrane format";"None";"None";"None";"HEK293";"Membrane";"";"";"";"CHEMBL274";"C-C chemokine receptor type 5";"Homo sapiens";"SINGLE PROTEIN";"CHEMBL1909046";"15";"DrugMatrix";"";"";"CHEMBL3307715";"";"";"Not Active";""
"CHEMBL1168";"RAMIPRIL";"4.0";"416.52";"0";"2.38";"RAMIPRIL";"CCOC(=O)[C@H](CCc1ccccc1)N[C@@H](C)C(=O)N1[C@H](C(=O)O)C[C@@H]2CCC[C@@H]21";"Ki";"";"";"";"";"";"Inhibition < 50% @ 10 uM and thus dose-reponse curve not measured";"";"";"";"";"";"0";"CHEMBL1909126";"DRUGMATRIX: Chemokine CCR5 radioligand binding (ligand: [125I] MIP-1alpha)";"B";"BAO_0000249";"cell membrane format";"None";"None";"None";"HEK293";"Membrane";"";"";"";"CHEMBL274";"C-C chemokine receptor type 5";"Homo sapiens";"SINGLE PROTEIN";"CHEMBL1909046";"15";"DrugMatrix";"";"";"CHEMBL3307715";"";"";"Not Active";""
"CHEMBL404";"TAZOBACTAM";"4.0";"300.30";"0";"-1.52";"TAZOBACTAM";"C[C@]1(Cn2ccnn2)[C@H](C(=O)O)N2C(=O)C[C@H]2S1(=O)=O";"Ki";"";"";"";"";"";"Inhibition < 50% @ 10 uM and thus dose-reponse curve not measured";"";"";"";"";"";"0";"CHEMBL1909126";"DRUGMATRIX: Chemokine CCR5 radioligand binding (ligand: [125I] MIP-1alpha)";"B";"BAO_0000249";"cell membrane format";"None";"None";"None";"HEK293";"Membrane";"";"";"";"CHEMBL274";"C-C chemokine receptor type 5";"Homo sapiens";"SINGLE PROTEIN";"CHEMBL1909046";"15";"DrugMatrix";"";"";"CHEMBL3307715";"";"";"Not Active";""
"CHEMBL185";"FLUOROURACIL";"4.0";"130.08";"0";"-0.80";"SID90341469";"O=c1[nH]cc(F)c(=O)[nH]1";"Ki";"";"";"";"";"";"Inhibition < 50% @ 10 uM and thus dose-reponse curve not measured";"";"";"";"";"";"0";"CHEMBL1909126";"DRUGMATRIX: Chemokine CCR5 radioligand binding (ligand: [125I] MIP-1alpha)";"B";"BAO_0000249";"cell membrane format";"None";"None";"None";"HEK293";"Membrane";"";"";"";"CHEMBL274";"C-C chemokine receptor type 5";"Homo sapiens";"SINGLE PROTEIN";"CHEMBL1909046";"15";"DrugMatrix";"";"";"CHEMBL3307715";"";"";"Not Active";""
"CHEMBL1411979";"METHAPYRILENE";"4.0";"261.39";"0";"2.71";"METHAPYRILENE";"CN(C)CCN(Cc1cccs1)c1ccccn1";"Ki";"";"";"";"";"";"Inhibition < 50% @ 10 uM and thus dose-reponse curve not measured";"";"";"";"";"";"0";"CHEMBL1909126";"DRUGMATRIX: Chemokine CCR5 radioligand binding (ligand: [125I] MIP-1alpha)";"B";"BAO_0000249";"cell membrane format";"None";"None";"None";"HEK293";"Membrane";"";"";"";"CHEMBL274";"C-C chemokine receptor type 5";"Homo sapiens";"SINGLE PROTEIN";"CHEMBL1909046";"15";"DrugMatrix";"";"";"CHEMBL3307715";"";"";"Not Active";""
"CHEMBL2079587";"STANOZOLOL";"4.0";"328.50";"0";"4.12";"STANOZOLOL";"C[C@]12Cc3c[nH]nc3C[C@@H]1CC[C@@H]1[C@@H]2CC[C@@]2(C)[C@H]1CC[C@]2(C)O";"Ki";"";"";"";"";"";"Inhibition < 50% @ 10 uM and thus dose-reponse curve not measured";"";"";"";"";"";"0";"CHEMBL1909126";"DRUGMATRIX: Chemokine CCR5 radioligand binding (ligand: [125I] MIP-1alpha)";"B";"BAO_0000249";"cell membrane format";"None";"None";"None";"HEK293";"Membrane";"";"";"";"CHEMBL274";"C-C chemokine receptor type 5";"Homo sapiens";"SINGLE PROTEIN";"CHEMBL1909046";"15";"DrugMatrix";"";"";"CHEMBL3307715";"";"";"Not Active";""
"CHEMBL2107797";"NORGESTREL";"4.0";"312.45";"0";"3.88";"NORGESTREL";"C#CC1(O)CC[C@H]2[C@@H]3CCC4=CC(=O)CC[C@@H]4[C@H]3CC[C@@]21CC";"Ki";"";"";"";"";"";"Inhibition < 50% @ 10 uM and thus dose-reponse curve not measured";"";"";"";"";"";"0";"CHEMBL1909126";"DRUGMATRIX: Chemokine CCR5 radioligand binding (ligand: [125I] MIP-1alpha)";"B";"BAO_0000249";"cell membrane format";"None";"None";"None";"HEK293";"Membrane";"";"";"";"CHEMBL274";"C-C chemokine receptor type 5";"Homo sapiens";"SINGLE PROTEIN";"CHEMBL1909046";"15";"DrugMatrix";"";"";"CHEMBL3307715";"";"";"Not Active";""
"CHEMBL294199";"CAPSAICIN";"4.0";"305.42";"0";"3.79";"CAPSAICIN";"COc1cc(CNC(=O)CCCC/C=C/C(C)C)ccc1O";"Ki";"";"";"";"";"";"Inhibition < 50% @ 10 uM and thus dose-reponse curve not measured";"";"";"";"";"";"0";"CHEMBL1909126";"DRUGMATRIX: Chemokine CCR5 radioligand binding (ligand: [125I] MIP-1alpha)";"B";"BAO_0000249";"cell membrane format";"None";"None";"None";"HEK293";"Membrane";"";"";"";"CHEMBL274";"C-C chemokine receptor type 5";"Homo sapiens";"SINGLE PROTEIN";"CHEMBL1909046";"15";"DrugMatrix";"";"";"CHEMBL3307715";"";"";"Not Active";""
"CHEMBL85";"RISPERIDONE";"4.0";"410.49";"0";"3.59";"RISPERIDONE";"Cc1nc2n(c(=O)c1CCN1CCC(c3noc4cc(F)ccc34)CC1)CCCC2";"Ki";"";"";"";"";"";"Inhibition < 50% @ 10 uM and thus dose-reponse curve not measured";"";"";"";"";"";"0";"CHEMBL1909126";"DRUGMATRIX: Chemokine CCR5 radioligand binding (ligand: [125I] MIP-1alpha)";"B";"BAO_0000249";"cell membrane format";"None";"None";"None";"HEK293";"Membrane";"";"";"";"CHEMBL274";"C-C chemokine receptor type 5";"Homo sapiens";"SINGLE PROTEIN";"CHEMBL1909046";"15";"DrugMatrix";"";"";"CHEMBL3307715";"";"";"Not Active";""
"CHEMBL6437";"MIANSERIN";"4.0";"264.37";"0";"3.08";"MIANSERIN";"CN1CCN2c3ccccc3Cc3ccccc3C2C1";"Ki";"";"";"";"";"";"Inhibition < 50% @ 10 uM and thus dose-reponse curve not measured";"";"";"";"";"";"0";"CHEMBL1909126";"DRUGMATRIX: Chemokine CCR5 radioligand binding (ligand: [125I] MIP-1alpha)";"B";"BAO_0000249";"cell membrane format";"None";"None";"None";"HEK293";"Membrane";"";"";"";"CHEMBL274";"C-C chemokine receptor type 5";"Homo sapiens";"SINGLE PROTEIN";"CHEMBL1909046";"15";"DrugMatrix";"";"";"CHEMBL3307715";"";"";"Not Active";""
"CHEMBL1089";"PHENELZINE";"4.0";"136.20";"0";"0.69";"PHENELZINE";"NNCCc1ccccc1";"Ki";"";"";"";"";"";"Inhibition < 50% @ 10 uM and thus dose-reponse curve not measured";"";"";"";"";"";"0";"CHEMBL1909126";"DRUGMATRIX: Chemokine CCR5 radioligand binding (ligand: [125I] MIP-1alpha)";"B";"BAO_0000249";"cell membrane format";"None";"None";"None";"HEK293";"Membrane";"";"";"";"CHEMBL274";"C-C chemokine receptor type 5";"Homo sapiens";"SINGLE PROTEIN";"CHEMBL1909046";"15";"DrugMatrix";"";"";"CHEMBL3307715";"";"";"Not Active";""
"CHEMBL469912";"PUROMYCIN";"2.0";"471.52";"1";"-0.79";"PUROMYCIN";"COc1ccc(C[C@H](N)C(=O)N[C@H]2[C@@H](O)[C@H](n3cnc4c(N(C)C)ncnc43)O[C@@H]2CO)cc1";"Ki";"";"";"";"";"";"Inhibition < 50% @ 10 uM and thus dose-reponse curve not measured";"";"";"";"";"";"0";"CHEMBL1909126";"DRUGMATRIX: Chemokine CCR5 radioligand binding (ligand: [125I] MIP-1alpha)";"B";"BAO_0000249";"cell membrane format";"None";"None";"None";"HEK293";"Membrane";"";"";"";"CHEMBL274";"C-C chemokine receptor type 5";"Homo sapiens";"SINGLE PROTEIN";"CHEMBL1909046";"15";"DrugMatrix";"";"";"CHEMBL3307715";"";"";"Not Active";""
"CHEMBL1289";"HALOPROGIN";"4.0";"361.39";"0";"4.42";"HALOPROGIN";"Clc1cc(Cl)c(OCC#CI)cc1Cl";"Ki";"";"";"";"";"";"Inhibition < 50% @ 10 uM and thus dose-reponse curve not measured";"";"";"";"";"";"0";"CHEMBL1909126";"DRUGMATRIX: Chemokine CCR5 radioligand binding (ligand: [125I] MIP-1alpha)";"B";"BAO_0000249";"cell membrane format";"None";"None";"None";"HEK293";"Membrane";"";"";"";"CHEMBL274";"C-C chemokine receptor type 5";"Homo sapiens";"SINGLE PROTEIN";"CHEMBL1909046";"15";"DrugMatrix";"";"";"CHEMBL3307715";"";"";"Not Active";""
"CHEMBL106982";"";"None";"482.69";"0";"4.66";"9";"Cc1cccc(C)c1C(=O)N1CCC(C)(N2CCC(Cc3ccc(S(C)(=O)=O)cc3)CC2)CC1";"Ki";"'='";"33.0";"nM";"7.48";"";"";"UO_0000065";"15.50";"0.30";"2.82";"12.97";"0";"CHEMBL649945";"Inhibition of RANTES binding to the human C-C chemokine receptor type 5 (CCR5)";"B";"BAO_0000357";"single protein format";"None";"None";"None";"None";"None";"";"";"";"CHEMBL274";"C-C chemokine receptor type 5";"Homo sapiens";"SINGLE PROTEIN";"CHEMBL1144903";"1";"Scientific Literature";"J Med Chem";"2003";"None";"";"";"";"33.0"
"CHEMBL141301";"";"None";"532.61";"1";"4.71";"43";"CO/N=C(/c1ccc(C(F)(F)F)cc1)C1CCN(C2(C)CCN(C(=O)c3c(C)cc[n+]([O-])c3C)CC2)CC1";"Ki";"'='";"5.3";"nM";"8.28";"";"";"UO_0000065";"15.54";"0.30";"3.57";"11.48";"0";"CHEMBL649945";"Inhibition of RANTES binding to the human C-C chemokine receptor type 5 (CCR5)";"B";"BAO_0000357";"single protein format";"None";"None";"None";"None";"None";"";"";"";"CHEMBL274";"C-C chemokine receptor type 5";"Homo sapiens";"SINGLE PROTEIN";"CHEMBL1144903";"1";"Scientific Literature";"J Med Chem";"2003";"None";"";"";"";"5.3"
"CHEMBL2367888";"";"None";"943.09";"3";"-0.57";"1";"C[C@H]1O[C@@H](O[C@H]2[C@H](O[C@H]3CC[C@]4(C)C5=C[C@H](O)C67C(=O)O[C@@](C)(C8CCC(C)(C)O8)[C@@]6(O)CC[C@@]7(C)C5CCC4C3(C)C)OC[C@@H](O[C@@H]3O[C@H](CO)[C@@H](O)[C@H](O)[C@H]3O)[C@@H]2O)[C@H](O)[C@@H](O)[C@@H]1O";"Ki";"'='";"30000.0";"nM";"4.52";"";"";"UO_0000065";"4.80";"0.09";"5.09";"1.54";"0";"CHEMBL660275";"Inhibitory activity against human CCR5 chemokine receptor (CCR5) expressed in CHO cells";"B";"BAO_0000219";"cell-based format";"None";"None";"None";"CHO";"None";"";"";"";"CHEMBL274";"C-C chemokine receptor type 5";"Homo sapiens";"SINGLE PROTEIN";"CHEMBL1134953";"1";"Scientific Literature";"Bioorg Med Chem Lett";"2002";"CHEMBL3308072";"";"";"";"30.0"
"CHEMBL1502";"PANTOPRAZOLE";"4.0";"383.38";"0";"2.88";"PANTOPRAZOLE";"COc1ccnc(C[S+]([O-])c2nc3cc(OC(F)F)ccc3[nH]2)c1OC";"Ki";"";"";"";"";"";"Inhibition < 50% @ 10 uM and thus dose-reponse curve not measured";"";"";"";"";"";"0";"CHEMBL1909126";"DRUGMATRIX: Chemokine CCR5 radioligand binding (ligand: [125I] MIP-1alpha)";"B";"BAO_0000249";"cell membrane format";"None";"None";"None";"HEK293";"Membrane";"";"";"";"CHEMBL274";"C-C chemokine receptor type 5";"Homo sapiens";"SINGLE PROTEIN";"CHEMBL1909046";"15";"DrugMatrix";"";"";"CHEMBL3307715";"";"";"Not Active";""
"CHEMBL563";"FLURBIPROFEN";"4.0";"244.26";"0";"3.68";"FLURBIPROFEN";"CC(C(=O)O)c1ccc(-c2ccccc2)c(F)c1";"Ki";"";"";"";"";"";"Inhibition < 50% @ 10 uM and thus dose-reponse curve not measured";"";"";"";"";"";"0";"CHEMBL1909126";"DRUGMATRIX: Chemokine CCR5 radioligand binding (ligand: [125I] MIP-1alpha)";"B";"BAO_0000249";"cell membrane format";"None";"None";"None";"HEK293";"Membrane";"";"";"";"CHEMBL274";"C-C chemokine receptor type 5";"Homo sapiens";"SINGLE PROTEIN";"CHEMBL1909046";"15";"DrugMatrix";"";"";"CHEMBL3307715";"";"";"Not Active";""
"CHEMBL659";"GALANTAMINE";"4.0";"287.36";"0";"1.85";"GALANTAMINE";"COc1ccc2c3c1O[C@H]1C[C@@H](O)C=C[C@@]31CCN(C)C2";"Ki";"";"";"";"";"";"Inhibition < 50% @ 10 uM and thus dose-reponse curve not measured";"";"";"";"";"";"0";"CHEMBL1909126";"DRUGMATRIX: Chemokine CCR5 radioligand binding (ligand: [125I] MIP-1alpha)";"B";"BAO_0000249";"cell membrane format";"None";"None";"None";"HEK293";"Membrane";"";"";"";"CHEMBL274";"C-C chemokine receptor type 5";"Homo sapiens";"SINGLE PROTEIN";"CHEMBL1909046";"15";"DrugMatrix";"";"";"CHEMBL3307715";"";"";"Not Active";""
"CHEMBL1243";"SULFABENZAMIDE";"4.0";"276.32";"0";"1.39";"SULFABENZAMIDE";"Nc1ccc(S(=O)(=O)NC(=O)c2ccccc2)cc1";"Ki";"";"";"";"";"";"Inhibition < 50% @ 10 uM and thus dose-reponse curve not measured";"";"";"";"";"";"0";"CHEMBL1909126";"DRUGMATRIX: Chemokine CCR5 radioligand binding (ligand: [125I] MIP-1alpha)";"B";"BAO_0000249";"cell membrane format";"None";"None";"None";"HEK293";"Membrane";"";"";"";"CHEMBL274";"C-C chemokine receptor type 5";"Homo sapiens";"SINGLE PROTEIN";"CHEMBL1909046";"15";"DrugMatrix";"";"";"CHEMBL3307715";"";"";"Not Active";""
"CHEMBL1201117";"METHOCARBAMOL";"4.0";"241.24";"0";"0.53";"METHOCARBAMOL";"COc1ccccc1OCC(O)COC(N)=O";"Ki";"";"";"";"";"";"Inhibition < 50% @ 10 uM and thus dose-reponse curve not measured";"";"";"";"";"";"0";"CHEMBL1909126";"DRUGMATRIX: Chemokine CCR5 radioligand binding (ligand: [125I] MIP-1alpha)";"B";"BAO_0000249";"cell membrane format";"None";"None";"None";"HEK293";"Membrane";"";"";"";"CHEMBL274";"C-C chemokine receptor type 5";"Homo sapiens";"SINGLE PROTEIN";"CHEMBL1909046";"15";"DrugMatrix";"";"";"CHEMBL3307715";"";"";"Not Active";""
"CHEMBL1670";"MITOTANE";"4.0";"320.05";"1";"5.93";"MITOTANE";"Clc1ccc(C(c2ccccc2Cl)C(Cl)Cl)cc1";"Ki";"";"";"";"";"";"Inhibition < 50% @ 10 uM and thus dose-reponse curve not measured";"";"";"";"";"";"0";"CHEMBL1909126";"DRUGMATRIX: Chemokine CCR5 radioligand binding (ligand: [125I] MIP-1alpha)";"B";"BAO_0000249";"cell membrane format";"None";"None";"None";"HEK293";"Membrane";"";"";"";"CHEMBL274";"C-C chemokine receptor type 5";"Homo sapiens";"SINGLE PROTEIN";"CHEMBL1909046";"15";"DrugMatrix";"";"";"CHEMBL3307715";"";"";"Not Active";""
"CHEMBL1321";"PROCARBAZINE";"4.0";"221.30";"0";"1.05";"PROCARBAZINE";"CNNCc1ccc(C(=O)NC(C)C)cc1";"Ki";"";"";"";"";"";"Inhibition < 50% @ 10 uM and thus dose-reponse curve not measured";"";"";"";"";"";"0";"CHEMBL1909126";"DRUGMATRIX: Chemokine CCR5 radioligand binding (ligand: [125I] MIP-1alpha)";"B";"BAO_0000249";"cell membrane format";"None";"None";"None";"HEK293";"Membrane";"";"";"";"CHEMBL274";"C-C chemokine receptor type 5";"Homo sapiens";"SINGLE PROTEIN";"CHEMBL1909046";"15";"DrugMatrix";"";"";"CHEMBL3307715";"";"";"Not Active";""
"CHEMBL205596";"CHOLIC ACID";"4.0";"408.58";"0";"3.45";"CHOLIC ACID";"C[C@H](CCC(=O)O)[C@H]1CC[C@H]2[C@@H]3[C@H](O)C[C@@H]4C[C@H](O)CC[C@]4(C)[C@H]3C[C@H](O)[C@]12C";"Ki";"";"";"";"";"";"Inhibition < 50% @ 10 uM and thus dose-reponse curve not measured";"";"";"";"";"";"0";"CHEMBL1909126";"DRUGMATRIX: Chemokine CCR5 radioligand binding (ligand: [125I] MIP-1alpha)";"B";"BAO_0000249";"cell membrane format";"None";"None";"None";"HEK293";"Membrane";"";"";"";"CHEMBL274";"C-C chemokine receptor type 5";"Homo sapiens";"SINGLE PROTEIN";"CHEMBL1909046";"15";"DrugMatrix";"";"";"CHEMBL3307715";"";"";"Not Active";""
"CHEMBL27577";"SALICYLAMIDE";"2.0";"137.14";"0";"0.49";"SALICYLAMIDE";"NC(=O)c1ccccc1O";"Ki";"";"";"";"";"";"Inhibition < 50% @ 10 uM and thus dose-reponse curve not measured";"";"";"";"";"";"0";"CHEMBL1909126";"DRUGMATRIX: Chemokine CCR5 radioligand binding (ligand: [125I] MIP-1alpha)";"B";"BAO_0000249";"cell membrane format";"None";"None";"None";"HEK293";"Membrane";"";"";"";"CHEMBL274";"C-C chemokine receptor type 5";"Homo sapiens";"SINGLE PROTEIN";"CHEMBL1909046";"15";"DrugMatrix";"";"";"CHEMBL3307715";"";"";"Not Active";""
"CHEMBL727";"THIOGUANINE";"4.0";"167.20";"0";"0.60";"THIOGUANINE";"Nc1nc2[nH]cnc2c(=S)[nH]1";"Ki";"";"";"";"";"";"Inhibition < 50% @ 10 uM and thus dose-reponse curve not measured";"";"";"";"";"";"0";"CHEMBL1909126";"DRUGMATRIX: Chemokine CCR5 radioligand binding (ligand: [125I] MIP-1alpha)";"B";"BAO_0000249";"cell membrane format";"None";"None";"None";"HEK293";"Membrane";"";"";"";"CHEMBL274";"C-C chemokine receptor type 5";"Homo sapiens";"SINGLE PROTEIN";"CHEMBL1909046";"15";"DrugMatrix";"";"";"CHEMBL3307715";"";"";"Not Active";""
"CHEMBL521606";"NADOLOL";"4.0";"309.41";"0";"0.63";"NADOLOL";"CC(C)(C)NCC(O)COc1cccc2c1CC(O)C(O)C2";"Ki";"";"";"";"";"";"Inhibition < 50% @ 10 uM and thus dose-reponse curve not measured";"";"";"";"";"";"0";"CHEMBL1909126";"DRUGMATRIX: Chemokine CCR5 radioligand binding (ligand: [125I] MIP-1alpha)";"B";"BAO_0000249";"cell membrane format";"None";"None";"None";"HEK293";"Membrane";"";"";"";"CHEMBL274";"C-C chemokine receptor type 5";"Homo sapiens";"SINGLE PROTEIN";"CHEMBL1909046";"15";"DrugMatrix";"";"";"CHEMBL3307715";"";"";"Not Active";""
"CHEMBL1909069";"";"None";"None";"None";"None";"MC 288769";"";"Ki";"";"";"";"";"";"Inhibition < 50% @ 10 uM and thus dose-reponse curve not measured";"";"";"";"";"";"0";"CHEMBL1909126";"DRUGMATRIX: Chemokine CCR5 radioligand binding (ligand: [125I] MIP-1alpha)";"B";"BAO_0000249";"cell membrane format";"None";"None";"None";"HEK293";"Membrane";"";"";"";"CHEMBL274";"C-C chemokine receptor type 5";"Homo sapiens";"SINGLE PROTEIN";"CHEMBL1909046";"15";"DrugMatrix";"";"";"CHEMBL3307715";"";"";"Not Active";""
"CHEMBL1499";"CORTISONE";"3.0";"360.45";"0";"1.99";"CORTISONE";"C[C@]12CCC(=O)C=C1CC[C@@H]1[C@@H]2C(=O)C[C@@]2(C)[C@H]1CC[C@]2(O)C(=O)CO";"Ki";"";"";"";"";"";"Inhibition < 50% @ 10 uM and thus dose-reponse curve not measured";"";"";"";"";"";"0";"CHEMBL1909126";"DRUGMATRIX: Chemokine CCR5 radioligand binding (ligand: [125I] MIP-1alpha)";"B";"BAO_0000249";"cell membrane format";"None";"None";"None";"HEK293";"Membrane";"";"";"";"CHEMBL274";"C-C chemokine receptor type 5";"Homo sapiens";"SINGLE PROTEIN";"CHEMBL1909046";"15";"DrugMatrix";"";"";"CHEMBL3307715";"";"";"Not Active";""
"CHEMBL445";"NORTRIPTYLINE";"4.0";"263.38";"0";"3.83";"NORTRIPTYLINE";"CNCCC=C1c2ccccc2CCc2ccccc21";"Ki";"";"";"";"";"";"Inhibition < 50% @ 10 uM and thus dose-reponse curve not measured";"";"";"";"";"";"0";"CHEMBL1909126";"DRUGMATRIX: Chemokine CCR5 radioligand binding (ligand: [125I] MIP-1alpha)";"B";"BAO_0000249";"cell membrane format";"None";"None";"None";"HEK293";"Membrane";"";"";"";"CHEMBL274";"C-C chemokine receptor type 5";"Homo sapiens";"SINGLE PROTEIN";"CHEMBL1909046";"15";"DrugMatrix";"";"";"CHEMBL3307715";"";"";"Not Active";""
"CHEMBL93";"ZILEUTON";"4.0";"236.30";"0";"2.73";"ZILEUTON";"CC(c1cc2ccccc2s1)N(O)C(N)=O";"Ki";"";"";"";"";"";"Inhibition < 50% @ 10 uM and thus dose-reponse curve not measured";"";"";"";"";"";"0";"CHEMBL1909126";"DRUGMATRIX: Chemokine CCR5 radioligand binding (ligand: [125I] MIP-1alpha)";"B";"BAO_0000249";"cell membrane format";"None";"None";"None";"HEK293";"Membrane";"";"";"";"CHEMBL274";"C-C chemokine receptor type 5";"Homo sapiens";"SINGLE PROTEIN";"CHEMBL1909046";"15";"DrugMatrix";"";"";"CHEMBL3307715";"";"";"Not Active";""
"CHEMBL3084803";"ASTROMICIN";"2.0";"405.50";"1";"-3.59";"ASTROMICIN";"CO[C@H]1[C@@H](O)[C@H](N)[C@@H](O[C@H]2O[C@H]([C@H](C)N)CC[C@H]2N)[C@H](O)[C@@H]1N(C)C(=O)CN";"Ki";"";"";"";"";"";"Inhibition < 50% @ 10 uM and thus dose-reponse curve not measured";"";"";"";"";"";"0";"CHEMBL1909126";"DRUGMATRIX: Chemokine CCR5 radioligand binding (ligand: [125I] MIP-1alpha)";"B";"BAO_0000249";"cell membrane format";"None";"None";"None";"HEK293";"Membrane";"";"";"";"CHEMBL274";"C-C chemokine receptor type 5";"Homo sapiens";"SINGLE PROTEIN";"CHEMBL1909046";"15";"DrugMatrix";"";"";"CHEMBL3307715";"";"";"Not Active";""
"CHEMBL4298697";"";"None";"248.32";"0";"2.76";"PARTHENOLIDE";"C=C1C(=O)O[C@@H]2C3O[C@]3(C)CC/C=C(\C)CC[C@@H]12";"Ki";"";"";"";"";"";"Inhibition < 50% @ 10 uM and thus dose-reponse curve not measured";"";"";"";"";"";"0";"CHEMBL1909126";"DRUGMATRIX: Chemokine CCR5 radioligand binding (ligand: [125I] MIP-1alpha)";"B";"BAO_0000249";"cell membrane format";"None";"None";"None";"HEK293";"Membrane";"";"";"";"CHEMBL274";"C-C chemokine receptor type 5";"Homo sapiens";"SINGLE PROTEIN";"CHEMBL1909046";"15";"DrugMatrix";"";"";"CHEMBL3307715";"";"";"Not Active";""
"CHEMBL1909051";"";"None";"347.38";"0";"4.80";"4-(PHENYLMETHYL)-1-[2-(TRIFLUOROMETHYL)BENZOYL]-PIPERIDINE";"O=C(c1ccccc1C(F)(F)F)N1CCC(Cc2ccccc2)CC1";"Ki";"";"";"";"";"";"Inhibition < 50% @ 10 uM and thus dose-reponse curve not measured";"";"";"";"";"";"0";"CHEMBL1909126";"DRUGMATRIX: Chemokine CCR5 radioligand binding (ligand: [125I] MIP-1alpha)";"B";"BAO_0000249";"cell membrane format";"None";"None";"None";"HEK293";"Membrane";"";"";"";"CHEMBL274";"C-C chemokine receptor type 5";"Homo sapiens";"SINGLE PROTEIN";"CHEMBL1909046";"15";"DrugMatrix";"";"";"CHEMBL3307715";"";"";"Not Active";""
"CHEMBL1902981";"EPERISONE";"3.0";"259.39";"0";"3.55";"EPERISONE";"CCc1ccc(C(=O)C(C)CN2CCCCC2)cc1";"Ki";"";"";"";"";"";"Inhibition < 50% @ 10 uM and thus dose-reponse curve not measured";"";"";"";"";"";"0";"CHEMBL1909126";"DRUGMATRIX: Chemokine CCR5 radioligand binding (ligand: [125I] MIP-1alpha)";"B";"BAO_0000249";"cell membrane format";"None";"None";"None";"HEK293";"Membrane";"";"";"";"CHEMBL274";"C-C chemokine receptor type 5";"Homo sapiens";"SINGLE PROTEIN";"CHEMBL1909046";"15";"DrugMatrix";"";"";"CHEMBL3307715";"";"";"Not Active";""
"CHEMBL941";"IMATINIB";"4.0";"493.62";"0";"4.59";"IMATINIB";"Cc1ccc(NC(=O)c2ccc(CN3CCN(C)CC3)cc2)cc1Nc1nccc(-c2cccnc2)n1";"Ki";"";"";"";"";"";"Inhibition < 50% @ 10 uM and thus dose-reponse curve not measured";"";"";"";"";"";"0";"CHEMBL1909126";"DRUGMATRIX: Chemokine CCR5 radioligand binding (ligand: [125I] MIP-1alpha)";"B";"BAO_0000249";"cell membrane format";"None";"None";"None";"HEK293";"Membrane";"";"";"";"CHEMBL274";"C-C chemokine receptor type 5";"Homo sapiens";"SINGLE PROTEIN";"CHEMBL1909046";"15";"DrugMatrix";"";"";"CHEMBL3307715";"";"";"Not Active";""
"CHEMBL1113";"AMOXAPINE";"4.0";"313.79";"0";"3.43";"AMOXAPINE";"Clc1ccc2c(c1)C(N1CCNCC1)=Nc1ccccc1O2";"Ki";"";"";"";"";"";"Inhibition < 50% @ 10 uM and thus dose-reponse curve not measured";"";"";"";"";"";"0";"CHEMBL1909126";"DRUGMATRIX: Chemokine CCR5 radioligand binding (ligand: [125I] MIP-1alpha)";"B";"BAO_0000249";"cell membrane format";"None";"None";"None";"HEK293";"Membrane";"";"";"";"CHEMBL274";"C-C chemokine receptor type 5";"Homo sapiens";"SINGLE PROTEIN";"CHEMBL1909046";"15";"DrugMatrix";"";"";"CHEMBL3307715";"";"";"Not Active";""
"CHEMBL1454";"LEVAMISOLE";"4.0";"204.30";"0";"2.15";"LEVAMISOLE";"c1ccc([C@H]2CN3CCSC3=N2)cc1";"Ki";"";"";"";"";"";"Inhibition < 50% @ 10 uM and thus dose-reponse curve not measured";"";"";"";"";"";"0";"CHEMBL1909126";"DRUGMATRIX: Chemokine CCR5 radioligand binding (ligand: [125I] MIP-1alpha)";"B";"BAO_0000249";"cell membrane format";"None";"None";"None";"HEK293";"Membrane";"";"";"";"CHEMBL274";"C-C chemokine receptor type 5";"Homo sapiens";"SINGLE PROTEIN";"CHEMBL1909046";"15";"DrugMatrix";"";"";"CHEMBL3307715";"";"";"Not Active";""
"CHEMBL1456";"MYCOPHENOLATE MOFETIL";"4.0";"433.50";"0";"2.52";"MYCOPHENOLATE MOFETIL";"COc1c(C)c2c(c(O)c1C/C=C(\C)CCC(=O)OCCN1CCOCC1)C(=O)OC2";"Ki";"";"";"";"";"";"Inhibition < 50% @ 10 uM and thus dose-reponse curve not measured";"";"";"";"";"";"0";"CHEMBL1909126";"DRUGMATRIX: Chemokine CCR5 radioligand binding (ligand: [125I] MIP-1alpha)";"B";"BAO_0000249";"cell membrane format";"None";"None";"None";"HEK293";"Membrane";"";"";"";"CHEMBL274";"C-C chemokine receptor type 5";"Homo sapiens";"SINGLE PROTEIN";"CHEMBL1909046";"15";"DrugMatrix";"";"";"CHEMBL3307715";"";"";"Not Active";""
"CHEMBL553025";"VINORELBINE";"4.0";"778.95";"2";"4.75";"VINORELBINE";"CCC1=C[C@@H]2CN(C1)Cc1c([nH]c3ccccc13)[C@@](C(=O)OC)(c1cc3c(cc1OC)N(C)[C@H]1[C@@](O)(C(=O)OC)[C@H](OC(C)=O)[C@]4(CC)C=CCN5CC[C@]31[C@@H]54)C2";"Ki";"";"";"";"";"";"Inhibition < 50% @ 10 uM and thus dose-reponse curve not measured";"";"";"";"";"";"0";"CHEMBL1909126";"DRUGMATRIX: Chemokine CCR5 radioligand binding (ligand: [125I] MIP-1alpha)";"B";"BAO_0000249";"cell membrane format";"None";"None";"None";"HEK293";"Membrane";"";"";"";"CHEMBL274";"C-C chemokine receptor type 5";"Homo sapiens";"SINGLE PROTEIN";"CHEMBL1909046";"15";"DrugMatrix";"";"";"CHEMBL3307715";"";"";"Not Active";""
"CHEMBL580";"LORAZEPAM";"4.0";"321.16";"0";"3.10";"LORAZEPAM";"O=C1Nc2ccc(Cl)cc2C(c2ccccc2Cl)=NC1O";"Ki";"";"";"";"";"";"Inhibition < 50% @ 10 uM and thus dose-reponse curve not measured";"";"";"";"";"";"0";"CHEMBL1909126";"DRUGMATRIX: Chemokine CCR5 radioligand binding (ligand: [125I] MIP-1alpha)";"B";"BAO_0000249";"cell membrane format";"None";"None";"None";"HEK293";"Membrane";"";"";"";"CHEMBL274";"C-C chemokine receptor type 5";"Homo sapiens";"SINGLE PROTEIN";"CHEMBL1909046";"15";"DrugMatrix";"";"";"CHEMBL3307715";"";"";"Not Active";""
"CHEMBL245416";"L-MIMOSINE";"None";"198.18";"0";"-1.03";"L-MIMOSINE";"N[C@@H](Cn1ccc(=O)c(O)c1)C(=O)O";"Ki";"";"";"";"";"";"Inhibition < 50% @ 10 uM and thus dose-reponse curve not measured";"";"";"";"";"";"0";"CHEMBL1909126";"DRUGMATRIX: Chemokine CCR5 radioligand binding (ligand: [125I] MIP-1alpha)";"B";"BAO_0000249";"cell membrane format";"None";"None";"None";"HEK293";"Membrane";"";"";"";"CHEMBL274";"C-C chemokine receptor type 5";"Homo sapiens";"SINGLE PROTEIN";"CHEMBL1909046";"15";"DrugMatrix";"";"";"CHEMBL3307715";"";"";"Not Active";""
"CHEMBL76904";"TYRPHOSTIN 23";"None";"186.17";"0";"1.53";"TYRPHOSTIN A23";"N#CC(C#N)=Cc1ccc(O)c(O)c1";"Ki";"";"";"";"";"";"Inhibition < 50% @ 10 uM and thus dose-reponse curve not measured";"";"";"";"";"";"0";"CHEMBL1909126";"DRUGMATRIX: Chemokine CCR5 radioligand binding (ligand: [125I] MIP-1alpha)";"B";"BAO_0000249";"cell membrane format";"None";"None";"None";"HEK293";"Membrane";"";"";"";"CHEMBL274";"C-C chemokine receptor type 5";"Homo sapiens";"SINGLE PROTEIN";"CHEMBL1909046";"15";"DrugMatrix";"";"";"CHEMBL3307715";"";"";"Not Active";""
"CHEMBL25719";"GERANIOL";"None";"154.25";"0";"2.67";"GERANIOL";"CC(C)=CCC/C(C)=C/CO";"Ki";"";"";"";"";"";"Inhibition < 50% @ 10 uM and thus dose-reponse curve not measured";"";"";"";"";"";"0";"CHEMBL1909126";"DRUGMATRIX: Chemokine CCR5 radioligand binding (ligand: [125I] MIP-1alpha)";"B";"BAO_0000249";"cell membrane format";"None";"None";"None";"HEK293";"Membrane";"";"";"";"CHEMBL274";"C-C chemokine receptor type 5";"Homo sapiens";"SINGLE PROTEIN";"CHEMBL1909046";"15";"DrugMatrix";"";"";"CHEMBL3307715";"";"";"Not Active";""
"CHEMBL628";"PENTOXIFYLLINE";"4.0";"278.31";"0";"0.19";"PENTOXIFYLLINE";"CC(=O)CCCCn1c(=O)c2c(ncn2C)n(C)c1=O";"Ki";"";"";"";"";"";"Inhibition < 50% @ 10 uM and thus dose-reponse curve not measured";"";"";"";"";"";"0";"CHEMBL1909126";"DRUGMATRIX: Chemokine CCR5 radioligand binding (ligand: [125I] MIP-1alpha)";"B";"BAO_0000249";"cell membrane format";"None";"None";"None";"HEK293";"Membrane";"";"";"";"CHEMBL274";"C-C chemokine receptor type 5";"Homo sapiens";"SINGLE PROTEIN";"CHEMBL1909046";"15";"DrugMatrix";"";"";"CHEMBL3307715";"";"";"Not Active";""
"CHEMBL415324";"TRANILAST";"3.0";"327.34";"0";"3.05";"TRANILAST";"COc1ccc(/C=C/C(=O)Nc2ccccc2C(=O)O)cc1OC";"Ki";"";"";"";"";"";"Inhibition < 50% @ 10 uM and thus dose-reponse curve not measured";"";"";"";"";"";"0";"CHEMBL1909126";"DRUGMATRIX: Chemokine CCR5 radioligand binding (ligand: [125I] MIP-1alpha)";"B";"BAO_0000249";"cell membrane format";"None";"None";"None";"HEK293";"Membrane";"";"";"";"CHEMBL274";"C-C chemokine receptor type 5";"Homo sapiens";"SINGLE PROTEIN";"CHEMBL1909046";"15";"DrugMatrix";"";"";"CHEMBL3307715";"";"";"Not Active";""
"CHEMBL828";"PHENOTHIAZINE";"2.0";"199.28";"0";"3.89";"PHENOTHIAZINE";"c1ccc2c(c1)Nc1ccccc1S2";"Ki";"";"";"";"";"";"Inhibition < 50% @ 10 uM and thus dose-reponse curve not measured";"";"";"";"";"";"0";"CHEMBL1909126";"DRUGMATRIX: Chemokine CCR5 radioligand binding (ligand: [125I] MIP-1alpha)";"B";"BAO_0000249";"cell membrane format";"None";"None";"None";"HEK293";"Membrane";"";"";"";"CHEMBL274";"C-C chemokine receptor type 5";"Homo sapiens";"SINGLE PROTEIN";"CHEMBL1909046";"15";"DrugMatrix";"";"";"CHEMBL3307715";"";"";"Not Active";""
"CHEMBL44";"GENISTEIN";"2.0";"270.24";"0";"2.58";"GENISTEIN";"O=c1c(-c2ccc(O)cc2)coc2cc(O)cc(O)c12";"Ki";"";"";"";"";"";"Inhibition < 50% @ 10 uM and thus dose-reponse curve not measured";"";"";"";"";"";"0";"CHEMBL1909126";"DRUGMATRIX: Chemokine CCR5 radioligand binding (ligand: [125I] MIP-1alpha)";"B";"BAO_0000249";"cell membrane format";"None";"None";"None";"HEK293";"Membrane";"";"";"";"CHEMBL274";"C-C chemokine receptor type 5";"Homo sapiens";"SINGLE PROTEIN";"CHEMBL1909046";"15";"DrugMatrix";"";"";"CHEMBL3307715";"";"";"Not Active";""
"CHEMBL726";"FLUPHENAZINE";"4.0";"437.53";"0";"4.31";"FLUPHENAZINE";"OCCN1CCN(CCCN2c3ccccc3Sc3ccc(C(F)(F)F)cc32)CC1";"Ki";"";"";"";"";"";"Inhibition < 50% @ 10 uM and thus dose-reponse curve not measured";"";"";"";"";"";"0";"CHEMBL1909126";"DRUGMATRIX: Chemokine CCR5 radioligand binding (ligand: [125I] MIP-1alpha)";"B";"BAO_0000249";"cell membrane format";"None";"None";"None";"HEK293";"Membrane";"";"";"";"CHEMBL274";"C-C chemokine receptor type 5";"Homo sapiens";"SINGLE PROTEIN";"CHEMBL1909046";"15";"DrugMatrix";"";"";"CHEMBL3307715";"";"";"Not Active";""
"CHEMBL50588";"EMETINE";"4.0";"480.65";"0";"4.94";"EMETINE";"CC[C@H]1CN2CCc3cc(OC)c(OC)cc3[C@@H]2C[C@@H]1C[C@H]1NCCc2cc(OC)c(OC)cc21";"Ki";"";"";"";"";"";"Inhibition < 50% @ 10 uM and thus dose-reponse curve not measured";"";"";"";"";"";"0";"CHEMBL1909126";"DRUGMATRIX: Chemokine CCR5 radioligand binding (ligand: [125I] MIP-1alpha)";"B";"BAO_0000249";"cell membrane format";"None";"None";"None";"HEK293";"Membrane";"";"";"";"CHEMBL274";"C-C chemokine receptor type 5";"Homo sapiens";"SINGLE PROTEIN";"CHEMBL1909046";"15";"DrugMatrix";"";"";"CHEMBL3307715";"";"";"Not Active";""
"CHEMBL1536";"ERGOCALCIFEROL";"4.0";"396.66";"1";"7.64";"ERGOCALCIFEROL";"C=C1CC[C@H](O)C/C1=C/C=C1\CCC[C@]2(C)[C@@H]([C@H](C)/C=C/[C@H](C)C(C)C)CC[C@@H]12";"Ki";"";"";"";"";"";"Inhibition < 50% @ 10 uM and thus dose-reponse curve not measured";"";"";"";"";"";"0";"CHEMBL1909126";"DRUGMATRIX: Chemokine CCR5 radioligand binding (ligand: [125I] MIP-1alpha)";"B";"BAO_0000249";"cell membrane format";"None";"None";"None";"HEK293";"Membrane";"";"";"";"CHEMBL274";"C-C chemokine receptor type 5";"Homo sapiens";"SINGLE PROTEIN";"CHEMBL1909046";"15";"DrugMatrix";"";"";"CHEMBL3307715";"";"";"Not Active";""
"CHEMBL428647";"PACLITAXEL";"4.0";"853.92";"2";"3.74";"Paclitaxol";"CC(=O)O[C@H]1C(=O)[C@@]2(C)[C@H]([C@H](OC(=O)c3ccccc3)[C@]3(O)C[C@H](OC(=O)[C@H](O)[C@@H](NC(=O)c4ccccc4)c4ccccc4)C(C)=C1C3(C)C)[C@]1(OC(C)=O)CO[C@@H]1C[C@@H]2O";"Ki";"";"";"";"";"";"Inhibition < 50% @ 10 uM and thus dose-reponse curve not measured";"";"";"";"";"";"0";"CHEMBL1909126";"DRUGMATRIX: Chemokine CCR5 radioligand binding (ligand: [125I] MIP-1alpha)";"B";"BAO_0000249";"cell membrane format";"None";"None";"None";"HEK293";"Membrane";"";"";"";"CHEMBL274";"C-C chemokine receptor type 5";"Homo sapiens";"SINGLE PROTEIN";"CHEMBL1909046";"15";"DrugMatrix";"";"";"CHEMBL3307715";"";"";"Not Active";""
"CHEMBL54440";"MEVASTATIN";"2.0";"390.52";"0";"3.95";"MEVASTATIN";"CC[C@H](C)C(=O)O[C@H]1CCC=C2C=C[C@H](C)[C@H](CC[C@@H]3C[C@@H](O)CC(=O)O3)[C@H]21";"Ki";"";"";"";"";"";"Inhibition < 50% @ 10 uM and thus dose-reponse curve not measured";"";"";"";"";"";"0";"CHEMBL1909126";"DRUGMATRIX: Chemokine CCR5 radioligand binding (ligand: [125I] MIP-1alpha)";"B";"BAO_0000249";"cell membrane format";"None";"None";"None";"HEK293";"Membrane";"";"";"";"CHEMBL274";"C-C chemokine receptor type 5";"Homo sapiens";"SINGLE PROTEIN";"CHEMBL1909046";"15";"DrugMatrix";"";"";"CHEMBL3307715";"";"";"Not Active";""
"CHEMBL1200391";"TROMETHAMINE";"4.0";"121.14";"0";"-2.34";"TROMETHAMINE";"NC(CO)(CO)CO";"Ki";"";"";"";"";"";"Inhibition < 50% @ 10 uM and thus dose-reponse curve not measured";"";"";"";"";"";"0";"CHEMBL1909126";"DRUGMATRIX: Chemokine CCR5 radioligand binding (ligand: [125I] MIP-1alpha)";"B";"BAO_0000249";"cell membrane format";"None";"None";"None";"HEK293";"Membrane";"";"";"";"CHEMBL274";"C-C chemokine receptor type 5";"Homo sapiens";"SINGLE PROTEIN";"CHEMBL1909046";"15";"DrugMatrix";"";"";"CHEMBL3307715";"";"";"Not Active";""
"CHEMBL127";"MEROPENEM";"4.0";"383.47";"0";"-0.31";"MEROPENEM";"C[C@@H](O)[C@H]1C(=O)N2C(C(=O)O)=C(S[C@@H]3CN[C@H](C(=O)N(C)C)C3)[C@H](C)[C@H]12";"Ki";"";"";"";"";"";"Inhibition < 50% @ 10 uM and thus dose-reponse curve not measured";"";"";"";"";"";"0";"CHEMBL1909126";"DRUGMATRIX: Chemokine CCR5 radioligand binding (ligand: [125I] MIP-1alpha)";"B";"BAO_0000249";"cell membrane format";"None";"None";"None";"HEK293";"Membrane";"";"";"";"CHEMBL274";"C-C chemokine receptor type 5";"Homo sapiens";"SINGLE PROTEIN";"CHEMBL1909046";"15";"DrugMatrix";"";"";"CHEMBL3307715";"";"";"Not Active";""
"CHEMBL139";"DICLOFENAC";"4.0";"296.15";"0";"4.36";"DICLOFENAC";"O=C(O)Cc1ccccc1Nc1c(Cl)cccc1Cl";"Ki";"";"";"";"";"";"Inhibition < 50% @ 10 uM and thus dose-reponse curve not measured";"";"";"";"";"";"0";"CHEMBL1909126";"DRUGMATRIX: Chemokine CCR5 radioligand binding (ligand: [125I] MIP-1alpha)";"B";"BAO_0000249";"cell membrane format";"None";"None";"None";"HEK293";"Membrane";"";"";"";"CHEMBL274";"C-C chemokine receptor type 5";"Homo sapiens";"SINGLE PROTEIN";"CHEMBL1909046";"15";"DrugMatrix";"";"";"CHEMBL3307715";"";"";"Not Active";""
"CHEMBL1201346";"BALSALAZIDE";"4.0";"357.32";"0";"2.71";"BALSALAZIDE";"O=C(O)CCNC(=O)c1ccc(/N=N/c2ccc(O)c(C(=O)O)c2)cc1";"Ki";"";"";"";"";"";"Inhibition < 50% @ 10 uM and thus dose-reponse curve not measured";"";"";"";"";"";"0";"CHEMBL1909126";"DRUGMATRIX: Chemokine CCR5 radioligand binding (ligand: [125I] MIP-1alpha)";"B";"BAO_0000249";"cell membrane format";"None";"None";"None";"HEK293";"Membrane";"";"";"";"CHEMBL274";"C-C chemokine receptor type 5";"Homo sapiens";"SINGLE PROTEIN";"CHEMBL1909046";"15";"DrugMatrix";"";"";"CHEMBL3307715";"";"";"Not Active";""
"CHEMBL614";"PYRAZINAMIDE";"4.0";"123.11";"0";"-0.42";"PYRAZINAMIDE";"NC(=O)c1cnccn1";"Ki";"";"";"";"";"";"Inhibition < 50% @ 10 uM and thus dose-reponse curve not measured";"";"";"";"";"";"0";"CHEMBL1909126";"DRUGMATRIX: Chemokine CCR5 radioligand binding (ligand: [125I] MIP-1alpha)";"B";"BAO_0000249";"cell membrane format";"None";"None";"None";"HEK293";"Membrane";"";"";"";"CHEMBL274";"C-C chemokine receptor type 5";"Homo sapiens";"SINGLE PROTEIN";"CHEMBL1909046";"15";"DrugMatrix";"";"";"CHEMBL3307715";"";"";"Not Active";""
"CHEMBL975";"MESNA";"4.0";"164.18";"0";"-0.20";"MESNA";"O=S(=O)([O-])CCS.[Na+]";"Ki";"";"";"";"";"";"Inhibition < 50% @ 10 uM and thus dose-reponse curve not measured";"";"";"";"";"";"0";"CHEMBL1909126";"DRUGMATRIX: Chemokine CCR5 radioligand binding (ligand: [125I] MIP-1alpha)";"B";"BAO_0000249";"cell membrane format";"None";"None";"None";"HEK293";"Membrane";"";"";"";"CHEMBL274";"C-C chemokine receptor type 5";"Homo sapiens";"SINGLE PROTEIN";"CHEMBL1909046";"15";"DrugMatrix";"";"";"CHEMBL3307715";"";"";"Not Active";""
"CHEMBL1370";"BUDESONIDE";"4.0";"430.54";"0";"2.72";"BUDESONIDE";"CCCC1O[C@@H]2C[C@H]3[C@@H]4CCC5=CC(=O)C=C[C@]5(C)[C@H]4[C@@H](O)C[C@]3(C)[C@]2(C(=O)CO)O1";"Ki";"";"";"";"";"";"Inhibition < 50% @ 10 uM and thus dose-reponse curve not measured";"";"";"";"";"";"0";"CHEMBL1909126";"DRUGMATRIX: Chemokine CCR5 radioligand binding (ligand: [125I] MIP-1alpha)";"B";"BAO_0000249";"cell membrane format";"None";"None";"None";"HEK293";"Membrane";"";"";"";"CHEMBL274";"C-C chemokine receptor type 5";"Homo sapiens";"SINGLE PROTEIN";"CHEMBL1909046";"15";"DrugMatrix";"";"";"CHEMBL3307715";"";"";"Not Active";""
"CHEMBL11359";"CISPLATIN";"4.0";"300.05";"None";"None";"CISPLATIN";"";"Ki";"";"";"";"";"";"Inhibition < 50% @ 10 uM and thus dose-reponse curve not measured";"";"";"";"";"";"0";"CHEMBL1909126";"DRUGMATRIX: Chemokine CCR5 radioligand binding (ligand: [125I] MIP-1alpha)";"B";"BAO_0000249";"cell membrane format";"None";"None";"None";"HEK293";"Membrane";"";"";"";"CHEMBL274";"C-C chemokine receptor type 5";"Homo sapiens";"SINGLE PROTEIN";"CHEMBL1909046";"15";"DrugMatrix";"";"";"CHEMBL3307715";"";"";"Not Active";""
"CHEMBL1200656";"NATAMYCIN";"4.0";"665.73";"3";"0.12";"Natamycin";"C[C@@H]1C/C=C/C=C/C=C/C=C/[C@H](O[C@@H]2O[C@H](C)[C@@H](O)[C@H](N)[C@@H]2O)C[C@@H]2O[C@](O)(C[C@@H](O)C[C@H]3O[C@@H]3/C=C/C(=O)O1)C[C@H](O)[C@H]2C(=O)O";"Ki";"";"";"";"";"";"Inhibition < 50% @ 10 uM and thus dose-reponse curve not measured";"";"";"";"";"";"0";"CHEMBL1909126";"DRUGMATRIX: Chemokine CCR5 radioligand binding (ligand: [125I] MIP-1alpha)";"B";"BAO_0000249";"cell membrane format";"None";"None";"None";"HEK293";"Membrane";"";"";"";"CHEMBL274";"C-C chemokine receptor type 5";"Homo sapiens";"SINGLE PROTEIN";"CHEMBL1909046";"15";"DrugMatrix";"";"";"CHEMBL3307715";"";"";"Not Active";""
"CHEMBL337820";"";"None";"571.61";"2";"5.89";"19";"Cc1nc(C(F)(F)F)nc(C)c1C(=O)N1CCC(C)(N2CCN([C@@H](C)c3ccc(C(F)(F)F)cc3)[C@@H](C)C2)CC1";"Ki";"'='";"10.0";"nM";"8.00";"";"";"UO_0000065";"14.00";"0.27";"2.11";"15.22";"1";"CHEMBL649953";"Ability to inhibit [125I]-labeled RANTES binding to the CCR5 receptor expressed in membrane preparations from CHO cells";"B";"BAO_0000219";"cell-based format";"None";"None";"None";"CHO";"None";"";"";"";"CHEMBL274";"C-C chemokine receptor type 5";"Homo sapiens";"SINGLE PROTEIN";"CHEMBL1136572";"1";"Scientific Literature";"Bioorg Med Chem Lett";"2003";"CHEMBL3308072";"";"";"";"10.0"
"CHEMBL115487";"";"None";"501.64";"2";"6.08";"16";"Cc1cccc(C)c1C(=O)N1CCC(C)(N2CCN([C@@H](C)c3ccc(C(F)(F)F)cc3)[C@@H](C)C2)CC1";"Ki";"'='";"7.0";"nM";"8.15";"";"";"UO_0000065";"16.26";"0.31";"2.07";"30.44";"0";"CHEMBL649956";"Binding affinity towards C-C chemokine receptor type 5";"B";"BAO_0000357";"single protein format";"None";"None";"None";"None";"None";"";"";"";"CHEMBL274";"C-C chemokine receptor type 5";"Homo sapiens";"SINGLE PROTEIN";"CHEMBL1134622";"1";"Scientific Literature";"J Med Chem";"2001";"None";"";"";"";"7.0"
"CHEMBL263555";"";"None";"517.64";"2";"5.26";"12";"CC[C@@H](c1ccc(C(F)(F)F)cc1)N1CCN(C2(C)CCN(C(=O)c3c(C)ncnc3C)CC2)C[C@@H]1C";"Ki";"'='";"5.2";"nM";"8.28";"";"";"UO_0000065";"";"";"";"";"0";"CHEMBL649943";"Antagonistic activity against C-C chemokine receptor type 5";"F";"BAO_0000019";"assay format";"None";"None";"None";"None";"None";"";"";"";"CHEMBL274";"C-C chemokine receptor type 5";"Homo sapiens";"SINGLE PROTEIN";"CHEMBL1148299";"1";"Scientific Literature";"J Med Chem";"2004";"None";"";"";"";"5.2"
"CHEMBL1977579";"STREPTOZOCIN";"4.0";"265.22";"0";"-3.05";"STREPTOZOTOCIN";"CN(N=O)C(=O)N[C@@H](C=O)[C@@H](O)[C@H](O)[C@H](O)CO";"Ki";"";"";"";"";"";"Inhibition < 50% @ 10 uM and thus dose-reponse curve not measured";"";"";"";"";"";"0";"CHEMBL1909126";"DRUGMATRIX: Chemokine CCR5 radioligand binding (ligand: [125I] MIP-1alpha)";"B";"BAO_0000249";"cell membrane format";"None";"None";"None";"HEK293";"Membrane";"";"";"";"CHEMBL274";"C-C chemokine receptor type 5";"Homo sapiens";"SINGLE PROTEIN";"CHEMBL1909046";"15";"DrugMatrix";"";"";"CHEMBL3307715";"";"";"Not Active";""
"CHEMBL1515";"METHIMAZOLE";"4.0";"114.17";"0";"0.71";"METHIMAZOLE";"Cn1ccnc1S";"Ki";"";"";"";"";"";"Inhibition < 50% @ 10 uM and thus dose-reponse curve not measured";"";"";"";"";"";"0";"CHEMBL1909126";"DRUGMATRIX: Chemokine CCR5 radioligand binding (ligand: [125I] MIP-1alpha)";"B";"BAO_0000249";"cell membrane format";"None";"None";"None";"HEK293";"Membrane";"";"";"";"CHEMBL274";"C-C chemokine receptor type 5";"Homo sapiens";"SINGLE PROTEIN";"CHEMBL1909046";"15";"DrugMatrix";"";"";"CHEMBL3307715";"";"";"Not Active";""
"CHEMBL140418";"";"None";"588.62";"2";"5.73";"17i";"CCO/N=C(/c1ccc(Br)cc1)C1CCN(C2(C)CCN(C(=O)c3c(C)nc(SC)nc3C)CC2)CC1";"Ki";"'='";"1.3";"nM";"8.89";"";"";"UO_0000065";"15.10";"0.33";"3.16";"12.53";"1";"CHEMBL650119";"Inhibition of [125I]RANTES binding to CCR5 receptor.";"B";"BAO_0000357";"single protein format";"None";"None";"None";"None";"None";"";"";"";"CHEMBL274";"C-C chemokine receptor type 5";"Homo sapiens";"SINGLE PROTEIN";"CHEMBL1136595";"1";"Scientific Literature";"Bioorg Med Chem Lett";"2003";"None";"";"";"";"1.3"
"CHEMBL809";"SERTRALINE";"4.0";"306.24";"1";"5.18";"SERTRALINE";"CN[C@H]1CC[C@@H](c2ccc(Cl)c(Cl)c2)c2ccccc21";"Ki";"";"";"";"";"";"Inhibition < 50% @ 10 uM and thus dose-reponse curve not measured";"";"";"";"";"";"0";"CHEMBL1909126";"DRUGMATRIX: Chemokine CCR5 radioligand binding (ligand: [125I] MIP-1alpha)";"B";"BAO_0000249";"cell membrane format";"None";"None";"None";"HEK293";"Membrane";"";"";"";"CHEMBL274";"C-C chemokine receptor type 5";"Homo sapiens";"SINGLE PROTEIN";"CHEMBL1909046";"15";"DrugMatrix";"";"";"CHEMBL3307715";"";"";"Not Active";""
"CHEMBL331140";"";"None";"540.55";"2";"6.21";"19";"CCO/N=C(/c1ccc(Br)cc1)C1CCN(C2(C)CCN(C(=O)c3c(C)cccc3C)CC2)CC1";"Ki";"'='";"48.0";"nM";"7.32";"";"";"UO_0000065";"13.54";"0.29";"1.11";"16.21";"0";"CHEMBL649944";"Inhibition of RANTES binding to C-C chemokine receptor type 5";"B";"BAO_0000357";"single protein format";"None";"None";"None";"None";"None";"";"";"";"CHEMBL274";"C-C chemokine receptor type 5";"Homo sapiens";"SINGLE PROTEIN";"CHEMBL1134621";"1";"Scientific Literature";"J Med Chem";"2001";"None";"";"";"";"48.0"
"CHEMBL273348";"TOSUFLOXACIN";"2.0";"404.35";"0";"2.04";"TOSUFLOXACIN";"NC1CCN(c2nc3c(cc2F)c(=O)c(C(=O)O)cn3-c2ccc(F)cc2F)C1";"Ki";"";"";"";"";"";"Inhibition < 50% @ 10 uM and thus dose-reponse curve not measured";"";"";"";"";"";"0";"CHEMBL1909126";"DRUGMATRIX: Chemokine CCR5 radioligand binding (ligand: [125I] MIP-1alpha)";"B";"BAO_0000249";"cell membrane format";"None";"None";"None";"HEK293";"Membrane";"";"";"";"CHEMBL274";"C-C chemokine receptor type 5";"Homo sapiens";"SINGLE PROTEIN";"CHEMBL1909046";"15";"DrugMatrix";"";"";"CHEMBL3307715";"";"";"Not Active";""
"CHEMBL571";"KETOPROFEN";"4.0";"254.29";"0";"3.11";"KETOPROFEN";"CC(C(=O)O)c1cccc(C(=O)c2ccccc2)c1";"Ki";"";"";"";"";"";"Inhibition < 50% @ 10 uM and thus dose-reponse curve not measured";"";"";"";"";"";"0";"CHEMBL1909126";"DRUGMATRIX: Chemokine CCR5 radioligand binding (ligand: [125I] MIP-1alpha)";"B";"BAO_0000249";"cell membrane format";"None";"None";"None";"HEK293";"Membrane";"";"";"";"CHEMBL274";"C-C chemokine receptor type 5";"Homo sapiens";"SINGLE PROTEIN";"CHEMBL1909046";"15";"DrugMatrix";"";"";"CHEMBL3307715";"";"";"Not Active";""
"CHEMBL1172";"DESLORATADINE";"4.0";"310.83";"0";"4.02";"DESLORATADINE";"Clc1ccc2c(c1)CCc1cccnc1C2=C1CCNCC1";"Ki";"";"";"";"";"";"Inhibition < 50% @ 10 uM and thus dose-reponse curve not measured";"";"";"";"";"";"0";"CHEMBL1909126";"DRUGMATRIX: Chemokine CCR5 radioligand binding (ligand: [125I] MIP-1alpha)";"B";"BAO_0000249";"cell membrane format";"None";"None";"None";"HEK293";"Membrane";"";"";"";"CHEMBL274";"C-C chemokine receptor type 5";"Homo sapiens";"SINGLE PROTEIN";"CHEMBL1909046";"15";"DrugMatrix";"";"";"CHEMBL3307715";"";"";"Not Active";""
"CHEMBL46";"ONDANSETRON";"4.0";"293.37";"0";"3.13";"ONDANSETRON";"Cc1nccn1CC1CCc2c(c3ccccc3n2C)C1=O";"Ki";"";"";"";"";"";"Inhibition < 50% @ 10 uM and thus dose-reponse curve not measured";"";"";"";"";"";"0";"CHEMBL1909126";"DRUGMATRIX: Chemokine CCR5 radioligand binding (ligand: [125I] MIP-1alpha)";"B";"BAO_0000249";"cell membrane format";"None";"None";"None";"HEK293";"Membrane";"";"";"";"CHEMBL274";"C-C chemokine receptor type 5";"Homo sapiens";"SINGLE PROTEIN";"CHEMBL1909046";"15";"DrugMatrix";"";"";"CHEMBL3307715";"";"";"Not Active";""
"CHEMBL584";"NELFINAVIR";"4.0";"567.80";"1";"4.75";"NELFINAVIR";"Cc1c(O)cccc1C(=O)N[C@@H](CSc1ccccc1)[C@H](O)CN1C[C@H]2CCCC[C@H]2C[C@H]1C(=O)NC(C)(C)C";"Ki";"";"";"";"";"";"Inhibition < 50% @ 10 uM and thus dose-reponse curve not measured";"";"";"";"";"";"0";"CHEMBL1909126";"DRUGMATRIX: Chemokine CCR5 radioligand binding (ligand: [125I] MIP-1alpha)";"B";"BAO_0000249";"cell membrane format";"None";"None";"None";"HEK293";"Membrane";"";"";"";"CHEMBL274";"C-C chemokine receptor type 5";"Homo sapiens";"SINGLE PROTEIN";"CHEMBL1909046";"15";"DrugMatrix";"";"";"CHEMBL3307715";"";"";"Not Active";""
"CHEMBL53463";"DOXORUBICIN";"4.0";"543.53";"3";"0.00";"Doxorubicin";"COc1cccc2c1C(=O)c1c(O)c3c(c(O)c1C2=O)C[C@@](O)(C(=O)CO)C[C@@H]3O[C@H]1C[C@H](N)[C@H](O)[C@H](C)O1";"Ki";"";"";"";"";"";"Inhibition < 50% @ 10 uM and thus dose-reponse curve not measured";"";"";"";"";"";"0";"CHEMBL1909126";"DRUGMATRIX: Chemokine CCR5 radioligand binding (ligand: [125I] MIP-1alpha)";"B";"BAO_0000249";"cell membrane format";"None";"None";"None";"HEK293";"Membrane";"";"";"";"CHEMBL274";"C-C chemokine receptor type 5";"Homo sapiens";"SINGLE PROTEIN";"CHEMBL1909046";"15";"DrugMatrix";"";"";"CHEMBL3307715";"";"";"Not Active";""
"CHEMBL1535";"HYDROXYCHLOROQUINE";"4.0";"335.88";"0";"3.78";"HYDROXYCHLOROQUINE";"CCN(CCO)CCCC(C)Nc1ccnc2cc(Cl)ccc12";"Ki";"";"";"";"";"";"Inhibition < 50% @ 10 uM and thus dose-reponse curve not measured";"";"";"";"";"";"0";"CHEMBL1909126";"DRUGMATRIX: Chemokine CCR5 radioligand binding (ligand: [125I] MIP-1alpha)";"B";"BAO_0000249";"cell membrane format";"None";"None";"None";"HEK293";"Membrane";"";"";"";"CHEMBL274";"C-C chemokine receptor type 5";"Homo sapiens";"SINGLE PROTEIN";"CHEMBL1909046";"15";"DrugMatrix";"";"";"CHEMBL3307715";"";"";"Not Active";""
"CHEMBL1057";"FLUORESCEIN";"4.0";"332.31";"0";"3.67";"FLUORESCEIN";"O=C1OC2(c3ccc(O)cc3Oc3cc(O)ccc32)c2ccccc21";"Ki";"";"";"";"";"";"Inhibition < 50% @ 10 uM and thus dose-reponse curve not measured";"";"";"";"";"";"0";"CHEMBL1909126";"DRUGMATRIX: Chemokine CCR5 radioligand binding (ligand: [125I] MIP-1alpha)";"B";"BAO_0000249";"cell membrane format";"None";"None";"None";"HEK293";"Membrane";"";"";"";"CHEMBL274";"C-C chemokine receptor type 5";"Homo sapiens";"SINGLE PROTEIN";"CHEMBL1909046";"15";"DrugMatrix";"";"";"CHEMBL3307715";"";"";"Not Active";""
"CHEMBL407030";"";"None";"1281.13";"None";"None";"GAMMA-CYCLODEXTRIN";"OC[C@H]1OC2C3[C@@H](CO)OC(O[C@H]4[C@H](O)[C@@H](O)[C@@H](O[C@H]5[C@H](O)[C@@H](O)[C@@H](O[C@H]6[C@H](O)[C@@H](O)[C@@H](O[C@H]7[C@H](O)[C@@H](O)[C@@H](O[C@H]8[C@H](O)[C@@H](O)[C@@H](O[C@H]9[C@H](O)[C@@H](O)C(OC1[C@H](O)[C@H]2O)O[C@@H]9CO)O[C@@H]8CO)O[C@@H]7CO)O[C@@H]6CO)O[C@@H]5CO)O[C@@H]4CO)[C@H](O)[C@H]3O";"Ki";"";"";"";"";"";"Inhibition < 50% @ 10 uM and thus dose-reponse curve not measured";"";"";"";"";"";"0";"CHEMBL1909126";"DRUGMATRIX: Chemokine CCR5 radioligand binding (ligand: [125I] MIP-1alpha)";"B";"BAO_0000249";"cell membrane format";"None";"None";"None";"HEK293";"Membrane";"";"";"";"CHEMBL274";"C-C chemokine receptor type 5";"Homo sapiens";"SINGLE PROTEIN";"CHEMBL1909046";"15";"DrugMatrix";"";"";"CHEMBL3307715";"";"";"Not Active";""
"CHEMBL21731";"MAPROTILINE";"4.0";"277.41";"0";"4.21";"MAPROTILINE";"CNCCCC12CCC(c3ccccc31)c1ccccc12";"Ki";"";"";"";"";"";"Inhibition < 50% @ 10 uM and thus dose-reponse curve not measured";"";"";"";"";"";"0";"CHEMBL1909126";"DRUGMATRIX: Chemokine CCR5 radioligand binding (ligand: [125I] MIP-1alpha)";"B";"BAO_0000249";"cell membrane format";"None";"None";"None";"HEK293";"Membrane";"";"";"";"CHEMBL274";"C-C chemokine receptor type 5";"Homo sapiens";"SINGLE PROTEIN";"CHEMBL1909046";"15";"DrugMatrix";"";"";"CHEMBL3307715";"";"";"Not Active";""
"CHEMBL179166";"SODIUM ORTHOVANAD";"None";"183.91";"None";"None";"SODIUM ORTHOVANADATE";"";"Ki";"";"";"";"";"";"Inhibition < 50% @ 10 uM and thus dose-reponse curve not measured";"";"";"";"";"";"0";"CHEMBL1909126";"DRUGMATRIX: Chemokine CCR5 radioligand binding (ligand: [125I] MIP-1alpha)";"B";"BAO_0000249";"cell membrane format";"None";"None";"None";"HEK293";"Membrane";"";"";"";"CHEMBL274";"C-C chemokine receptor type 5";"Homo sapiens";"SINGLE PROTEIN";"CHEMBL1909046";"15";"DrugMatrix";"";"";"CHEMBL3307715";"";"";"Not Active";""
"CHEMBL1214185";"ROXITHROMYCIN";"3.0";"837.06";"2";"2.21";"ROXITHROMYCIN";"CC[C@H]1OC(=O)[C@H](C)[C@@H](O[C@H]2C[C@@](C)(OC)[C@@H](O)[C@H](C)O2)[C@H](C)[C@@H](O[C@@H]2O[C@H](C)C[C@H](N(C)C)[C@H]2O)[C@](C)(O)C[C@@H](C)/C(=N\OCOCCOC)[C@H](C)[C@@H](O)[C@]1(C)O";"Ki";"";"";"";"";"";"Inhibition < 50% @ 10 uM and thus dose-reponse curve not measured";"";"";"";"";"";"0";"CHEMBL1909126";"DRUGMATRIX: Chemokine CCR5 radioligand binding (ligand: [125I] MIP-1alpha)";"B";"BAO_0000249";"cell membrane format";"None";"None";"None";"HEK293";"Membrane";"";"";"";"CHEMBL274";"C-C chemokine receptor type 5";"Homo sapiens";"SINGLE PROTEIN";"CHEMBL1909046";"15";"DrugMatrix";"";"";"CHEMBL3307715";"";"";"Not Active";""
"CHEMBL364713";"NOSCAPINE";"2.0";"413.43";"0";"2.88";"NOSCAPINE";"COc1ccc2c(c1OC)C(=O)O[C@@H]2[C@H]1c2c(cc3c(c2OC)OCO3)CCN1C";"Ki";"";"";"";"";"";"Inhibition < 50% @ 10 uM and thus dose-reponse curve not measured";"";"";"";"";"";"0";"CHEMBL1909126";"DRUGMATRIX: Chemokine CCR5 radioligand binding (ligand: [125I] MIP-1alpha)";"B";"BAO_0000249";"cell membrane format";"None";"None";"None";"HEK293";"Membrane";"";"";"";"CHEMBL274";"C-C chemokine receptor type 5";"Homo sapiens";"SINGLE PROTEIN";"CHEMBL1909046";"15";"DrugMatrix";"";"";"CHEMBL3307715";"";"";"Not Active";""
"CHEMBL923";"RISEDRONIC ACID";"4.0";"283.11";"0";"-0.37";"RISEDRONIC ACID";"O=P(O)(O)C(O)(Cc1cccnc1)P(=O)(O)O";"Ki";"";"";"";"";"";"Inhibition < 50% @ 10 uM and thus dose-reponse curve not measured";"";"";"";"";"";"0";"CHEMBL1909126";"DRUGMATRIX: Chemokine CCR5 radioligand binding (ligand: [125I] MIP-1alpha)";"B";"BAO_0000249";"cell membrane format";"None";"None";"None";"HEK293";"Membrane";"";"";"";"CHEMBL274";"C-C chemokine receptor type 5";"Homo sapiens";"SINGLE PROTEIN";"CHEMBL1909046";"15";"DrugMatrix";"";"";"CHEMBL3307715";"";"";"Not Active";""
"CHEMBL959";"RIMANTADINE";"4.0";"179.31";"0";"2.55";"RIMANTADINE";"CC(N)C12CC3CC(CC(C3)C1)C2";"Ki";"";"";"";"";"";"Inhibition < 50% @ 10 uM and thus dose-reponse curve not measured";"";"";"";"";"";"0";"CHEMBL1909126";"DRUGMATRIX: Chemokine CCR5 radioligand binding (ligand: [125I] MIP-1alpha)";"B";"BAO_0000249";"cell membrane format";"None";"None";"None";"HEK293";"Membrane";"";"";"";"CHEMBL274";"C-C chemokine receptor type 5";"Homo sapiens";"SINGLE PROTEIN";"CHEMBL1909046";"15";"DrugMatrix";"";"";"CHEMBL3307715";"";"";"Not Active";""
"CHEMBL850";"SPARFLOXACIN";"4.0";"392.41";"0";"2.08";"SPARFLOXACIN";"C[C@@H]1CN(c2c(F)c(N)c3c(=O)c(C(=O)O)cn(C4CC4)c3c2F)C[C@H](C)N1";"Ki";"";"";"";"";"";"Inhibition < 50% @ 10 uM and thus dose-reponse curve not measured";"";"";"";"";"";"0";"CHEMBL1909126";"DRUGMATRIX: Chemokine CCR5 radioligand binding (ligand: [125I] MIP-1alpha)";"B";"BAO_0000249";"cell membrane format";"None";"None";"None";"HEK293";"Membrane";"";"";"";"CHEMBL274";"C-C chemokine receptor type 5";"Homo sapiens";"SINGLE PROTEIN";"CHEMBL1909046";"15";"DrugMatrix";"";"";"CHEMBL3307715";"";"";"Not Active";""
"CHEMBL413";"SIROLIMUS";"4.0";"914.19";"3";"6.18";"RAPAMYCIN";"CO[C@H]1C[C@@H]2CC[C@@H](C)[C@@](O)(O2)C(=O)C(=O)N2CCCC[C@H]2C(=O)O[C@H]([C@H](C)C[C@@H]2CC[C@@H](O)[C@H](OC)C2)CC(=O)[C@H](C)/C=C(\C)[C@@H](O)[C@@H](OC)C(=O)[C@H](C)C[C@H](C)/C=C/C=C/C=C/1C";"Ki";"";"";"";"";"";"Inhibition < 50% @ 10 uM and thus dose-reponse curve not measured";"";"";"";"";"";"0";"CHEMBL1909126";"DRUGMATRIX: Chemokine CCR5 radioligand binding (ligand: [125I] MIP-1alpha)";"B";"BAO_0000249";"cell membrane format";"None";"None";"None";"HEK293";"Membrane";"";"";"";"CHEMBL274";"C-C chemokine receptor type 5";"Homo sapiens";"SINGLE PROTEIN";"CHEMBL1909046";"15";"DrugMatrix";"";"";"CHEMBL3307715";"";"";"Not Active";""
"CHEMBL238071";"VINDESINE";"3.0";"753.94";"1";"2.73";"VINDESINE";"CC[C@]1(O)C[C@@H]2CN(CCc3c([nH]c4ccccc34)[C@@](C(=O)OC)(c3cc4c(cc3OC)N(C)[C@H]3[C@@](O)(C(N)=O)[C@H](O)[C@]5(CC)C=CCN6CC[C@]43[C@@H]65)C2)C1";"Ki";"";"";"";"";"";"Inhibition < 50% @ 10 uM and thus dose-reponse curve not measured";"";"";"";"";"";"0";"CHEMBL1909126";"DRUGMATRIX: Chemokine CCR5 radioligand binding (ligand: [125I] MIP-1alpha)";"B";"BAO_0000249";"cell membrane format";"None";"None";"None";"HEK293";"Membrane";"";"";"";"CHEMBL274";"C-C chemokine receptor type 5";"Homo sapiens";"SINGLE PROTEIN";"CHEMBL1909046";"15";"DrugMatrix";"";"";"CHEMBL3307715";"";"";"Not Active";""
"CHEMBL1149";"LEVOCARNITINE";"4.0";"161.20";"0";"-1.81";"LEVOCARNITINE";"C[N+](C)(C)C[C@H](O)CC(=O)[O-]";"Ki";"";"";"";"";"";"Inhibition < 50% @ 10 uM and thus dose-reponse curve not measured";"";"";"";"";"";"0";"CHEMBL1909126";"DRUGMATRIX: Chemokine CCR5 radioligand binding (ligand: [125I] MIP-1alpha)";"B";"BAO_0000249";"cell membrane format";"None";"None";"None";"HEK293";"Membrane";"";"";"";"CHEMBL274";"C-C chemokine receptor type 5";"Homo sapiens";"SINGLE PROTEIN";"CHEMBL1909046";"15";"DrugMatrix";"";"";"CHEMBL3307715";"";"";"Not Active";""
"CHEMBL1231107";"CYROMAZINE";"2.0";"166.19";"0";"-0.39";"CYROMAZINE";"Nc1nc(N)nc(NC2CC2)n1";"Ki";"";"";"";"";"";"Inhibition < 50% @ 10 uM and thus dose-reponse curve not measured";"";"";"";"";"";"0";"CHEMBL1909126";"DRUGMATRIX: Chemokine CCR5 radioligand binding (ligand: [125I] MIP-1alpha)";"B";"BAO_0000249";"cell membrane format";"None";"None";"None";"HEK293";"Membrane";"";"";"";"CHEMBL274";"C-C chemokine receptor type 5";"Homo sapiens";"SINGLE PROTEIN";"CHEMBL1909046";"15";"DrugMatrix";"";"";"CHEMBL3307715";"";"";"Not Active";""
"CHEMBL695";"TRIMETHADIONE";"4.0";"143.14";"0";"0.37";"TRIMETHADIONE";"CN1C(=O)OC(C)(C)C1=O";"Ki";"";"";"";"";"";"Inhibition < 50% @ 10 uM and thus dose-reponse curve not measured";"";"";"";"";"";"0";"CHEMBL1909126";"DRUGMATRIX: Chemokine CCR5 radioligand binding (ligand: [125I] MIP-1alpha)";"B";"BAO_0000249";"cell membrane format";"None";"None";"None";"HEK293";"Membrane";"";"";"";"CHEMBL274";"C-C chemokine receptor type 5";"Homo sapiens";"SINGLE PROTEIN";"CHEMBL1909046";"15";"DrugMatrix";"";"";"CHEMBL3307715";"";"";"Not Active";""
"CHEMBL86";"METOCLOPRAMIDE";"4.0";"299.80";"0";"2.00";"METOCLOPRAMIDE";"CCN(CC)CCNC(=O)c1cc(Cl)c(N)cc1OC";"Ki";"";"";"";"";"";"Inhibition < 50% @ 10 uM and thus dose-reponse curve not measured";"";"";"";"";"";"0";"CHEMBL1909126";"DRUGMATRIX: Chemokine CCR5 radioligand binding (ligand: [125I] MIP-1alpha)";"B";"BAO_0000249";"cell membrane format";"None";"None";"None";"HEK293";"Membrane";"";"";"";"CHEMBL274";"C-C chemokine receptor type 5";"Homo sapiens";"SINGLE PROTEIN";"CHEMBL1909046";"15";"DrugMatrix";"";"";"CHEMBL3307715";"";"";"Not Active";""
"CHEMBL485549";"NIFURSOL";"2.0";"365.21";"0";"1.47";"NIFURSOL";"O=C(N/N=C/c1ccc([N+](=O)[O-])o1)c1cc([N+](=O)[O-])cc([N+](=O)[O-])c1O";"Ki";"";"";"";"";"";"Inhibition < 50% @ 10 uM and thus dose-reponse curve not measured";"";"";"";"";"";"0";"CHEMBL1909126";"DRUGMATRIX: Chemokine CCR5 radioligand binding (ligand: [125I] MIP-1alpha)";"B";"BAO_0000249";"cell membrane format";"None";"None";"None";"HEK293";"Membrane";"";"";"";"CHEMBL274";"C-C chemokine receptor type 5";"Homo sapiens";"SINGLE PROTEIN";"CHEMBL1909046";"15";"DrugMatrix";"";"";"CHEMBL3307715";"";"";"Not Active";""
"CHEMBL84158";"TIAPRIDE";"3.0";"328.43";"0";"1.17";"TIAPRIDE";"CCN(CC)CCNC(=O)c1cc(S(C)(=O)=O)ccc1OC";"Ki";"";"";"";"";"";"Inhibition < 50% @ 10 uM and thus dose-reponse curve not measured";"";"";"";"";"";"0";"CHEMBL1909126";"DRUGMATRIX: Chemokine CCR5 radioligand binding (ligand: [125I] MIP-1alpha)";"B";"BAO_0000249";"cell membrane format";"None";"None";"None";"HEK293";"Membrane";"";"";"";"CHEMBL274";"C-C chemokine receptor type 5";"Homo sapiens";"SINGLE PROTEIN";"CHEMBL1909046";"15";"DrugMatrix";"";"";"CHEMBL3307715";"";"";"Not Active";""
"CHEMBL98350";"LY-294002";"-1.0";"307.35";"0";"3.30";"LY-294002";"O=c1cc(N2CCOCC2)oc2c(-c3ccccc3)cccc12";"Ki";"";"";"";"";"";"Inhibition < 50% @ 10 uM and thus dose-reponse curve not measured";"";"";"";"";"";"0";"CHEMBL1909126";"DRUGMATRIX: Chemokine CCR5 radioligand binding (ligand: [125I] MIP-1alpha)";"B";"BAO_0000249";"cell membrane format";"None";"None";"None";"HEK293";"Membrane";"";"";"";"CHEMBL274";"C-C chemokine receptor type 5";"Homo sapiens";"SINGLE PROTEIN";"CHEMBL1909046";"15";"DrugMatrix";"";"";"CHEMBL3307715";"";"";"Not Active";""
"CHEMBL469";"KETOROLAC";"4.0";"255.27";"0";"2.29";"SID174007295";"O=C(c1ccccc1)c1ccc2n1CCC2C(=O)O";"Ki";"";"";"";"";"";"Inhibition < 50% @ 10 uM and thus dose-reponse curve not measured";"";"";"";"";"";"0";"CHEMBL1909126";"DRUGMATRIX: Chemokine CCR5 radioligand binding (ligand: [125I] MIP-1alpha)";"B";"BAO_0000249";"cell membrane format";"None";"None";"None";"HEK293";"Membrane";"";"";"";"CHEMBL274";"C-C chemokine receptor type 5";"Homo sapiens";"SINGLE PROTEIN";"CHEMBL1909046";"15";"DrugMatrix";"";"";"CHEMBL3307715";"";"";"Not Active";""
"CHEMBL1200545";"DIFLORASONE DIACETATE";"4.0";"494.53";"0";"2.99";"DIFLORASONE DIACETATE";"CC(=O)OCC(=O)[C@@]1(OC(C)=O)[C@@H](C)C[C@H]2[C@@H]3C[C@H](F)C4=CC(=O)C=C[C@]4(C)[C@@]3(F)[C@@H](O)C[C@@]21C";"Ki";"";"";"";"";"";"Inhibition < 50% @ 10 uM and thus dose-reponse curve not measured";"";"";"";"";"";"0";"CHEMBL1909126";"DRUGMATRIX: Chemokine CCR5 radioligand binding (ligand: [125I] MIP-1alpha)";"B";"BAO_0000249";"cell membrane format";"None";"None";"None";"HEK293";"Membrane";"";"";"";"CHEMBL274";"C-C chemokine receptor type 5";"Homo sapiens";"SINGLE PROTEIN";"CHEMBL1909046";"15";"DrugMatrix";"";"";"CHEMBL3307715";"";"";"Not Active";""
"CHEMBL1276308";"MIFEPRISTONE";"4.0";"429.60";"1";"5.41";"MIFEPRISTONE";"CC#C[C@]1(O)CC[C@H]2[C@@H]3CCC4=CC(=O)CCC4=C3[C@@H](c3ccc(N(C)C)cc3)C[C@@]21C";"Ki";"";"";"";"";"";"Inhibition < 50% @ 10 uM and thus dose-reponse curve not measured";"";"";"";"";"";"0";"CHEMBL1909126";"DRUGMATRIX: Chemokine CCR5 radioligand binding (ligand: [125I] MIP-1alpha)";"B";"BAO_0000249";"cell membrane format";"None";"None";"None";"HEK293";"Membrane";"";"";"";"CHEMBL274";"C-C chemokine receptor type 5";"Homo sapiens";"SINGLE PROTEIN";"CHEMBL1909046";"15";"DrugMatrix";"";"";"CHEMBL3307715";"";"";"Not Active";""
"CHEMBL19019";"NALTREXONE";"4.0";"341.41";"0";"1.53";"NALTREXONE";"O=C1CC[C@@]2(O)[C@H]3Cc4ccc(O)c5c4[C@@]2(CCN3CC2CC2)[C@H]1O5";"Ki";"";"";"";"";"";"Inhibition < 50% @ 10 uM and thus dose-reponse curve not measured";"";"";"";"";"";"0";"CHEMBL1909126";"DRUGMATRIX: Chemokine CCR5 radioligand binding (ligand: [125I] MIP-1alpha)";"B";"BAO_0000249";"cell membrane format";"None";"None";"None";"HEK293";"Membrane";"";"";"";"CHEMBL274";"C-C chemokine receptor type 5";"Homo sapiens";"SINGLE PROTEIN";"CHEMBL1909046";"15";"DrugMatrix";"";"";"CHEMBL3307715";"";"";"Not Active";""
"CHEMBL61";"PODOFILOX";"4.0";"414.41";"0";"2.41";"PODOPHYLLOTOXIN";"COc1cc([C@@H]2c3cc4c(cc3[C@H](O)[C@H]3COC(=O)[C@H]23)OCO4)cc(OC)c1OC";"Ki";"";"";"";"";"";"Inhibition < 50% @ 10 uM and thus dose-reponse curve not measured";"";"";"";"";"";"0";"CHEMBL1909126";"DRUGMATRIX: Chemokine CCR5 radioligand binding (ligand: [125I] MIP-1alpha)";"B";"BAO_0000249";"cell membrane format";"None";"None";"None";"HEK293";"Membrane";"";"";"";"CHEMBL274";"C-C chemokine receptor type 5";"Homo sapiens";"SINGLE PROTEIN";"CHEMBL1909046";"15";"DrugMatrix";"";"";"CHEMBL3307715";"";"";"Not Active";""
"CHEMBL629";"AMITRIPTYLINE";"4.0";"277.41";"0";"4.17";"AMITRIPTYLINE";"CN(C)CCC=C1c2ccccc2CCc2ccccc21";"Ki";"";"";"";"";"";"Inhibition < 50% @ 10 uM and thus dose-reponse curve not measured";"";"";"";"";"";"0";"CHEMBL1909126";"DRUGMATRIX: Chemokine CCR5 radioligand binding (ligand: [125I] MIP-1alpha)";"B";"BAO_0000249";"cell membrane format";"None";"None";"None";"HEK293";"Membrane";"";"";"";"CHEMBL274";"C-C chemokine receptor type 5";"Homo sapiens";"SINGLE PROTEIN";"CHEMBL1909046";"15";"DrugMatrix";"";"";"CHEMBL3307715";"";"";"Not Active";""
"CHEMBL189";"MILRINONE";"4.0";"211.22";"0";"1.62";"MILRINONE";"Cc1[nH]c(=O)c(C#N)cc1-c1ccncc1";"Ki";"";"";"";"";"";"Inhibition < 50% @ 10 uM and thus dose-reponse curve not measured";"";"";"";"";"";"0";"CHEMBL1909126";"DRUGMATRIX: Chemokine CCR5 radioligand binding (ligand: [125I] MIP-1alpha)";"B";"BAO_0000249";"cell membrane format";"None";"None";"None";"HEK293";"Membrane";"";"";"";"CHEMBL274";"C-C chemokine receptor type 5";"Homo sapiens";"SINGLE PROTEIN";"CHEMBL1909046";"15";"DrugMatrix";"";"";"CHEMBL3307715";"";"";"Not Active";""
"CHEMBL42710";"EUGENOL";"0.5";"164.20";"0";"2.13";"EUGENOL";"C=CCc1ccc(O)c(OC)c1";"Ki";"";"";"";"";"";"Inhibition < 50% @ 10 uM and thus dose-reponse curve not measured";"";"";"";"";"";"0";"CHEMBL1909126";"DRUGMATRIX: Chemokine CCR5 radioligand binding (ligand: [125I] MIP-1alpha)";"B";"BAO_0000249";"cell membrane format";"None";"None";"None";"HEK293";"Membrane";"";"";"";"CHEMBL274";"C-C chemokine receptor type 5";"Homo sapiens";"SINGLE PROTEIN";"CHEMBL1909046";"15";"DrugMatrix";"";"";"CHEMBL3307715";"";"";"Not Active";""
"CHEMBL1068";"OXCARBAZEPINE";"4.0";"252.27";"0";"2.64";"OXCARBAZEPINE";"NC(=O)N1c2ccccc2CC(=O)c2ccccc21";"Ki";"";"";"";"";"";"Inhibition < 50% @ 10 uM and thus dose-reponse curve not measured";"";"";"";"";"";"0";"CHEMBL1909126";"DRUGMATRIX: Chemokine CCR5 radioligand binding (ligand: [125I] MIP-1alpha)";"B";"BAO_0000249";"cell membrane format";"None";"None";"None";"HEK293";"Membrane";"";"";"";"CHEMBL274";"C-C chemokine receptor type 5";"Homo sapiens";"SINGLE PROTEIN";"CHEMBL1909046";"15";"DrugMatrix";"";"";"CHEMBL3307715";"";"";"Not Active";""
"CHEMBL502620";"ACLARUBICIN";"3.0";"811.88";"2";"3.16";"ACLARUBICIN";"CC[C@@]1(O)C[C@H](O[C@H]2C[C@H](N(C)C)[C@H](O[C@H]3C[C@H](O)[C@H](O[C@H]4CCC(=O)[C@H](C)O4)[C@H](C)O3)[C@H](C)O2)c2c(cc3c(c2O)C(=O)c2c(O)cccc2C3=O)[C@H]1C(=O)OC";"Ki";"";"";"";"";"";"Inhibition < 50% @ 10 uM and thus dose-reponse curve not measured";"";"";"";"";"";"0";"CHEMBL1909126";"DRUGMATRIX: Chemokine CCR5 radioligand binding (ligand: [125I] MIP-1alpha)";"B";"BAO_0000249";"cell membrane format";"None";"None";"None";"HEK293";"Membrane";"";"";"";"CHEMBL274";"C-C chemokine receptor type 5";"Homo sapiens";"SINGLE PROTEIN";"CHEMBL1909046";"15";"DrugMatrix";"";"";"CHEMBL3307715";"";"";"Not Active";""
"CHEMBL960";"LEFLUNOMIDE";"4.0";"270.21";"0";"3.25";"LEFLUNOMIDE";"Cc1oncc1C(=O)Nc1ccc(C(F)(F)F)cc1";"Ki";"";"";"";"";"";"Inhibition < 50% @ 10 uM and thus dose-reponse curve not measured";"";"";"";"";"";"0";"CHEMBL1909126";"DRUGMATRIX: Chemokine CCR5 radioligand binding (ligand: [125I] MIP-1alpha)";"B";"BAO_0000249";"cell membrane format";"None";"None";"None";"HEK293";"Membrane";"";"";"";"CHEMBL274";"C-C chemokine receptor type 5";"Homo sapiens";"SINGLE PROTEIN";"CHEMBL1909046";"15";"DrugMatrix";"";"";"CHEMBL3307715";"";"";"Not Active";""
"CHEMBL404520";"CHLORTETRACYCLINE";"4.0";"478.89";"1";"0.44";"CHLORTETRACYCLINE";"CN(C)[C@@H]1C(O)=C(C(N)=O)C(=O)[C@@]2(O)C(O)=C3C(=O)c4c(O)ccc(Cl)c4[C@@](C)(O)[C@H]3C[C@@H]12";"Ki";"";"";"";"";"";"Inhibition < 50% @ 10 uM and thus dose-reponse curve not measured";"";"";"";"";"";"0";"CHEMBL1909126";"DRUGMATRIX: Chemokine CCR5 radioligand binding (ligand: [125I] MIP-1alpha)";"B";"BAO_0000249";"cell membrane format";"None";"None";"None";"HEK293";"Membrane";"";"";"";"CHEMBL274";"C-C chemokine receptor type 5";"Homo sapiens";"SINGLE PROTEIN";"CHEMBL1909046";"15";"DrugMatrix";"";"";"CHEMBL3307715";"";"";"Not Active";""
"CHEMBL1572";"NETILMICIN";"4.0";"475.59";"2";"-3.20";"NETILMICIN";"CCN[C@@H]1C[C@H](N)[C@@H](O[C@H]2OC(CN)=CC[C@H]2N)[C@H](O)[C@H]1O[C@H]1OC[C@](C)(O)[C@H](NC)[C@H]1O";"Ki";"";"";"";"";"";"Inhibition < 50% @ 10 uM and thus dose-reponse curve not measured";"";"";"";"";"";"0";"CHEMBL1909126";"DRUGMATRIX: Chemokine CCR5 radioligand binding (ligand: [125I] MIP-1alpha)";"B";"BAO_0000249";"cell membrane format";"None";"None";"None";"HEK293";"Membrane";"";"";"";"CHEMBL274";"C-C chemokine receptor type 5";"Homo sapiens";"SINGLE PROTEIN";"CHEMBL1909046";"15";"DrugMatrix";"";"";"CHEMBL3307715";"";"";"Not Active";""
"CHEMBL1909063";"LEAD(IV) ACETATE";"None";"443.38";"None";"None";"LEAD(IV) ACETATE";"";"Ki";"";"";"";"";"";"Inhibition < 50% @ 10 uM and thus dose-reponse curve not measured";"";"";"";"";"";"0";"CHEMBL1909126";"DRUGMATRIX: Chemokine CCR5 radioligand binding (ligand: [125I] MIP-1alpha)";"B";"BAO_0000249";"cell membrane format";"None";"None";"None";"HEK293";"Membrane";"";"";"";"CHEMBL274";"C-C chemokine receptor type 5";"Homo sapiens";"SINGLE PROTEIN";"CHEMBL1909046";"15";"DrugMatrix";"";"";"CHEMBL3307715";"";"";"Not Active";""
"CHEMBL58";"MITOXANTRONE";"4.0";"444.49";"1";"-0.14";"MITOXANTRONE";"O=C1c2c(O)ccc(O)c2C(=O)c2c(NCCNCCO)ccc(NCCNCCO)c21";"Ki";"";"";"";"";"";"Inhibition < 50% @ 10 uM and thus dose-reponse curve not measured";"";"";"";"";"";"0";"CHEMBL1909126";"DRUGMATRIX: Chemokine CCR5 radioligand binding (ligand: [125I] MIP-1alpha)";"B";"BAO_0000249";"cell membrane format";"None";"None";"None";"HEK293";"Membrane";"";"";"";"CHEMBL274";"C-C chemokine receptor type 5";"Homo sapiens";"SINGLE PROTEIN";"CHEMBL1909046";"15";"DrugMatrix";"";"";"CHEMBL3307715";"";"";"Not Active";""
"CHEMBL101";"PHENYLBUTAZONE";"4.0";"308.38";"0";"3.79";"PHENYLBUTAZONE";"CCCCC1C(=O)N(c2ccccc2)N(c2ccccc2)C1=O";"Ki";"";"";"";"";"";"Inhibition < 50% @ 10 uM and thus dose-reponse curve not measured";"";"";"";"";"";"0";"CHEMBL1909126";"DRUGMATRIX: Chemokine CCR5 radioligand binding (ligand: [125I] MIP-1alpha)";"B";"BAO_0000249";"cell membrane format";"None";"None";"None";"HEK293";"Membrane";"";"";"";"CHEMBL274";"C-C chemokine receptor type 5";"Homo sapiens";"SINGLE PROTEIN";"CHEMBL1909046";"15";"DrugMatrix";"";"";"CHEMBL3307715";"";"";"Not Active";""
"CHEMBL122";"ROFECOXIB";"4.0";"314.36";"0";"2.56";"ROFECOXIB";"CS(=O)(=O)c1ccc(C2=C(c3ccccc3)C(=O)OC2)cc1";"Ki";"";"";"";"";"";"Inhibition < 50% @ 10 uM and thus dose-reponse curve not measured";"";"";"";"";"";"0";"CHEMBL1909126";"DRUGMATRIX: Chemokine CCR5 radioligand binding (ligand: [125I] MIP-1alpha)";"B";"BAO_0000249";"cell membrane format";"None";"None";"None";"HEK293";"Membrane";"";"";"";"CHEMBL274";"C-C chemokine receptor type 5";"Homo sapiens";"SINGLE PROTEIN";"CHEMBL1909046";"15";"DrugMatrix";"";"";"CHEMBL3307715";"";"";"Not Active";""
"CHEMBL1351";"CARBOPLATIN";"4.0";"371.25";"None";"None";"carboplatin";"";"Ki";"";"";"";"";"";"Inhibition < 50% @ 10 uM and thus dose-reponse curve not measured";"";"";"";"";"";"0";"CHEMBL1909126";"DRUGMATRIX: Chemokine CCR5 radioligand binding (ligand: [125I] MIP-1alpha)";"B";"BAO_0000249";"cell membrane format";"None";"None";"None";"HEK293";"Membrane";"";"";"";"CHEMBL274";"C-C chemokine receptor type 5";"Homo sapiens";"SINGLE PROTEIN";"CHEMBL1909046";"15";"DrugMatrix";"";"";"CHEMBL3307715";"";"";"Not Active";""
"CHEMBL84";"TOPOTECAN";"4.0";"421.45";"0";"1.85";"TOPOTECAN";"CC[C@@]1(O)C(=O)OCc2c1cc1n(c2=O)Cc2cc3c(CN(C)C)c(O)ccc3nc2-1";"Ki";"";"";"";"";"";"Inhibition < 50% @ 10 uM and thus dose-reponse curve not measured";"";"";"";"";"";"0";"CHEMBL1909126";"DRUGMATRIX: Chemokine CCR5 radioligand binding (ligand: [125I] MIP-1alpha)";"B";"BAO_0000249";"cell membrane format";"None";"None";"None";"HEK293";"Membrane";"";"";"";"CHEMBL274";"C-C chemokine receptor type 5";"Homo sapiens";"SINGLE PROTEIN";"CHEMBL1909046";"15";"DrugMatrix";"";"";"CHEMBL3307715";"";"";"Not Active";""
"CHEMBL877";"TRANEXAMIC ACID";"4.0";"157.21";"0";"0.84";"TRANEXAMIC ACID";"NC[C@H]1CC[C@H](C(=O)O)CC1";"Ki";"";"";"";"";"";"Inhibition < 50% @ 10 uM and thus dose-reponse curve not measured";"";"";"";"";"";"0";"CHEMBL1909126";"DRUGMATRIX: Chemokine CCR5 radioligand binding (ligand: [125I] MIP-1alpha)";"B";"BAO_0000249";"cell membrane format";"None";"None";"None";"HEK293";"Membrane";"";"";"";"CHEMBL274";"C-C chemokine receptor type 5";"Homo sapiens";"SINGLE PROTEIN";"CHEMBL1909046";"15";"DrugMatrix";"";"";"CHEMBL3307715";"";"";"Not Active";""
"CHEMBL106406";"";"None";"530.49";"2";"5.86";"3";"Cc1cccc(C)c1C(=O)N1CCC(C)(N2CCC(Cc3ccc(I)cc3)CC2)CC1";"Ki";"'='";"33.0";"nM";"7.48";"";"";"UO_0000065";"14.10";"0.33";"1.62";"31.77";"0";"CHEMBL649945";"Inhibition of RANTES binding to the human C-C chemokine receptor type 5 (CCR5)";"B";"BAO_0000357";"single protein format";"None";"None";"None";"None";"None";"";"";"";"CHEMBL274";"C-C chemokine receptor type 5";"Homo sapiens";"SINGLE PROTEIN";"CHEMBL1144903";"1";"Scientific Literature";"J Med Chem";"2003";"None";"";"";"";"33.0"
"CHEMBL140887";"";"None";"513.48";"1";"4.99";"34";"CCO/N=C(/c1ccc(Br)cc1)C1CCN(C2(C)CCN(C(=O)c3cccnc3)CC2)CC1";"Ki";"'>'";"30.0";"nM";"";"";"";"UO_0000065";"";"";"";"";"0";"CHEMBL649945";"Inhibition of RANTES binding to the human C-C chemokine receptor type 5 (CCR5)";"B";"BAO_0000357";"single protein format";"None";"None";"None";"None";"None";"";"";"";"CHEMBL274";"C-C chemokine receptor type 5";"Homo sapiens";"SINGLE PROTEIN";"CHEMBL1144903";"1";"Scientific Literature";"J Med Chem";"2003";"None";"";"";"";"30.0"
"CHEMBL341945";"";"None";"548.61";"1";"4.59";"44";"CO/N=C(/c1ccc(OC(F)(F)F)cc1)C1CCN(C2(C)CCN(C(=O)c3c(C)cc[n+]([O-])c3C)CC2)CC1";"Ki";"'='";"7.6";"nM";"8.12";"";"";"UO_0000065";"14.80";"0.28";"3.53";"9.99";"0";"CHEMBL649945";"Inhibition of RANTES binding to the human C-C chemokine receptor type 5 (CCR5)";"B";"BAO_0000357";"single protein format";"None";"None";"None";"None";"None";"";"";"";"CHEMBL274";"C-C chemokine receptor type 5";"Homo sapiens";"SINGLE PROTEIN";"CHEMBL1144903";"1";"Scientific Literature";"J Med Chem";"2003";"None";"";"";"";"7.6"
"CHEMBL866";"MYCOPHENOLIC ACID";"4.0";"320.34";"0";"2.73";"MYCOPHENOLIC ACID";"COc1c(C)c2c(c(O)c1C/C=C(\C)CCC(=O)O)C(=O)OC2";"Ki";"";"";"";"";"";"Inhibition < 50% @ 10 uM and thus dose-reponse curve not measured";"";"";"";"";"";"0";"CHEMBL1909126";"DRUGMATRIX: Chemokine CCR5 radioligand binding (ligand: [125I] MIP-1alpha)";"B";"BAO_0000249";"cell membrane format";"None";"None";"None";"HEK293";"Membrane";"";"";"";"CHEMBL274";"C-C chemokine receptor type 5";"Homo sapiens";"SINGLE PROTEIN";"CHEMBL1909046";"15";"DrugMatrix";"";"";"CHEMBL3307715";"";"";"Not Active";""
"CHEMBL1373";"MODAFINIL";"4.0";"273.36";"0";"2.01";"MODAFINIL";"NC(=O)C[S+]([O-])C(c1ccccc1)c1ccccc1";"Ki";"";"";"";"";"";"Inhibition < 50% @ 10 uM and thus dose-reponse curve not measured";"";"";"";"";"";"0";"CHEMBL1909126";"DRUGMATRIX: Chemokine CCR5 radioligand binding (ligand: [125I] MIP-1alpha)";"B";"BAO_0000249";"cell membrane format";"None";"None";"None";"HEK293";"Membrane";"";"";"";"CHEMBL274";"C-C chemokine receptor type 5";"Homo sapiens";"SINGLE PROTEIN";"CHEMBL1909046";"15";"DrugMatrix";"";"";"CHEMBL3307715";"";"";"Not Active";""
"CHEMBL193482";"ESTRIOL";"4.0";"288.39";"0";"2.58";"ESTRIOL";"C[C@]12CC[C@@H]3c4ccc(O)cc4CC[C@H]3[C@@H]1C[C@@H](O)[C@@H]2O";"Ki";"";"";"";"";"";"Inhibition < 50% @ 10 uM and thus dose-reponse curve not measured";"";"";"";"";"";"0";"CHEMBL1909126";"DRUGMATRIX: Chemokine CCR5 radioligand binding (ligand: [125I] MIP-1alpha)";"B";"BAO_0000249";"cell membrane format";"None";"None";"None";"HEK293";"Membrane";"";"";"";"CHEMBL274";"C-C chemokine receptor type 5";"Homo sapiens";"SINGLE PROTEIN";"CHEMBL1909046";"15";"DrugMatrix";"";"";"CHEMBL3307715";"";"";"Not Active";""
"CHEMBL398440";"CHLOROXYLENOL";"2.0";"156.61";"0";"2.66";"CHLOROXYLENOL";"Cc1cc(O)cc(C)c1Cl";"Ki";"";"";"";"";"";"Inhibition < 50% @ 10 uM and thus dose-reponse curve not measured";"";"";"";"";"";"0";"CHEMBL1909126";"DRUGMATRIX: Chemokine CCR5 radioligand binding (ligand: [125I] MIP-1alpha)";"B";"BAO_0000249";"cell membrane format";"None";"None";"None";"HEK293";"Membrane";"";"";"";"CHEMBL274";"C-C chemokine receptor type 5";"Homo sapiens";"SINGLE PROTEIN";"CHEMBL1909046";"15";"DrugMatrix";"";"";"CHEMBL3307715";"";"";"Not Active";""
"CHEMBL42442";"OXFENDAZOLE";"2.0";"315.35";"0";"2.91";"OXFENDAZOLE";"COC(=O)Nc1nc2cc([S+]([O-])c3ccccc3)ccc2[nH]1";"Ki";"";"";"";"";"";"Inhibition < 50% @ 10 uM and thus dose-reponse curve not measured";"";"";"";"";"";"0";"CHEMBL1909126";"DRUGMATRIX: Chemokine CCR5 radioligand binding (ligand: [125I] MIP-1alpha)";"B";"BAO_0000249";"cell membrane format";"None";"None";"None";"HEK293";"Membrane";"";"";"";"CHEMBL274";"C-C chemokine receptor type 5";"Homo sapiens";"SINGLE PROTEIN";"CHEMBL1909046";"15";"DrugMatrix";"";"";"CHEMBL3307715";"";"";"Not Active";""
"CHEMBL1618305";"NALOXONAZINE";"None";"650.78";"1";"3.28";"NALOXONAZINE";"C=CCN1CC[C@]23c4c5ccc(O)c4O[C@H]2/C(=N/N=C2\CC[C@@]4(O)[C@H]6Cc7ccc(O)c8c7[C@@]4(CCN6CC=C)[C@H]2O8)CC[C@@]3(O)[C@H]1C5";"Ki";"";"";"";"";"";"Inhibition < 50% @ 10 uM and thus dose-reponse curve not measured";"";"";"";"";"";"0";"CHEMBL1909126";"DRUGMATRIX: Chemokine CCR5 radioligand binding (ligand: [125I] MIP-1alpha)";"B";"BAO_0000249";"cell membrane format";"None";"None";"None";"HEK293";"Membrane";"";"";"";"CHEMBL274";"C-C chemokine receptor type 5";"Homo sapiens";"SINGLE PROTEIN";"CHEMBL1909046";"15";"DrugMatrix";"";"";"CHEMBL3307715";"";"";"Not Active";""
"CHEMBL110691";"CHLORMADINONE ACETATE";"4.0";"404.93";"0";"4.75";"CHLORMADINONE ACETATE";"CC(=O)O[C@]1(C(C)=O)CC[C@H]2[C@@H]3C=C(Cl)C4=CC(=O)CC[C@]4(C)[C@H]3CC[C@@]21C";"Ki";"";"";"";"";"";"Inhibition < 50% @ 10 uM and thus dose-reponse curve not measured";"";"";"";"";"";"0";"CHEMBL1909126";"DRUGMATRIX: Chemokine CCR5 radioligand binding (ligand: [125I] MIP-1alpha)";"B";"BAO_0000249";"cell membrane format";"None";"None";"None";"HEK293";"Membrane";"";"";"";"CHEMBL274";"C-C chemokine receptor type 5";"Homo sapiens";"SINGLE PROTEIN";"CHEMBL1909046";"15";"DrugMatrix";"";"";"CHEMBL3307715";"";"";"Not Active";""
"CHEMBL16068";"BROMOBENZENE";"None";"157.01";"0";"2.45";"BROMOBENZENE";"Brc1ccccc1";"Ki";"";"";"";"";"";"Inhibition < 50% @ 10 uM and thus dose-reponse curve not measured";"";"";"";"";"";"0";"CHEMBL1909126";"DRUGMATRIX: Chemokine CCR5 radioligand binding (ligand: [125I] MIP-1alpha)";"B";"BAO_0000249";"cell membrane format";"None";"None";"None";"HEK293";"Membrane";"";"";"";"CHEMBL274";"C-C chemokine receptor type 5";"Homo sapiens";"SINGLE PROTEIN";"CHEMBL1909046";"15";"DrugMatrix";"";"";"CHEMBL3307715";"";"";"Not Active";""
"CHEMBL334470";"";"None";"559.46";"2";"5.41";"table 1";"C[C@H]1CN(C2(C)CCN(C(=O)c3c(Cl)c[n+]([O-])cc3Cl)CC2)CCN1[C@@H](C)c1ccc(C(F)(F)F)cc1";"Ki";"'='";"2.7";"nM";"8.57";"";"";"UO_0000065";"15.32";"0.32";"3.16";"15.95";"1";"CHEMBL649953";"Ability to inhibit [125I]-labeled RANTES binding to the CCR5 receptor expressed in membrane preparations from CHO cells";"B";"BAO_0000219";"cell-based format";"None";"None";"None";"CHO";"None";"";"";"";"CHEMBL274";"C-C chemokine receptor type 5";"Homo sapiens";"SINGLE PROTEIN";"CHEMBL1136572";"1";"Scientific Literature";"Bioorg Med Chem Lett";"2003";"CHEMBL3308072";"";"";"";"2.7"
"CHEMBL70010";"";"None";"603.79";"2";"5.24";"3";"Cc1cccc(C)c1C(=O)N1CCC(N2CCN([C@@H](C)c3ccc(S(=O)(=O)c4ccc5c(c4)OCO5)cc3)[C@@H](C)C2)CC1";"Ki";"'='";"28.0";"nM";"7.55";"";"";"UO_0000065";"12.51";"0.24";"2.31";"9.51";"0";"CHEMBL649954";"Inhibition of [125I]-labeled RANTES binding to C-C chemokine receptor type 5";"B";"BAO_0000357";"single protein format";"None";"None";"None";"None";"None";"";"";"";"CHEMBL274";"C-C chemokine receptor type 5";"Homo sapiens";"SINGLE PROTEIN";"CHEMBL1133909";"1";"Scientific Literature";"Bioorg Med Chem Lett";"2001";"None";"";"";"";"28.0"
"CHEMBL1178786";"";"None";"495.69";"1";"6.78";"39;TAK-779";"Cc1ccc(-c2ccc3c(c2)C=C(C(=O)Nc2ccc(C[N+](C)(C)C4CCOCC4)cc2)CCC3)cc1";"Ki";"'='";"1.1";"nM";"8.96";"";"";"UO_0000065";"18.07";"0.33";"2.18";"23.37";"0";"CHEMBL5265003";"Antagonist at CCR5 (unknown origin) assessed as inhibitory constant";"B";"BAO_0000357";"single protein format";"Homo sapiens";"None";"None";"None";"None";"";"";"";"CHEMBL274";"C-C chemokine receptor type 5";"Homo sapiens";"SINGLE PROTEIN";"CHEMBL5260846";"1";"Scientific Literature";"Eur J Med Chem";"2020";"None";"";"ANTAGONIST";"";"1.1"
"CHEMBL428";"TROVAFLOXACIN";"4.0";"416.36";"0";"1.89";"TROVAFLOXACIN";"N[C@@H]1[C@H]2CN(c3nc4c(cc3F)c(=O)c(C(=O)O)cn4-c3ccc(F)cc3F)C[C@@H]12";"Ki";"";"";"";"";"";"Inhibition < 50% @ 10 uM and thus dose-reponse curve not measured";"";"";"";"";"";"0";"CHEMBL1909126";"DRUGMATRIX: Chemokine CCR5 radioligand binding (ligand: [125I] MIP-1alpha)";"B";"BAO_0000249";"cell membrane format";"None";"None";"None";"HEK293";"Membrane";"";"";"";"CHEMBL274";"C-C chemokine receptor type 5";"Homo sapiens";"SINGLE PROTEIN";"CHEMBL1909046";"15";"DrugMatrix";"";"";"CHEMBL3307715";"";"";"Not Active";""
"CHEMBL1390";"";"None";"344.50";"0";"4.08";"MEDROXYPROGESTERONE";"CC(=O)[C@@]1(O)CC[C@H]2[C@@H]3C[C@H](C)C4=CC(=O)CC[C@]4(C)[C@H]3CC[C@@]21C";"Ki";"";"";"";"";"";"Inhibition < 50% @ 10 uM and thus dose-reponse curve not measured";"";"";"";"";"";"0";"CHEMBL1909126";"DRUGMATRIX: Chemokine CCR5 radioligand binding (ligand: [125I] MIP-1alpha)";"B";"BAO_0000249";"cell membrane format";"None";"None";"None";"HEK293";"Membrane";"";"";"";"CHEMBL274";"C-C chemokine receptor type 5";"Homo sapiens";"SINGLE PROTEIN";"CHEMBL1909046";"15";"DrugMatrix";"";"";"CHEMBL3307715";"";"";"Not Active";""
"CHEMBL841";"LOPERAMIDE";"4.0";"477.05";"1";"5.09";"LOPERAMIDE";"CN(C)C(=O)C(CCN1CCC(O)(c2ccc(Cl)cc2)CC1)(c1ccccc1)c1ccccc1";"Ki";"";"";"";"";"";"Inhibition < 50% @ 10 uM and thus dose-reponse curve not measured";"";"";"";"";"";"0";"CHEMBL1909126";"DRUGMATRIX: Chemokine CCR5 radioligand binding (ligand: [125I] MIP-1alpha)";"B";"BAO_0000249";"cell membrane format";"None";"None";"None";"HEK293";"Membrane";"";"";"";"CHEMBL274";"C-C chemokine receptor type 5";"Homo sapiens";"SINGLE PROTEIN";"CHEMBL1909046";"15";"DrugMatrix";"";"";"CHEMBL3307715";"";"";"Not Active";""
"CHEMBL5315124";"LEVOFLOXACIN";"4.0";"740.76";"0";"1.54";"LEVOFLOXACIN";"C[C@H]1COc2c(N3CCN(C)CC3)c(F)cc3c(=O)c(C(=O)O)cn1c23.C[C@H]1COc2c(N3CCN(C)CC3)c(F)cc3c(=O)c(C(=O)O)cn1c23.O";"Ki";"";"";"";"";"";"Inhibition < 50% @ 10 uM and thus dose-reponse curve not measured";"";"";"";"";"";"0";"CHEMBL1909126";"DRUGMATRIX: Chemokine CCR5 radioligand binding (ligand: [125I] MIP-1alpha)";"B";"BAO_0000249";"cell membrane format";"None";"None";"None";"HEK293";"Membrane";"";"";"";"CHEMBL274";"C-C chemokine receptor type 5";"Homo sapiens";"SINGLE PROTEIN";"CHEMBL1909046";"15";"DrugMatrix";"";"";"CHEMBL3307715";"";"";"Not Active";""
"CHEMBL1130";"DOXIFLURIDINE";"3.0";"246.19";"0";"-1.69";"DOXIFLURIDINE";"C[C@H]1O[C@@H](n2cc(F)c(=O)[nH]c2=O)[C@H](O)[C@@H]1O";"Ki";"";"";"";"";"";"Inhibition < 50% @ 10 uM and thus dose-reponse curve not measured";"";"";"";"";"";"0";"CHEMBL1909126";"DRUGMATRIX: Chemokine CCR5 radioligand binding (ligand: [125I] MIP-1alpha)";"B";"BAO_0000249";"cell membrane format";"None";"None";"None";"HEK293";"Membrane";"";"";"";"CHEMBL274";"C-C chemokine receptor type 5";"Homo sapiens";"SINGLE PROTEIN";"CHEMBL1909046";"15";"DrugMatrix";"";"";"CHEMBL3307715";"";"";"Not Active";""
"CHEMBL3559671";"POLYVINYL ALCOHOL";"1.0";"None";"None";"None";"POLYVINYL ALCOHOL";"";"Ki";"";"";"";"";"";"Inhibition < 50% @ 10 uM and thus dose-reponse curve not measured";"";"";"";"";"";"0";"CHEMBL1909126";"DRUGMATRIX: Chemokine CCR5 radioligand binding (ligand: [125I] MIP-1alpha)";"B";"BAO_0000249";"cell membrane format";"None";"None";"None";"HEK293";"Membrane";"";"";"";"CHEMBL274";"C-C chemokine receptor type 5";"Homo sapiens";"SINGLE PROTEIN";"CHEMBL1909046";"15";"DrugMatrix";"";"";"CHEMBL3307715";"";"";"Not Active";""
"CHEMBL242273";"SAFROLE";"-1.0";"162.19";"0";"2.14";"SAFROLE";"C=CCc1ccc2c(c1)OCO2";"Ki";"";"";"";"";"";"Inhibition < 50% @ 10 uM and thus dose-reponse curve not measured";"";"";"";"";"";"0";"CHEMBL1909126";"DRUGMATRIX: Chemokine CCR5 radioligand binding (ligand: [125I] MIP-1alpha)";"B";"BAO_0000249";"cell membrane format";"None";"None";"None";"HEK293";"Membrane";"";"";"";"CHEMBL274";"C-C chemokine receptor type 5";"Homo sapiens";"SINGLE PROTEIN";"CHEMBL1909046";"15";"DrugMatrix";"";"";"CHEMBL3307715";"";"";"Not Active";""
"CHEMBL1201356";"METHYLERGONOVINE";"4.0";"339.44";"0";"1.92";"METHYLERGONOVINE";"CC[C@@H](CO)NC(=O)[C@@H]1C=C2c3cccc4[nH]cc(c34)C[C@H]2N(C)C1";"Ki";"";"";"";"";"";"Inhibition < 50% @ 10 uM and thus dose-reponse curve not measured";"";"";"";"";"";"0";"CHEMBL1909126";"DRUGMATRIX: Chemokine CCR5 radioligand binding (ligand: [125I] MIP-1alpha)";"B";"BAO_0000249";"cell membrane format";"None";"None";"None";"HEK293";"Membrane";"";"";"";"CHEMBL274";"C-C chemokine receptor type 5";"Homo sapiens";"SINGLE PROTEIN";"CHEMBL1909046";"15";"DrugMatrix";"";"";"CHEMBL3307715";"";"";"Not Active";""
"CHEMBL744";"RILUZOLE";"4.0";"234.20";"0";"2.78";"riluzole";"Nc1nc2ccc(OC(F)(F)F)cc2s1";"Ki";"";"";"";"";"";"Inhibition < 50% @ 10 uM and thus dose-reponse curve not measured";"";"";"";"";"";"0";"CHEMBL1909126";"DRUGMATRIX: Chemokine CCR5 radioligand binding (ligand: [125I] MIP-1alpha)";"B";"BAO_0000249";"cell membrane format";"None";"None";"None";"HEK293";"Membrane";"";"";"";"CHEMBL274";"C-C chemokine receptor type 5";"Homo sapiens";"SINGLE PROTEIN";"CHEMBL1909046";"15";"DrugMatrix";"";"";"CHEMBL3307715";"";"";"Not Active";""
"CHEMBL1200559";"LACTIC ACID";"4.0";"90.08";"0";"-0.55";"LACTIC ACID";"CC(O)C(=O)O";"Ki";"";"";"";"";"";"Inhibition < 50% @ 10 uM and thus dose-reponse curve not measured";"";"";"";"";"";"0";"CHEMBL1909126";"DRUGMATRIX: Chemokine CCR5 radioligand binding (ligand: [125I] MIP-1alpha)";"B";"BAO_0000249";"cell membrane format";"None";"None";"None";"HEK293";"Membrane";"";"";"";"CHEMBL274";"C-C chemokine receptor type 5";"Homo sapiens";"SINGLE PROTEIN";"CHEMBL1909046";"15";"DrugMatrix";"";"";"CHEMBL3307715";"";"";"Not Active";""
"CHEMBL2220427";"ERYTHROMYCIN PROPIONATE";"4.0";"790.00";"2";"2.75";"ERYTHROMYCIN PROPIONATE";"CCC(=O)O[C@H]1[C@H](O[C@@H]2[C@@H](C)[C@H](O[C@H]3C[C@@](C)(OC)[C@@H](O)[C@H](C)O3)[C@@H](C)C(=O)O[C@H](CC)[C@@](C)(O)[C@H](O)[C@@H](C)C(=O)[C@H](C)C[C@@]2(C)O)O[C@H](C)C[C@@H]1N(C)C";"Ki";"";"";"";"";"";"Inhibition < 50% @ 10 uM and thus dose-reponse curve not measured";"";"";"";"";"";"0";"CHEMBL1909126";"DRUGMATRIX: Chemokine CCR5 radioligand binding (ligand: [125I] MIP-1alpha)";"B";"BAO_0000249";"cell membrane format";"None";"None";"None";"HEK293";"Membrane";"";"";"";"CHEMBL274";"C-C chemokine receptor type 5";"Homo sapiens";"SINGLE PROTEIN";"CHEMBL1909046";"15";"DrugMatrix";"";"";"CHEMBL3307715";"";"";"Not Active";""
"CHEMBL37161";"FENBENDAZOLE";"2.0";"299.36";"0";"3.89";"FENBENDAZOLE";"COC(=O)Nc1nc2cc(Sc3ccccc3)ccc2[nH]1";"Ki";"";"";"";"";"";"Inhibition < 50% @ 10 uM and thus dose-reponse curve not measured";"";"";"";"";"";"0";"CHEMBL1909126";"DRUGMATRIX: Chemokine CCR5 radioligand binding (ligand: [125I] MIP-1alpha)";"B";"BAO_0000249";"cell membrane format";"None";"None";"None";"HEK293";"Membrane";"";"";"";"CHEMBL274";"C-C chemokine receptor type 5";"Homo sapiens";"SINGLE PROTEIN";"CHEMBL1909046";"15";"DrugMatrix";"";"";"CHEMBL3307715";"";"";"Not Active";""
"CHEMBL686";"MEFENAMIC ACID";"4.0";"241.29";"0";"3.75";"MEFENAMIC ACID";"Cc1cccc(Nc2ccccc2C(=O)O)c1C";"Ki";"";"";"";"";"";"Inhibition < 50% @ 10 uM and thus dose-reponse curve not measured";"";"";"";"";"";"0";"CHEMBL1909126";"DRUGMATRIX: Chemokine CCR5 radioligand binding (ligand: [125I] MIP-1alpha)";"B";"BAO_0000249";"cell membrane format";"None";"None";"None";"HEK293";"Membrane";"";"";"";"CHEMBL274";"C-C chemokine receptor type 5";"Homo sapiens";"SINGLE PROTEIN";"CHEMBL1909046";"15";"DrugMatrix";"";"";"CHEMBL3307715";"";"";"Not Active";""
"CHEMBL1159650";"CLOBETASOL PROPIONATE";"4.0";"466.98";"0";"4.10";"CLOBETASOL PROPIONATE";"CCC(=O)O[C@]1(C(=O)CCl)[C@@H](C)C[C@H]2[C@@H]3CCC4=CC(=O)C=C[C@]4(C)[C@@]3(F)[C@@H](O)C[C@@]21C";"Ki";"";"";"";"";"";"Inhibition < 50% @ 10 uM and thus dose-reponse curve not measured";"";"";"";"";"";"0";"CHEMBL1909126";"DRUGMATRIX: Chemokine CCR5 radioligand binding (ligand: [125I] MIP-1alpha)";"B";"BAO_0000249";"cell membrane format";"None";"None";"None";"HEK293";"Membrane";"";"";"";"CHEMBL274";"C-C chemokine receptor type 5";"Homo sapiens";"SINGLE PROTEIN";"CHEMBL1909046";"15";"DrugMatrix";"";"";"CHEMBL3307715";"";"";"Not Active";""
"CHEMBL1455";"ALTRETAMINE";"4.0";"210.28";"0";"0.07";"ALTRETAMINE";"CN(C)c1nc(N(C)C)nc(N(C)C)n1";"Ki";"";"";"";"";"";"Inhibition < 50% @ 10 uM and thus dose-reponse curve not measured";"";"";"";"";"";"0";"CHEMBL1909126";"DRUGMATRIX: Chemokine CCR5 radioligand binding (ligand: [125I] MIP-1alpha)";"B";"BAO_0000249";"cell membrane format";"None";"None";"None";"HEK293";"Membrane";"";"";"";"CHEMBL274";"C-C chemokine receptor type 5";"Homo sapiens";"SINGLE PROTEIN";"CHEMBL1909046";"15";"DrugMatrix";"";"";"CHEMBL3307715";"";"";"Not Active";""
"CHEMBL3639964";"";"None";"643.78";"1";"4.39";"BDBM160932";"Cc1nnc(C(C)C)n1C1CC2CCC(C1)N2CC[C@H](NC(=O)C1CCC(F)(F)CC1)c1ccc(NC(=O)COCC(N)=O)cc1";"Ki";"'='";"151.0";"nM";"6.82";"";"304259";"UO_0000065";"10.60";"0.20";"2.43";"4.72";"0";"CHEMBL3706103";"Radioligand Binding Assay: Afterwards, the pharmacological profile of bivalent ligand 1 at the chemokine receptor CCR5 was characterized similarly. The competitive radioligand binding assay was conducted in CCR5 rhesus macaque membrane preparations from Chem-1 cells. Monovalent ligand 3 and compound 4, an analogue of maraviroc, were tested along under the same condition. Introduction of the 4-NH2 group onto the phenyl ring of maraviroc, as seen in compound 4, caused approximately 65-fold decrease in the binding affinity, compared to maraviroc. The decrease of the binding affinity was even more profound for bivalent ligand 1 and monovalent ligand 3, as their Ki values dropped to submicromolar range, respectively.";"B";"BAO_0000249";"cell membrane format";"None";"None";"None";"Chem-1";"None";"";"";"";"CHEMBL274";"C-C chemokine receptor type 5";"Homo sapiens";"SINGLE PROTEIN";"CHEMBL3638635";"37";"BindingDB Patent Bioactivity Data";"";"2015";"None";"";"";"";"151.0"
"CHEMBL163078";"";"None";"331.46";"0";"2.42";"4";"Cc1cc[n+]([O-])c(C)c1C(=O)N1CCC(C)(N2CCCCC2)CC1";"Ki";"'='";"97.75";"nM";"7.01";"";"";"UO_0000065";"21.15";"0.40";"4.59";"13.88";"0";"CHEMBL650747";"Inhibitory activity against CCR5 receptor in CHO cell membranes was determined using radio-ligand [125I]-RANTES binding assay";"B";"BAO_0000219";"cell-based format";"None";"None";"None";"CHO";"None";"";"";"";"CHEMBL274";"C-C chemokine receptor type 5";"Homo sapiens";"SINGLE PROTEIN";"CHEMBL1136594";"1";"Scientific Literature";"Bioorg Med Chem Lett";"2003";"CHEMBL3308072";"";"";"";"97.75"
"CHEMBL136478";"SODIUM NITROPRUSSIDE";"4.0";"261.92";"None";"None";"SODIUM NITROPRUSSIDE";"";"Ki";"";"";"";"";"";"Inhibition < 50% @ 10 uM and thus dose-reponse curve not measured";"";"";"";"";"";"0";"CHEMBL1909126";"DRUGMATRIX: Chemokine CCR5 radioligand binding (ligand: [125I] MIP-1alpha)";"B";"BAO_0000249";"cell membrane format";"None";"None";"None";"HEK293";"Membrane";"";"";"";"CHEMBL274";"C-C chemokine receptor type 5";"Homo sapiens";"SINGLE PROTEIN";"CHEMBL1909046";"15";"DrugMatrix";"";"";"CHEMBL3307715";"";"";"Not Active";""
"CHEMBL115716";"";"None";"559.54";"2";"5.67";"8e";"Cc1cccc(C)c1C(=O)N1CCC(C)(N2CCN([C@@H](C)c3ccc(I)cc3)[C@@H](C)C2)CC1";"Ki";"'='";"5.0";"nM";"8.30";"";"";"UO_0000065";"14.84";"0.34";"2.63";"30.99";"0";"CHEMBL649956";"Binding affinity towards C-C chemokine receptor type 5";"B";"BAO_0000357";"single protein format";"None";"None";"None";"None";"None";"";"";"";"CHEMBL274";"C-C chemokine receptor type 5";"Homo sapiens";"SINGLE PROTEIN";"CHEMBL1134622";"1";"Scientific Literature";"J Med Chem";"2001";"None";"";"";"";"5.0"
"CHEMBL650";"METHYLPREDNISOLONE";"4.0";"374.48";"0";"1.80";"METHYLPREDNISOLONE";"C[C@H]1C[C@@H]2[C@H]([C@@H](O)C[C@@]3(C)[C@H]2CC[C@]3(O)C(=O)CO)[C@@]2(C)C=CC(=O)C=C12";"Ki";"";"";"";"";"";"Inhibition < 50% @ 10 uM and thus dose-reponse curve not measured";"";"";"";"";"";"0";"CHEMBL1909126";"DRUGMATRIX: Chemokine CCR5 radioligand binding (ligand: [125I] MIP-1alpha)";"B";"BAO_0000249";"cell membrane format";"None";"None";"None";"HEK293";"Membrane";"";"";"";"CHEMBL274";"C-C chemokine receptor type 5";"Homo sapiens";"SINGLE PROTEIN";"CHEMBL1909046";"15";"DrugMatrix";"";"";"CHEMBL3307715";"";"";"Not Active";""
"CHEMBL567";"PERPHENAZINE";"4.0";"403.98";"0";"3.94";"PERPHENAZINE";"OCCN1CCN(CCCN2c3ccccc3Sc3ccc(Cl)cc32)CC1";"Ki";"";"";"";"";"";"Inhibition < 50% @ 10 uM and thus dose-reponse curve not measured";"";"";"";"";"";"0";"CHEMBL1909126";"DRUGMATRIX: Chemokine CCR5 radioligand binding (ligand: [125I] MIP-1alpha)";"B";"BAO_0000249";"cell membrane format";"None";"None";"None";"HEK293";"Membrane";"";"";"";"CHEMBL274";"C-C chemokine receptor type 5";"Homo sapiens";"SINGLE PROTEIN";"CHEMBL1909046";"15";"DrugMatrix";"";"";"CHEMBL3307715";"";"";"Not Active";""
"CHEMBL114";"SAQUINAVIR";"4.0";"670.86";"1";"3.09";"SAQUINAVIR";"CC(C)(C)NC(=O)[C@@H]1C[C@@H]2CCCC[C@@H]2CN1C[C@@H](O)[C@H](Cc1ccccc1)NC(=O)[C@H](CC(N)=O)NC(=O)c1ccc2ccccc2n1";"Ki";"";"";"";"";"";"Inhibition < 50% @ 10 uM and thus dose-reponse curve not measured";"";"";"";"";"";"0";"CHEMBL1909126";"DRUGMATRIX: Chemokine CCR5 radioligand binding (ligand: [125I] MIP-1alpha)";"B";"BAO_0000249";"cell membrane format";"None";"None";"None";"HEK293";"Membrane";"";"";"";"CHEMBL274";"C-C chemokine receptor type 5";"Homo sapiens";"SINGLE PROTEIN";"CHEMBL1909046";"15";"DrugMatrix";"";"";"CHEMBL3307715";"";"";"Not Active";""
"CHEMBL508102";"CARBIMAZOLE";"3.0";"186.24";"0";"1.56";"CARBIMAZOLE";"CCOC(=O)n1ccn(C)c1=S";"Ki";"";"";"";"";"";"Inhibition < 50% @ 10 uM and thus dose-reponse curve not measured";"";"";"";"";"";"0";"CHEMBL1909126";"DRUGMATRIX: Chemokine CCR5 radioligand binding (ligand: [125I] MIP-1alpha)";"B";"BAO_0000249";"cell membrane format";"None";"None";"None";"HEK293";"Membrane";"";"";"";"CHEMBL274";"C-C chemokine receptor type 5";"Homo sapiens";"SINGLE PROTEIN";"CHEMBL1909046";"15";"DrugMatrix";"";"";"CHEMBL3307715";"";"";"Not Active";""
"CHEMBL895";"NALBUPHINE";"4.0";"357.45";"0";"1.71";"NALBUPHINE";"Oc1ccc2c3c1O[C@H]1[C@@H](O)CC[C@@]4(O)[C@@H](C2)N(CC2CCC2)CC[C@]314";"Ki";"";"";"";"";"";"Inhibition < 50% @ 10 uM and thus dose-reponse curve not measured";"";"";"";"";"";"0";"CHEMBL1909126";"DRUGMATRIX: Chemokine CCR5 radioligand binding (ligand: [125I] MIP-1alpha)";"B";"BAO_0000249";"cell membrane format";"None";"None";"None";"HEK293";"Membrane";"";"";"";"CHEMBL274";"C-C chemokine receptor type 5";"Homo sapiens";"SINGLE PROTEIN";"CHEMBL1909046";"15";"DrugMatrix";"";"";"CHEMBL3307715";"";"";"Not Active";""
"CHEMBL21";"SULFANILAMIDE";"4.0";"172.21";"0";"-0.08";"SULFANILAMIDE";"Nc1ccc(S(N)(=O)=O)cc1";"Ki";"";"";"";"";"";"Inhibition < 50% @ 10 uM and thus dose-reponse curve not measured";"";"";"";"";"";"0";"CHEMBL1909126";"DRUGMATRIX: Chemokine CCR5 radioligand binding (ligand: [125I] MIP-1alpha)";"B";"BAO_0000249";"cell membrane format";"None";"None";"None";"HEK293";"Membrane";"";"";"";"CHEMBL274";"C-C chemokine receptor type 5";"Homo sapiens";"SINGLE PROTEIN";"CHEMBL1909046";"15";"DrugMatrix";"";"";"CHEMBL3307715";"";"";"Not Active";""
"CHEMBL561";"LOMEFLOXACIN";"4.0";"351.35";"0";"1.80";"LOMEFLOXACIN";"CCn1cc(C(=O)O)c(=O)c2cc(F)c(N3CCNC(C)C3)c(F)c21";"Ki";"";"";"";"";"";"Inhibition < 50% @ 10 uM and thus dose-reponse curve not measured";"";"";"";"";"";"0";"CHEMBL1909126";"DRUGMATRIX: Chemokine CCR5 radioligand binding (ligand: [125I] MIP-1alpha)";"B";"BAO_0000249";"cell membrane format";"None";"None";"None";"HEK293";"Membrane";"";"";"";"CHEMBL274";"C-C chemokine receptor type 5";"Homo sapiens";"SINGLE PROTEIN";"CHEMBL1909046";"15";"DrugMatrix";"";"";"CHEMBL3307715";"";"";"Not Active";""
"CHEMBL41";"FLUOXETINE";"4.0";"309.33";"0";"4.44";"FLUOXETINE";"CNCCC(Oc1ccc(C(F)(F)F)cc1)c1ccccc1";"Ki";"";"";"";"";"";"Inhibition < 50% @ 10 uM and thus dose-reponse curve not measured";"";"";"";"";"";"0";"CHEMBL1909126";"DRUGMATRIX: Chemokine CCR5 radioligand binding (ligand: [125I] MIP-1alpha)";"B";"BAO_0000249";"cell membrane format";"None";"None";"None";"HEK293";"Membrane";"";"";"";"CHEMBL274";"C-C chemokine receptor type 5";"Homo sapiens";"SINGLE PROTEIN";"CHEMBL1909046";"15";"DrugMatrix";"";"";"CHEMBL3307715";"";"";"Not Active";""
"CHEMBL773";"GLYCINE";"4.0";"75.07";"0";"-0.97";"GLYCINE";"NCC(=O)O";"Ki";"";"";"";"";"";"Inhibition < 50% @ 10 uM and thus dose-reponse curve not measured";"";"";"";"";"";"0";"CHEMBL1909126";"DRUGMATRIX: Chemokine CCR5 radioligand binding (ligand: [125I] MIP-1alpha)";"B";"BAO_0000249";"cell membrane format";"None";"None";"None";"HEK293";"Membrane";"";"";"";"CHEMBL274";"C-C chemokine receptor type 5";"Homo sapiens";"SINGLE PROTEIN";"CHEMBL1909046";"15";"DrugMatrix";"";"";"CHEMBL3307715";"";"";"Not Active";""
"CHEMBL435";"HYDROCHLOROTHIAZIDE";"4.0";"297.75";"0";"-0.35";"HYDROCHLOROTHIAZIDE";"NS(=O)(=O)c1cc2c(cc1Cl)NCNS2(=O)=O";"Ki";"";"";"";"";"";"Inhibition < 50% @ 10 uM and thus dose-reponse curve not measured";"";"";"";"";"";"0";"CHEMBL1909126";"DRUGMATRIX: Chemokine CCR5 radioligand binding (ligand: [125I] MIP-1alpha)";"B";"BAO_0000249";"cell membrane format";"None";"None";"None";"HEK293";"Membrane";"";"";"";"CHEMBL274";"C-C chemokine receptor type 5";"Homo sapiens";"SINGLE PROTEIN";"CHEMBL1909046";"15";"DrugMatrix";"";"";"CHEMBL3307715";"";"";"Not Active";""
"CHEMBL862";"GUANFACINE";"4.0";"246.10";"0";"1.55";"SID124880211";"N=C(N)NC(=O)Cc1c(Cl)cccc1Cl";"Ki";"";"";"";"";"";"Inhibition < 50% @ 10 uM and thus dose-reponse curve not measured";"";"";"";"";"";"0";"CHEMBL1909126";"DRUGMATRIX: Chemokine CCR5 radioligand binding (ligand: [125I] MIP-1alpha)";"B";"BAO_0000249";"cell membrane format";"None";"None";"None";"HEK293";"Membrane";"";"";"";"CHEMBL274";"C-C chemokine receptor type 5";"Homo sapiens";"SINGLE PROTEIN";"CHEMBL1909046";"15";"DrugMatrix";"";"";"CHEMBL3307715";"";"";"Not Active";""
"CHEMBL12";"DIAZEPAM";"4.0";"284.75";"0";"3.15";"DIAZEPAM";"CN1C(=O)CN=C(c2ccccc2)c2cc(Cl)ccc21";"Ki";"";"";"";"";"";"Inhibition < 50% @ 10 uM and thus dose-reponse curve not measured";"";"";"";"";"";"0";"CHEMBL1909126";"DRUGMATRIX: Chemokine CCR5 radioligand binding (ligand: [125I] MIP-1alpha)";"B";"BAO_0000249";"cell membrane format";"None";"None";"None";"HEK293";"Membrane";"";"";"";"CHEMBL274";"C-C chemokine receptor type 5";"Homo sapiens";"SINGLE PROTEIN";"CHEMBL1909046";"15";"DrugMatrix";"";"";"CHEMBL3307715";"";"";"Not Active";""
"CHEMBL157138";"LISURIDE";"3.0";"338.46";"0";"2.84";"LISURIDE";"CCN(CC)C(=O)N[C@H]1C=C2c3cccc4[nH]cc(c34)C[C@H]2N(C)C1";"Ki";"";"";"";"";"";"Inhibition < 50% @ 10 uM and thus dose-reponse curve not measured";"";"";"";"";"";"0";"CHEMBL1909126";"DRUGMATRIX: Chemokine CCR5 radioligand binding (ligand: [125I] MIP-1alpha)";"B";"BAO_0000249";"cell membrane format";"None";"None";"None";"HEK293";"Membrane";"";"";"";"CHEMBL274";"C-C chemokine receptor type 5";"Homo sapiens";"SINGLE PROTEIN";"CHEMBL1909046";"15";"DrugMatrix";"";"";"CHEMBL3307715";"";"";"Not Active";""
"CHEMBL577294";"2-HYDROXYPROPYL-BETA-CYCLODEXTRIN";"3.0";"1541.55";"None";"None";"2-HYDROXYPROPYL-BETA-CYCLODEXTRIN";"CC(O)COC[C@H]1O[C@@H]2O[C@H]3[C@H](O)[C@@H](O)[C@@H](O[C@H]4[C@H](O)[C@@H](O)[C@@H](O[C@H]5[C@H](O)[C@@H](O)[C@@H](O[C@H]6[C@H](O)[C@@H](O)[C@@H](O[C@H]7[C@H](O)[C@@H](O)[C@@H](O[C@H]8[C@H](O)[C@@H](O)[C@@H](O[C@H]1[C@H](O)[C@H]2O)O[C@@H]8COCC(C)O)O[C@@H]7COCC(C)O)O[C@@H]6COCC(C)O)O[C@@H]5COCC(C)O)O[C@@H]4COCC(C)O)O[C@@H]3COCC(C)O";"Ki";"";"";"";"";"";"Inhibition < 50% @ 10 uM and thus dose-reponse curve not measured";"";"";"";"";"";"0";"CHEMBL1909126";"DRUGMATRIX: Chemokine CCR5 radioligand binding (ligand: [125I] MIP-1alpha)";"B";"BAO_0000249";"cell membrane format";"None";"None";"None";"HEK293";"Membrane";"";"";"";"CHEMBL274";"C-C chemokine receptor type 5";"Homo sapiens";"SINGLE PROTEIN";"CHEMBL1909046";"15";"DrugMatrix";"";"";"CHEMBL3307715";"";"";"Not Active";""
"CHEMBL972";"SELEGILINE";"4.0";"187.29";"0";"2.18";"SELEGILINE";"C#CCN(C)[C@H](C)Cc1ccccc1";"Ki";"";"";"";"";"";"Inhibition < 50% @ 10 uM and thus dose-reponse curve not measured";"";"";"";"";"";"0";"CHEMBL1909126";"DRUGMATRIX: Chemokine CCR5 radioligand binding (ligand: [125I] MIP-1alpha)";"B";"BAO_0000249";"cell membrane format";"None";"None";"None";"HEK293";"Membrane";"";"";"";"CHEMBL274";"C-C chemokine receptor type 5";"Homo sapiens";"SINGLE PROTEIN";"CHEMBL1909046";"15";"DrugMatrix";"";"";"CHEMBL3307715";"";"";"Not Active";""
"CHEMBL1046";"AMINOCAPROIC ACID";"4.0";"131.18";"0";"0.59";"AMINOCAPROIC ACID";"NCCCCCC(=O)O";"Ki";"";"";"";"";"";"Inhibition < 50% @ 10 uM and thus dose-reponse curve not measured";"";"";"";"";"";"0";"CHEMBL1909126";"DRUGMATRIX: Chemokine CCR5 radioligand binding (ligand: [125I] MIP-1alpha)";"B";"BAO_0000249";"cell membrane format";"None";"None";"None";"HEK293";"Membrane";"";"";"";"CHEMBL274";"C-C chemokine receptor type 5";"Homo sapiens";"SINGLE PROTEIN";"CHEMBL1909046";"15";"DrugMatrix";"";"";"CHEMBL3307715";"";"";"Not Active";""
"CHEMBL1518";"PROPYLTHIOURACIL";"4.0";"170.24";"0";"1.38";"PROPYLTHIOURACIL";"CCCc1cc(=O)[nH]c(=S)[nH]1";"Ki";"";"";"";"";"";"Inhibition < 50% @ 10 uM and thus dose-reponse curve not measured";"";"";"";"";"";"0";"CHEMBL1909126";"DRUGMATRIX: Chemokine CCR5 radioligand binding (ligand: [125I] MIP-1alpha)";"B";"BAO_0000249";"cell membrane format";"None";"None";"None";"HEK293";"Membrane";"";"";"";"CHEMBL274";"C-C chemokine receptor type 5";"Homo sapiens";"SINGLE PROTEIN";"CHEMBL1909046";"15";"DrugMatrix";"";"";"CHEMBL3307715";"";"";"Not Active";""
"CHEMBL900";"ORPHENADRINE";"4.0";"269.39";"0";"3.66";"ORPHENADRINE";"Cc1ccccc1C(OCCN(C)C)c1ccccc1";"Ki";"";"";"";"";"";"Inhibition < 50% @ 10 uM and thus dose-reponse curve not measured";"";"";"";"";"";"0";"CHEMBL1909126";"DRUGMATRIX: Chemokine CCR5 radioligand binding (ligand: [125I] MIP-1alpha)";"B";"BAO_0000249";"cell membrane format";"None";"None";"None";"HEK293";"Membrane";"";"";"";"CHEMBL274";"C-C chemokine receptor type 5";"Homo sapiens";"SINGLE PROTEIN";"CHEMBL1909046";"15";"DrugMatrix";"";"";"CHEMBL3307715";"";"";"Not Active";""
"CHEMBL1460";"DIDANOSINE";"4.0";"236.23";"0";"-0.21";"DIDANOSINE";"O=c1[nH]cnc2c1ncn2[C@H]1CC[C@@H](CO)O1";"Ki";"";"";"";"";"";"Inhibition < 50% @ 10 uM and thus dose-reponse curve not measured";"";"";"";"";"";"0";"CHEMBL1909126";"DRUGMATRIX: Chemokine CCR5 radioligand binding (ligand: [125I] MIP-1alpha)";"B";"BAO_0000249";"cell membrane format";"None";"None";"None";"HEK293";"Membrane";"";"";"";"CHEMBL274";"C-C chemokine receptor type 5";"Homo sapiens";"SINGLE PROTEIN";"CHEMBL1909046";"15";"DrugMatrix";"";"";"CHEMBL3307715";"";"";"Not Active";""
"CHEMBL6466";"COUMARIN";"4.0";"146.14";"0";"1.79";"COUMARIN";"O=c1ccc2ccccc2o1";"Ki";"";"";"";"";"";"Inhibition < 50% @ 10 uM and thus dose-reponse curve not measured";"";"";"";"";"";"0";"CHEMBL1909126";"DRUGMATRIX: Chemokine CCR5 radioligand binding (ligand: [125I] MIP-1alpha)";"B";"BAO_0000249";"cell membrane format";"None";"None";"None";"HEK293";"Membrane";"";"";"";"CHEMBL274";"C-C chemokine receptor type 5";"Homo sapiens";"SINGLE PROTEIN";"CHEMBL1909046";"15";"DrugMatrix";"";"";"CHEMBL3307715";"";"";"Not Active";""
"CHEMBL386630";"TESTOSTERONE";"4.0";"288.43";"0";"3.88";"TESTOSTERONE";"C[C@]12CC[C@H]3[C@@H](CCC4=CC(=O)CC[C@@]43C)[C@@H]1CC[C@@H]2O";"Ki";"";"";"";"";"";"Inhibition < 50% @ 10 uM and thus dose-reponse curve not measured";"";"";"";"";"";"0";"CHEMBL1909126";"DRUGMATRIX: Chemokine CCR5 radioligand binding (ligand: [125I] MIP-1alpha)";"B";"BAO_0000249";"cell membrane format";"None";"None";"None";"HEK293";"Membrane";"";"";"";"CHEMBL274";"C-C chemokine receptor type 5";"Homo sapiens";"SINGLE PROTEIN";"CHEMBL1909046";"15";"DrugMatrix";"";"";"CHEMBL3307715";"";"";"Not Active";""
"CHEMBL311469";"2-ACETYLAMINOFLUORENE";"None";"223.27";"0";"3.22";"2-ACETYLAMINOFLUORENE";"CC(=O)Nc1ccc2c(c1)Cc1ccccc1-2";"Ki";"";"";"";"";"";"Inhibition < 50% @ 10 uM and thus dose-reponse curve not measured";"";"";"";"";"";"0";"CHEMBL1909126";"DRUGMATRIX: Chemokine CCR5 radioligand binding (ligand: [125I] MIP-1alpha)";"B";"BAO_0000249";"cell membrane format";"None";"None";"None";"HEK293";"Membrane";"";"";"";"CHEMBL274";"C-C chemokine receptor type 5";"Homo sapiens";"SINGLE PROTEIN";"CHEMBL1909046";"15";"DrugMatrix";"";"";"CHEMBL3307715";"";"";"Not Active";""
"CHEMBL991";"STAVUDINE";"4.0";"224.22";"0";"-0.71";"STAVUDINE";"Cc1cn([C@H]2C=C[C@@H](CO)O2)c(=O)[nH]c1=O";"Ki";"";"";"";"";"";"Inhibition < 50% @ 10 uM and thus dose-reponse curve not measured";"";"";"";"";"";"0";"CHEMBL1909126";"DRUGMATRIX: Chemokine CCR5 radioligand binding (ligand: [125I] MIP-1alpha)";"B";"BAO_0000249";"cell membrane format";"None";"None";"None";"HEK293";"Membrane";"";"";"";"CHEMBL274";"C-C chemokine receptor type 5";"Homo sapiens";"SINGLE PROTEIN";"CHEMBL1909046";"15";"DrugMatrix";"";"";"CHEMBL3307715";"";"";"Not Active";""
"CHEMBL1095699";"AZASERINE";"2.0";"173.13";"0";"-1.76";"AZASERINE";"[N-]=[N+]=CC(=O)OC[C@H](N)C(=O)O";"Ki";"";"";"";"";"";"Inhibition < 50% @ 10 uM and thus dose-reponse curve not measured";"";"";"";"";"";"0";"CHEMBL1909126";"DRUGMATRIX: Chemokine CCR5 radioligand binding (ligand: [125I] MIP-1alpha)";"B";"BAO_0000249";"cell membrane format";"None";"None";"None";"HEK293";"Membrane";"";"";"";"CHEMBL274";"C-C chemokine receptor type 5";"Homo sapiens";"SINGLE PROTEIN";"CHEMBL1909046";"15";"DrugMatrix";"";"";"CHEMBL3307715";"";"";"Not Active";""
"CHEMBL748";"PRALIDOXIME CHLORIDE";"4.0";"172.62";"0";"0.32";"PRALIDOXIME CHLORIDE";"C[n+]1ccccc1/C=N/O.[Cl-]";"Ki";"";"";"";"";"";"Inhibition < 50% @ 10 uM and thus dose-reponse curve not measured";"";"";"";"";"";"0";"CHEMBL1909126";"DRUGMATRIX: Chemokine CCR5 radioligand binding (ligand: [125I] MIP-1alpha)";"B";"BAO_0000249";"cell membrane format";"None";"None";"None";"HEK293";"Membrane";"";"";"";"CHEMBL274";"C-C chemokine receptor type 5";"Homo sapiens";"SINGLE PROTEIN";"CHEMBL1909046";"15";"DrugMatrix";"";"";"CHEMBL3307715";"";"";"Not Active";""
"CHEMBL1200600";"FLUOROMETHOLONE";"4.0";"376.47";"0";"2.92";"FLUOROMETHOLONE";"CC(=O)[C@@]1(O)CC[C@H]2[C@@H]3C[C@H](C)C4=CC(=O)C=C[C@]4(C)[C@@]3(F)[C@@H](O)C[C@@]21C";"Ki";"";"";"";"";"";"Inhibition < 50% @ 10 uM and thus dose-reponse curve not measured";"";"";"";"";"";"0";"CHEMBL1909126";"DRUGMATRIX: Chemokine CCR5 radioligand binding (ligand: [125I] MIP-1alpha)";"B";"BAO_0000249";"cell membrane format";"None";"None";"None";"HEK293";"Membrane";"";"";"";"CHEMBL274";"C-C chemokine receptor type 5";"Homo sapiens";"SINGLE PROTEIN";"CHEMBL1909046";"15";"DrugMatrix";"";"";"CHEMBL3307715";"";"";"Not Active";""
"CHEMBL1475";"TRIOXSALEN";"4.0";"228.25";"0";"3.46";"TRIOXSALEN";"Cc1cc2cc3c(C)cc(=O)oc3c(C)c2o1";"Ki";"";"";"";"";"";"Inhibition < 50% @ 10 uM and thus dose-reponse curve not measured";"";"";"";"";"";"0";"CHEMBL1909126";"DRUGMATRIX: Chemokine CCR5 radioligand binding (ligand: [125I] MIP-1alpha)";"B";"BAO_0000249";"cell membrane format";"None";"None";"None";"HEK293";"Membrane";"";"";"";"CHEMBL274";"C-C chemokine receptor type 5";"Homo sapiens";"SINGLE PROTEIN";"CHEMBL1909046";"15";"DrugMatrix";"";"";"CHEMBL3307715";"";"";"Not Active";""
"CHEMBL427216";"GLICLAZIDE";"3.0";"323.42";"0";"1.63";"GLICLAZIDE";"Cc1ccc(S(=O)(=O)NC(=O)NN2CC3CCCC3C2)cc1";"Ki";"";"";"";"";"";"Inhibition < 50% @ 10 uM and thus dose-reponse curve not measured";"";"";"";"";"";"0";"CHEMBL1909126";"DRUGMATRIX: Chemokine CCR5 radioligand binding (ligand: [125I] MIP-1alpha)";"B";"BAO_0000249";"cell membrane format";"None";"None";"None";"HEK293";"Membrane";"";"";"";"CHEMBL274";"C-C chemokine receptor type 5";"Homo sapiens";"SINGLE PROTEIN";"CHEMBL1909046";"15";"DrugMatrix";"";"";"CHEMBL3307715";"";"";"Not Active";""
"CHEMBL34259";"METHOTREXATE";"4.0";"454.45";"0";"0.27";"METHOTREXATE";"CN(Cc1cnc2nc(N)nc(N)c2n1)c1ccc(C(=O)N[C@@H](CCC(=O)O)C(=O)O)cc1";"Ki";"";"";"";"";"";"Inhibition < 50% @ 10 uM and thus dose-reponse curve not measured";"";"";"";"";"";"0";"CHEMBL1909126";"DRUGMATRIX: Chemokine CCR5 radioligand binding (ligand: [125I] MIP-1alpha)";"B";"BAO_0000249";"cell membrane format";"None";"None";"None";"HEK293";"Membrane";"";"";"";"CHEMBL274";"C-C chemokine receptor type 5";"Homo sapiens";"SINGLE PROTEIN";"CHEMBL1909046";"15";"DrugMatrix";"";"";"CHEMBL3307715";"";"";"Not Active";""
"CHEMBL1909070";"NAFENOPIN";"2.0";"310.39";"0";"4.40";"NAFENOPIN";"CC(C)(Oc1ccc(C2CCCc3ccccc32)cc1)C(=O)O";"Ki";"";"";"";"";"";"Inhibition < 50% @ 10 uM and thus dose-reponse curve not measured";"";"";"";"";"";"0";"CHEMBL1909126";"DRUGMATRIX: Chemokine CCR5 radioligand binding (ligand: [125I] MIP-1alpha)";"B";"BAO_0000249";"cell membrane format";"None";"None";"None";"HEK293";"Membrane";"";"";"";"CHEMBL274";"C-C chemokine receptor type 5";"Homo sapiens";"SINGLE PROTEIN";"CHEMBL1909046";"15";"DrugMatrix";"";"";"CHEMBL3307715";"";"";"Not Active";""
"CHEMBL129";"ZIDOVUDINE";"4.0";"267.24";"0";"-0.20";"AZT";"Cc1cn([C@H]2C[C@H](N=[N+]=[N-])[C@@H](CO)O2)c(=O)[nH]c1=O";"Ki";"";"";"";"";"";"Inhibition < 50% @ 10 uM and thus dose-reponse curve not measured";"";"";"";"";"";"0";"CHEMBL1909126";"DRUGMATRIX: Chemokine CCR5 radioligand binding (ligand: [125I] MIP-1alpha)";"B";"BAO_0000249";"cell membrane format";"None";"None";"None";"HEK293";"Membrane";"";"";"";"CHEMBL274";"C-C chemokine receptor type 5";"Homo sapiens";"SINGLE PROTEIN";"CHEMBL1909046";"15";"DrugMatrix";"";"";"CHEMBL3307715";"";"";"Not Active";""
"CHEMBL1909078";"SODIUM ARSENITE";"None";"129.91";"None";"None";"SODIUM ARSENITE";"O=[As][O-].[Na+]";"Ki";"";"";"";"";"";"Inhibition < 50% @ 10 uM and thus dose-reponse curve not measured";"";"";"";"";"";"0";"CHEMBL1909126";"DRUGMATRIX: Chemokine CCR5 radioligand binding (ligand: [125I] MIP-1alpha)";"B";"BAO_0000249";"cell membrane format";"None";"None";"None";"HEK293";"Membrane";"";"";"";"CHEMBL274";"C-C chemokine receptor type 5";"Homo sapiens";"SINGLE PROTEIN";"CHEMBL1909046";"15";"DrugMatrix";"";"";"CHEMBL3307715";"";"";"Not Active";""
"CHEMBL408";"TROGLITAZONE";"4.0";"441.55";"0";"4.37";"TROGLITAZONE";"Cc1c(C)c2c(c(C)c1O)CCC(C)(COc1ccc(CC3SC(=O)NC3=O)cc1)O2";"Ki";"";"";"";"";"";"Inhibition < 50% @ 10 uM and thus dose-reponse curve not measured";"";"";"";"";"";"0";"CHEMBL1909126";"DRUGMATRIX: Chemokine CCR5 radioligand binding (ligand: [125I] MIP-1alpha)";"B";"BAO_0000249";"cell membrane format";"None";"None";"None";"HEK293";"Membrane";"";"";"";"CHEMBL274";"C-C chemokine receptor type 5";"Homo sapiens";"SINGLE PROTEIN";"CHEMBL1909046";"15";"DrugMatrix";"";"";"CHEMBL3307715";"";"";"Not Active";""
"CHEMBL29292";"UBENIMEX";"2.0";"308.38";"0";"0.53";"UBENIMEX";"CC(C)C[C@H](NC(=O)[C@@H](O)[C@H](N)Cc1ccccc1)C(=O)O";"Ki";"";"";"";"";"";"Inhibition < 50% @ 10 uM and thus dose-reponse curve not measured";"";"";"";"";"";"0";"CHEMBL1909126";"DRUGMATRIX: Chemokine CCR5 radioligand binding (ligand: [125I] MIP-1alpha)";"B";"BAO_0000249";"cell membrane format";"None";"None";"None";"HEK293";"Membrane";"";"";"";"CHEMBL274";"C-C chemokine receptor type 5";"Homo sapiens";"SINGLE PROTEIN";"CHEMBL1909046";"15";"DrugMatrix";"";"";"CHEMBL3307715";"";"";"Not Active";""
"CHEMBL1566956";"TROXIPIDE";"2.0";"294.35";"0";"1.19";"TROXIPIDE";"COc1cc(C(=O)NC2CCCNC2)cc(OC)c1OC";"Ki";"";"";"";"";"";"Inhibition < 50% @ 10 uM and thus dose-reponse curve not measured";"";"";"";"";"";"0";"CHEMBL1909126";"DRUGMATRIX: Chemokine CCR5 radioligand binding (ligand: [125I] MIP-1alpha)";"B";"BAO_0000249";"cell membrane format";"None";"None";"None";"HEK293";"Membrane";"";"";"";"CHEMBL274";"C-C chemokine receptor type 5";"Homo sapiens";"SINGLE PROTEIN";"CHEMBL1909046";"15";"DrugMatrix";"";"";"CHEMBL3307715";"";"";"Not Active";""
"CHEMBL1515611";"BROMISOVALUM";"4.0";"223.07";"0";"0.60";"BROMISOVALUM";"CC(C)C(Br)C(=O)NC(N)=O";"Ki";"";"";"";"";"";"Inhibition < 50% @ 10 uM and thus dose-reponse curve not measured";"";"";"";"";"";"0";"CHEMBL1909126";"DRUGMATRIX: Chemokine CCR5 radioligand binding (ligand: [125I] MIP-1alpha)";"B";"BAO_0000249";"cell membrane format";"None";"None";"None";"HEK293";"Membrane";"";"";"";"CHEMBL274";"C-C chemokine receptor type 5";"Homo sapiens";"SINGLE PROTEIN";"CHEMBL1909046";"15";"DrugMatrix";"";"";"CHEMBL3307715";"";"";"Not Active";""
"CHEMBL898";"DIFLUNISAL";"4.0";"250.20";"0";"3.04";"DIFLUNISAL";"O=C(O)c1cc(-c2ccc(F)cc2F)ccc1O";"Ki";"";"";"";"";"";"Inhibition < 50% @ 10 uM and thus dose-reponse curve not measured";"";"";"";"";"";"0";"CHEMBL1909126";"DRUGMATRIX: Chemokine CCR5 radioligand binding (ligand: [125I] MIP-1alpha)";"B";"BAO_0000249";"cell membrane format";"None";"None";"None";"HEK293";"Membrane";"";"";"";"CHEMBL274";"C-C chemokine receptor type 5";"Homo sapiens";"SINGLE PROTEIN";"CHEMBL1909046";"15";"DrugMatrix";"";"";"CHEMBL3307715";"";"";"Not Active";""
"CHEMBL1753";"CLINDAMYCIN";"4.0";"424.99";"0";"0.39";"CLINDAMYCIN";"CCC[C@@H]1C[C@@H](C(=O)N[C@@H]([C@H]2O[C@H](SC)[C@H](O)[C@@H](O)[C@H]2O)[C@H](C)Cl)N(C)C1";"Ki";"";"";"";"";"";"Inhibition < 50% @ 10 uM and thus dose-reponse curve not measured";"";"";"";"";"";"0";"CHEMBL1909126";"DRUGMATRIX: Chemokine CCR5 radioligand binding (ligand: [125I] MIP-1alpha)";"B";"BAO_0000249";"cell membrane format";"None";"None";"None";"HEK293";"Membrane";"";"";"";"CHEMBL274";"C-C chemokine receptor type 5";"Homo sapiens";"SINGLE PROTEIN";"CHEMBL1909046";"15";"DrugMatrix";"";"";"CHEMBL3307715";"";"";"Not Active";""
"CHEMBL163078";"";"None";"331.46";"0";"2.42";"2";"Cc1cc[n+]([O-])c(C)c1C(=O)N1CCC(C)(N2CCCCC2)CC1";"Ki";"'='";"47.63";"nM";"7.32";"";"";"UO_0000065";"22.09";"0.42";"4.90";"14.50";"0";"CHEMBL650747";"Inhibitory activity against CCR5 receptor in CHO cell membranes was determined using radio-ligand [125I]-RANTES binding assay";"B";"BAO_0000219";"cell-based format";"None";"None";"None";"CHO";"None";"";"";"";"CHEMBL274";"C-C chemokine receptor type 5";"Homo sapiens";"SINGLE PROTEIN";"CHEMBL1136594";"1";"Scientific Literature";"Bioorg Med Chem Lett";"2003";"CHEMBL3308072";"";"";"";"47.63"
"CHEMBL1201193";"LEVOBUPIVACAINE";"4.0";"288.44";"0";"3.90";"LEVOBUPIVACAINE";"CCCCN1CCCC[C@H]1C(=O)Nc1c(C)cccc1C";"Ki";"";"";"";"";"";"Inhibition < 50% @ 10 uM and thus dose-reponse curve not measured";"";"";"";"";"";"0";"CHEMBL1909126";"DRUGMATRIX: Chemokine CCR5 radioligand binding (ligand: [125I] MIP-1alpha)";"B";"BAO_0000249";"cell membrane format";"None";"None";"None";"HEK293";"Membrane";"";"";"";"CHEMBL274";"C-C chemokine receptor type 5";"Homo sapiens";"SINGLE PROTEIN";"CHEMBL1909046";"15";"DrugMatrix";"";"";"CHEMBL3307715";"";"";"Not Active";""
"CHEMBL459";"METHYLDOPA";"4.0";"211.22";"0";"0.44";"METHYLDOPA";"C[C@](N)(Cc1ccc(O)c(O)c1)C(=O)O";"Ki";"";"";"";"";"";"Inhibition < 50% @ 10 uM and thus dose-reponse curve not measured";"";"";"";"";"";"0";"CHEMBL1909126";"DRUGMATRIX: Chemokine CCR5 radioligand binding (ligand: [125I] MIP-1alpha)";"B";"BAO_0000249";"cell membrane format";"None";"None";"None";"HEK293";"Membrane";"";"";"";"CHEMBL274";"C-C chemokine receptor type 5";"Homo sapiens";"SINGLE PROTEIN";"CHEMBL1909046";"15";"DrugMatrix";"";"";"CHEMBL3307715";"";"";"Not Active";""
"CHEMBL1395";"METHYLTESTOSTERONE";"4.0";"302.46";"0";"4.27";"17-METHYLTESTOSTERONE";"C[C@]12CCC(=O)C=C1CC[C@@H]1[C@@H]2CC[C@@]2(C)[C@H]1CC[C@]2(C)O";"Ki";"";"";"";"";"";"Inhibition < 50% @ 10 uM and thus dose-reponse curve not measured";"";"";"";"";"";"0";"CHEMBL1909126";"DRUGMATRIX: Chemokine CCR5 radioligand binding (ligand: [125I] MIP-1alpha)";"B";"BAO_0000249";"cell membrane format";"None";"None";"None";"HEK293";"Membrane";"";"";"";"CHEMBL274";"C-C chemokine receptor type 5";"Homo sapiens";"SINGLE PROTEIN";"CHEMBL1909046";"15";"DrugMatrix";"";"";"CHEMBL3307715";"";"";"Not Active";""
"CHEMBL78535";"ANCRIVIROC";"2.0";"557.53";"1";"4.85";"38";"CCO/N=C(\c1ccc(Br)cc1)C1CCN(C2(C)CCN(C(=O)c3c(C)cc[n+]([O-])c3C)CC2)CC1";"Ki";"'='";"2.1";"nM";"8.68";"";"";"UO_0000065";"15.56";"0.33";"3.83";"12.04";"1";"CHEMBL649945";"Inhibition of RANTES binding to the human C-C chemokine receptor type 5 (CCR5)";"B";"BAO_0000357";"single protein format";"None";"None";"None";"None";"None";"";"";"";"CHEMBL274";"C-C chemokine receptor type 5";"Homo sapiens";"SINGLE PROTEIN";"CHEMBL1144903";"1";"Scientific Literature";"J Med Chem";"2003";"None";"";"";"";"2.1"
"CHEMBL106209";"";"None";"497.48";"1";"5.66";"12";"Cc1cccc(C)c1C(=O)N1CCC(C)(N2CCC(C(=O)c3ccc(Br)cc3)CC2)CC1";"Ki";"'='";"54.0";"nM";"7.27";"";"";"UO_0000065";"14.61";"0.31";"1.61";"17.89";"1";"CHEMBL649945";"Inhibition of RANTES binding to the human C-C chemokine receptor type 5 (CCR5)";"B";"BAO_0000357";"single protein format";"None";"None";"None";"None";"None";"";"";"";"CHEMBL274";"C-C chemokine receptor type 5";"Homo sapiens";"SINGLE PROTEIN";"CHEMBL1144903";"1";"Scientific Literature";"J Med Chem";"2003";"None";"";"";"";"54.0"
"CHEMBL175";"DEXIBUPROFEN";"4.0";"206.28";"0";"3.07";"DEXIBUPROFEN";"CC(C)Cc1ccc([C@H](C)C(=O)O)cc1";"Ki";"";"";"";"";"";"Inhibition < 50% @ 10 uM and thus dose-reponse curve not measured";"";"";"";"";"";"0";"CHEMBL1909126";"DRUGMATRIX: Chemokine CCR5 radioligand binding (ligand: [125I] MIP-1alpha)";"B";"BAO_0000249";"cell membrane format";"None";"None";"None";"HEK293";"Membrane";"";"";"";"CHEMBL274";"C-C chemokine receptor type 5";"Homo sapiens";"SINGLE PROTEIN";"CHEMBL1909046";"15";"DrugMatrix";"";"";"CHEMBL3307715";"";"";"Not Active";""
"CHEMBL140283";"";"None";"543.51";"1";"4.54";"40";"CCO/N=C(/c1ccc(Br)cc1)C1CCN(C2(C)CCN(C(=O)c3ccc[n+]([O-])c3C)CC2)CC1";"Ki";"'>'";"30.0";"nM";"";"";"";"UO_0000065";"";"";"";"";"0";"CHEMBL649945";"Inhibition of RANTES binding to the human C-C chemokine receptor type 5 (CCR5)";"B";"BAO_0000357";"single protein format";"None";"None";"None";"None";"None";"";"";"";"CHEMBL274";"C-C chemokine receptor type 5";"Homo sapiens";"SINGLE PROTEIN";"CHEMBL1144903";"1";"Scientific Literature";"J Med Chem";"2003";"None";"";"";"";"30.0"
"CHEMBL64391";"ITRACONAZOLE";"4.0";"705.65";"3";"5.58";"ICZ";"CCC(C)n1ncn(-c2ccc(N3CCN(c4ccc(OCC5COC(Cn6cncn6)(c6ccc(Cl)cc6Cl)O5)cc4)CC3)cc2)c1=O";"Ki";"";"";"";"";"";"Inhibition < 50% @ 10 uM and thus dose-reponse curve not measured";"";"";"";"";"";"0";"CHEMBL1909126";"DRUGMATRIX: Chemokine CCR5 radioligand binding (ligand: [125I] MIP-1alpha)";"B";"BAO_0000249";"cell membrane format";"None";"None";"None";"HEK293";"Membrane";"";"";"";"CHEMBL274";"C-C chemokine receptor type 5";"Homo sapiens";"SINGLE PROTEIN";"CHEMBL1909046";"15";"DrugMatrix";"";"";"CHEMBL3307715";"";"";"Not Active";""
"CHEMBL105";"MITOMYCIN";"4.0";"334.33";"0";"-1.65";"MITOMYCIN C";"CO[C@@]12[C@H](COC(N)=O)C3=C(C(=O)C(C)=C(N)C3=O)N1C[C@@H]1N[C@@H]12";"Ki";"";"";"";"";"";"Inhibition < 50% @ 10 uM and thus dose-reponse curve not measured";"";"";"";"";"";"0";"CHEMBL1909126";"DRUGMATRIX: Chemokine CCR5 radioligand binding (ligand: [125I] MIP-1alpha)";"B";"BAO_0000249";"cell membrane format";"None";"None";"None";"HEK293";"Membrane";"";"";"";"CHEMBL274";"C-C chemokine receptor type 5";"Homo sapiens";"SINGLE PROTEIN";"CHEMBL1909046";"15";"DrugMatrix";"";"";"CHEMBL3307715";"";"";"Not Active";""
"CHEMBL248702";"DEXFENFLURAMINE";"4.0";"231.26";"0";"3.25";"DEXFENFLURAMINE";"CCN[C@@H](C)Cc1cccc(C(F)(F)F)c1";"Ki";"";"";"";"";"";"Inhibition < 50% @ 10 uM and thus dose-reponse curve not measured";"";"";"";"";"";"0";"CHEMBL1909126";"DRUGMATRIX: Chemokine CCR5 radioligand binding (ligand: [125I] MIP-1alpha)";"B";"BAO_0000249";"cell membrane format";"None";"None";"None";"HEK293";"Membrane";"";"";"";"CHEMBL274";"C-C chemokine receptor type 5";"Homo sapiens";"SINGLE PROTEIN";"CHEMBL1909046";"15";"DrugMatrix";"";"";"CHEMBL3307715";"";"";"Not Active";""
"CHEMBL936";"DIPHENIDOL";"4.0";"309.45";"0";"4.19";"DIPHENIDOL";"OC(CCCN1CCCCC1)(c1ccccc1)c1ccccc1";"Ki";"";"";"";"";"";"Inhibition < 50% @ 10 uM and thus dose-reponse curve not measured";"";"";"";"";"";"0";"CHEMBL1909126";"DRUGMATRIX: Chemokine CCR5 radioligand binding (ligand: [125I] MIP-1alpha)";"B";"BAO_0000249";"cell membrane format";"None";"None";"None";"HEK293";"Membrane";"";"";"";"CHEMBL274";"C-C chemokine receptor type 5";"Homo sapiens";"SINGLE PROTEIN";"CHEMBL1909046";"15";"DrugMatrix";"";"";"CHEMBL3307715";"";"";"Not Active";""
"CHEMBL106369";"";"None";"434.62";"1";"5.26";"7";"COc1ccc(CC2CCN(C3(C)CCN(C(=O)c4c(C)cccc4C)CC3)CC2)cc1";"Ki";"'='";"155.0";"nM";"6.81";"";"";"UO_0000065";"15.67";"0.29";"1.55";"20.77";"0";"CHEMBL649945";"Inhibition of RANTES binding to the human C-C chemokine receptor type 5 (CCR5)";"B";"BAO_0000357";"single protein format";"None";"None";"None";"None";"None";"";"";"";"CHEMBL274";"C-C chemokine receptor type 5";"Homo sapiens";"SINGLE PROTEIN";"CHEMBL1144903";"1";"Scientific Literature";"J Med Chem";"2003";"None";"";"";"";"155.0"
"CHEMBL140922";"";"None";"529.48";"1";"4.23";"39";"CCO/N=C(/c1ccc(Br)cc1)C1CCN(C2(C)CCN(C(=O)c3ccc[n+]([O-])c3)CC2)CC1";"Ki";"'>'";"30.0";"nM";"";"";"";"UO_0000065";"";"";"";"";"0";"CHEMBL649945";"Inhibition of RANTES binding to the human C-C chemokine receptor type 5 (CCR5)";"B";"BAO_0000357";"single protein format";"None";"None";"None";"None";"None";"";"";"";"CHEMBL274";"C-C chemokine receptor type 5";"Homo sapiens";"SINGLE PROTEIN";"CHEMBL1144903";"1";"Scientific Literature";"J Med Chem";"2003";"None";"";"";"";"30.0"
"CHEMBL1200699";"DOXYCYCLINE";"4.0";"462.46";"1";"-0.35";"SID26755247";"C[C@H]1c2cccc(O)c2C(=O)C2=C(O)[C@]3(O)C(=O)C(C(N)=O)=C(O)[C@@H](N(C)C)[C@@H]3[C@@H](O)[C@@H]21.O";"Ki";"";"";"";"";"";"Inhibition < 50% @ 10 uM and thus dose-reponse curve not measured";"";"";"";"";"";"0";"CHEMBL1909126";"DRUGMATRIX: Chemokine CCR5 radioligand binding (ligand: [125I] MIP-1alpha)";"B";"BAO_0000249";"cell membrane format";"None";"None";"None";"HEK293";"Membrane";"";"";"";"CHEMBL274";"C-C chemokine receptor type 5";"Homo sapiens";"SINGLE PROTEIN";"CHEMBL1909046";"15";"DrugMatrix";"";"";"CHEMBL3307715";"";"";"Not Active";""
"CHEMBL417";"EPIRUBICIN";"4.0";"543.53";"3";"0.00";"Epirubicin";"COc1cccc2c1C(=O)c1c(O)c3c(c(O)c1C2=O)C[C@@](O)(C(=O)CO)C[C@@H]3O[C@H]1C[C@H](N)[C@@H](O)[C@H](C)O1";"Ki";"";"";"";"";"";"Inhibition < 50% @ 10 uM and thus dose-reponse curve not measured";"";"";"";"";"";"0";"CHEMBL1909126";"DRUGMATRIX: Chemokine CCR5 radioligand binding (ligand: [125I] MIP-1alpha)";"B";"BAO_0000249";"cell membrane format";"None";"None";"None";"HEK293";"Membrane";"";"";"";"CHEMBL274";"C-C chemokine receptor type 5";"Homo sapiens";"SINGLE PROTEIN";"CHEMBL1909046";"15";"DrugMatrix";"";"";"CHEMBL3307715";"";"";"Not Active";""
"CHEMBL30008";"FLUNARIZINE";"2.0";"404.50";"1";"5.39";"FLUNARIZINE";"Fc1ccc(C(c2ccc(F)cc2)N2CCN(C/C=C/c3ccccc3)CC2)cc1";"Ki";"";"";"";"";"";"Inhibition < 50% @ 10 uM and thus dose-reponse curve not measured";"";"";"";"";"";"0";"CHEMBL1909126";"DRUGMATRIX: Chemokine CCR5 radioligand binding (ligand: [125I] MIP-1alpha)";"B";"BAO_0000249";"cell membrane format";"None";"None";"None";"HEK293";"Membrane";"";"";"";"CHEMBL274";"C-C chemokine receptor type 5";"Homo sapiens";"SINGLE PROTEIN";"CHEMBL1909046";"15";"DrugMatrix";"";"";"CHEMBL3307715";"";"";"Not Active";""
"CHEMBL1481";"GLIMEPIRIDE";"4.0";"490.63";"0";"3.07";"GLIMEPIRIDE";"CCC1=C(C)CN(C(=O)NCCc2ccc(S(=O)(=O)NC(=O)N[C@H]3CC[C@H](C)CC3)cc2)C1=O";"Ki";"";"";"";"";"";"Inhibition < 50% @ 10 uM and thus dose-reponse curve not measured";"";"";"";"";"";"0";"CHEMBL1909126";"DRUGMATRIX: Chemokine CCR5 radioligand binding (ligand: [125I] MIP-1alpha)";"B";"BAO_0000249";"cell membrane format";"None";"None";"None";"HEK293";"Membrane";"";"";"";"CHEMBL274";"C-C chemokine receptor type 5";"Homo sapiens";"SINGLE PROTEIN";"CHEMBL1909046";"15";"DrugMatrix";"";"";"CHEMBL3307715";"";"";"Not Active";""
"CHEMBL1628706";"";"None";"482.56";"0";"2.51";"3, CP-481715";"CC(C)(O)CC[C@H](C[C@H](O)[C@H](Cc1cccc(F)c1)NC(=O)c1cnc2ccccc2n1)C(N)=O";"Ki";"'='";"66.0";"nM";"7.18";"";"";"UO_0000065";"14.88";"0.28";"4.67";"5.19";"0";"CHEMBL2184878";"Binding affinity to CCR5";"B";"BAO_0000357";"single protein format";"None";"None";"None";"None";"None";"";"";"";"CHEMBL274";"C-C chemokine receptor type 5";"Homo sapiens";"SINGLE PROTEIN";"CHEMBL2176887";"1";"Scientific Literature";"J Med Chem";"2012";"None";"";"";"";"66.0"
"CHEMBL78535";"ANCRIVIROC";"2.0";"557.53";"1";"4.85";"21, SCH-C, SCH-351125";"CCO/N=C(\c1ccc(Br)cc1)C1CCN(C2(C)CCN(C(=O)c3c(C)cc[n+]([O-])c3C)CC2)CC1";"Ki";"'='";"2.0";"nM";"8.70";"";"";"UO_0000065";"15.60";"0.33";"3.85";"12.07";"0";"CHEMBL2184878";"Binding affinity to CCR5";"B";"BAO_0000357";"single protein format";"None";"None";"None";"None";"None";"";"";"";"CHEMBL274";"C-C chemokine receptor type 5";"Homo sapiens";"SINGLE PROTEIN";"CHEMBL2176887";"1";"Scientific Literature";"J Med Chem";"2012";"None";"";"";"";"2.0"
"CHEMBL832";"SULFINPYRAZONE";"4.0";"404.49";"0";"3.80";"SULFINPYRAZONE";"O=C1C(CC[S+]([O-])c2ccccc2)C(=O)N(c2ccccc2)N1c1ccccc1";"Ki";"";"";"";"";"";"Inhibition < 50% @ 10 uM and thus dose-reponse curve not measured";"";"";"";"";"";"0";"CHEMBL1909126";"DRUGMATRIX: Chemokine CCR5 radioligand binding (ligand: [125I] MIP-1alpha)";"B";"BAO_0000249";"cell membrane format";"None";"None";"None";"HEK293";"Membrane";"";"";"";"CHEMBL274";"C-C chemokine receptor type 5";"Homo sapiens";"SINGLE PROTEIN";"CHEMBL1909046";"15";"DrugMatrix";"";"";"CHEMBL3307715";"";"";"Not Active";""
"CHEMBL118865";"SPIRADOLINE";"2.0";"425.40";"0";"4.56";"SPIRADOLINE";"CN(C(=O)Cc1ccc(Cl)c(Cl)c1)C1CCC2(CCCO2)CC1N1CCCC1";"Ki";"";"";"";"";"";"Inhibition < 50% @ 10 uM and thus dose-reponse curve not measured";"";"";"";"";"";"0";"CHEMBL1909126";"DRUGMATRIX: Chemokine CCR5 radioligand binding (ligand: [125I] MIP-1alpha)";"B";"BAO_0000249";"cell membrane format";"None";"None";"None";"HEK293";"Membrane";"";"";"";"CHEMBL274";"C-C chemokine receptor type 5";"Homo sapiens";"SINGLE PROTEIN";"CHEMBL1909046";"15";"DrugMatrix";"";"";"CHEMBL3307715";"";"";"Not Active";""
"CHEMBL322817";"";"None";"498.51";"1";"5.44";"9";"Cc1cccc(C)c1C(=O)N1CCC(N2CCN([C@@H](C)c3ccc(Br)cc3)[C@@H](C)C2)CC1";"Ki";"'='";"23.0";"nM";"7.64";"";"";"UO_0000065";"15.32";"0.33";"2.20";"28.51";"0";"CHEMBL649956";"Binding affinity towards C-C chemokine receptor type 5";"B";"BAO_0000357";"single protein format";"None";"None";"None";"None";"None";"";"";"";"CHEMBL274";"C-C chemokine receptor type 5";"Homo sapiens";"SINGLE PROTEIN";"CHEMBL1134622";"1";"Scientific Literature";"J Med Chem";"2001";"None";"";"";"";"23.0"
"CHEMBL844";"BRIMONIDINE";"4.0";"292.14";"0";"1.76";"BRIMONIDINE";"Brc1c(NC2=NCCN2)ccc2nccnc12";"Ki";"";"";"";"";"";"Inhibition < 50% @ 10 uM and thus dose-reponse curve not measured";"";"";"";"";"";"0";"CHEMBL1909126";"DRUGMATRIX: Chemokine CCR5 radioligand binding (ligand: [125I] MIP-1alpha)";"B";"BAO_0000249";"cell membrane format";"None";"None";"None";"HEK293";"Membrane";"";"";"";"CHEMBL274";"C-C chemokine receptor type 5";"Homo sapiens";"SINGLE PROTEIN";"CHEMBL1909046";"15";"DrugMatrix";"";"";"CHEMBL3307715";"";"";"Not Active";""
"CHEMBL106098";"";"None";"543.51";"1";"4.46";"18f";"CO/N=C(\c1ccc(Br)cc1)C1CCN(C2(C)CCN(C(=O)c3c(C)cc[n+]([O-])c3C)CC2)CC1";"Ki";"'='";"18.0";"nM";"7.75";"";"";"UO_0000065";"14.25";"0.30";"3.28";"10.74";"0";"CHEMBL649944";"Inhibition of RANTES binding to C-C chemokine receptor type 5";"B";"BAO_0000357";"single protein format";"None";"None";"None";"None";"None";"";"";"";"CHEMBL274";"C-C chemokine receptor type 5";"Homo sapiens";"SINGLE PROTEIN";"CHEMBL1134621";"1";"Scientific Literature";"J Med Chem";"2001";"None";"";"";"";"18.0"
"CHEMBL1909064";"LIPOPOLYSACCHARIDE E. COLI O55:B5";"None";"None";"None";"None";"LIPOPOLYSACCHARIDE E. COLI O55:B5";"";"Ki";"";"";"";"";"";"Inhibition < 50% @ 10 uM and thus dose-reponse curve not measured";"";"";"";"";"";"0";"CHEMBL1909126";"DRUGMATRIX: Chemokine CCR5 radioligand binding (ligand: [125I] MIP-1alpha)";"B";"BAO_0000249";"cell membrane format";"None";"None";"None";"HEK293";"Membrane";"";"";"";"CHEMBL274";"C-C chemokine receptor type 5";"Homo sapiens";"SINGLE PROTEIN";"CHEMBL1909046";"15";"DrugMatrix";"";"";"CHEMBL3307715";"";"";"Not Active";""
"CHEMBL286398";"PROPYLENE GLYCOL";"3.0";"76.10";"0";"-0.64";"PROPYLENE GLYCOL";"CC(O)CO";"Ki";"";"";"";"";"";"Inhibition < 50% @ 10 uM and thus dose-reponse curve not measured";"";"";"";"";"";"0";"CHEMBL1909126";"DRUGMATRIX: Chemokine CCR5 radioligand binding (ligand: [125I] MIP-1alpha)";"B";"BAO_0000249";"cell membrane format";"None";"None";"None";"HEK293";"Membrane";"";"";"";"CHEMBL274";"C-C chemokine receptor type 5";"Homo sapiens";"SINGLE PROTEIN";"CHEMBL1909046";"15";"DrugMatrix";"";"";"CHEMBL3307715";"";"";"Not Active";""
"CHEMBL316561";"PROGLUMIDE";"4.0";"334.42";"0";"2.30";"PROGLUMIDE";"CCCN(CCC)C(=O)C(CCC(=O)O)NC(=O)c1ccccc1";"Ki";"";"";"";"";"";"Inhibition < 50% @ 10 uM and thus dose-reponse curve not measured";"";"";"";"";"";"0";"CHEMBL1909126";"DRUGMATRIX: Chemokine CCR5 radioligand binding (ligand: [125I] MIP-1alpha)";"B";"BAO_0000249";"cell membrane format";"None";"None";"None";"HEK293";"Membrane";"";"";"";"CHEMBL274";"C-C chemokine receptor type 5";"Homo sapiens";"SINGLE PROTEIN";"CHEMBL1909046";"15";"DrugMatrix";"";"";"CHEMBL3307715";"";"";"Not Active";""
"CHEMBL917";"FLOXURIDINE";"4.0";"246.19";"0";"-1.68";"5-FLUORO-2'-DEOXYURIDINE";"O=c1[nH]c(=O)n([C@H]2C[C@H](O)[C@@H](CO)O2)cc1F";"Ki";"";"";"";"";"";"Inhibition < 50% @ 10 uM and thus dose-reponse curve not measured";"";"";"";"";"";"0";"CHEMBL1909126";"DRUGMATRIX: Chemokine CCR5 radioligand binding (ligand: [125I] MIP-1alpha)";"B";"BAO_0000249";"cell membrane format";"None";"None";"None";"HEK293";"Membrane";"";"";"";"CHEMBL274";"C-C chemokine receptor type 5";"Homo sapiens";"SINGLE PROTEIN";"CHEMBL1909046";"15";"DrugMatrix";"";"";"CHEMBL3307715";"";"";"Not Active";""
"CHEMBL234926";"ALLYL ALCOHOL";"None";"58.08";"0";"0.16";"ALLYL ALCOHOL";"C=CCO";"Ki";"";"";"";"";"";"Inhibition < 50% @ 10 uM and thus dose-reponse curve not measured";"";"";"";"";"";"0";"CHEMBL1909126";"DRUGMATRIX: Chemokine CCR5 radioligand binding (ligand: [125I] MIP-1alpha)";"B";"BAO_0000249";"cell membrane format";"None";"None";"None";"HEK293";"Membrane";"";"";"";"CHEMBL274";"C-C chemokine receptor type 5";"Homo sapiens";"SINGLE PROTEIN";"CHEMBL1909046";"15";"DrugMatrix";"";"";"CHEMBL3307715";"";"";"Not Active";""
"CHEMBL311350";"PIROMIDIC ACID";"2.0";"288.31";"0";"1.11";"PIROMIDIC ACID";"CCn1cc(C(=O)O)c(=O)c2cnc(N3CCCC3)nc21";"Ki";"";"";"";"";"";"Inhibition < 50% @ 10 uM and thus dose-reponse curve not measured";"";"";"";"";"";"0";"CHEMBL1909126";"DRUGMATRIX: Chemokine CCR5 radioligand binding (ligand: [125I] MIP-1alpha)";"B";"BAO_0000249";"cell membrane format";"None";"None";"None";"HEK293";"Membrane";"";"";"";"CHEMBL274";"C-C chemokine receptor type 5";"Homo sapiens";"SINGLE PROTEIN";"CHEMBL1909046";"15";"DrugMatrix";"";"";"CHEMBL3307715";"";"";"Not Active";""
"CHEMBL679";"EPINEPHRINE";"4.0";"183.21";"0";"0.35";"EPINEPHRINE";"CNC[C@H](O)c1ccc(O)c(O)c1";"Ki";"";"";"";"";"";"Inhibition < 50% @ 10 uM and thus dose-reponse curve not measured";"";"";"";"";"";"0";"CHEMBL1909126";"DRUGMATRIX: Chemokine CCR5 radioligand binding (ligand: [125I] MIP-1alpha)";"B";"BAO_0000249";"cell membrane format";"None";"None";"None";"HEK293";"Membrane";"";"";"";"CHEMBL274";"C-C chemokine receptor type 5";"Homo sapiens";"SINGLE PROTEIN";"CHEMBL1909046";"15";"DrugMatrix";"";"";"CHEMBL3307715";"";"";"Not Active";""
"CHEMBL31";"GATIFLOXACIN";"4.0";"375.40";"0";"1.98";"GATIFLOXACIN";"COc1c(N2CCNC(C)C2)c(F)cc2c(=O)c(C(=O)O)cn(C3CC3)c12";"Ki";"";"";"";"";"";"Inhibition < 50% @ 10 uM and thus dose-reponse curve not measured";"";"";"";"";"";"0";"CHEMBL1909126";"DRUGMATRIX: Chemokine CCR5 radioligand binding (ligand: [125I] MIP-1alpha)";"B";"BAO_0000249";"cell membrane format";"None";"None";"None";"HEK293";"Membrane";"";"";"";"CHEMBL274";"C-C chemokine receptor type 5";"Homo sapiens";"SINGLE PROTEIN";"CHEMBL1909046";"15";"DrugMatrix";"";"";"CHEMBL3307715";"";"";"Not Active";""
"CHEMBL1073";"GLIPIZIDE";"4.0";"445.55";"0";"2.08";"GLIPIZIDE";"Cc1cnc(C(=O)NCCc2ccc(S(=O)(=O)NC(=O)NC3CCCCC3)cc2)cn1";"Ki";"";"";"";"";"";"Inhibition < 50% @ 10 uM and thus dose-reponse curve not measured";"";"";"";"";"";"0";"CHEMBL1909126";"DRUGMATRIX: Chemokine CCR5 radioligand binding (ligand: [125I] MIP-1alpha)";"B";"BAO_0000249";"cell membrane format";"None";"None";"None";"HEK293";"Membrane";"";"";"";"CHEMBL274";"C-C chemokine receptor type 5";"Homo sapiens";"SINGLE PROTEIN";"CHEMBL1909046";"15";"DrugMatrix";"";"";"CHEMBL3307715";"";"";"Not Active";""
"CHEMBL159";"VINBLASTINE";"4.0";"810.99";"2";"3.99";"Vinblastine";"CC[C@]1(O)C[C@@H]2CN(CCc3c([nH]c4ccccc34)[C@@](C(=O)OC)(c3cc4c(cc3OC)N(C)[C@H]3[C@@](O)(C(=O)OC)[C@H](OC(C)=O)[C@]5(CC)C=CCN6CC[C@]43[C@@H]65)C2)C1";"Ki";"";"";"";"";"";"Inhibition < 50% @ 10 uM and thus dose-reponse curve not measured";"";"";"";"";"";"0";"CHEMBL1909126";"DRUGMATRIX: Chemokine CCR5 radioligand binding (ligand: [125I] MIP-1alpha)";"B";"BAO_0000249";"cell membrane format";"None";"None";"None";"HEK293";"Membrane";"";"";"";"CHEMBL274";"C-C chemokine receptor type 5";"Homo sapiens";"SINGLE PROTEIN";"CHEMBL1909046";"15";"DrugMatrix";"";"";"CHEMBL3307715";"";"";"Not Active";""
"CHEMBL444633";"RIFABUTIN";"4.0";"847.02";"2";"4.62";"RIFABUTIN";"CO[C@H]1/C=C/O[C@@]2(C)Oc3c(C)c(O)c4c(c3C2=O)C2=NC3(CCN(CC(C)C)CC3)NC2=C(NC(=O)/C(C)=C\C=C\[C@H](C)[C@H](O)[C@@H](C)[C@@H](O)[C@@H](C)[C@H](OC(C)=O)[C@@H]1C)C4=O";"Ki";"";"";"";"";"";"Inhibition < 50% @ 10 uM and thus dose-reponse curve not measured";"";"";"";"";"";"0";"CHEMBL1909126";"DRUGMATRIX: Chemokine CCR5 radioligand binding (ligand: [125I] MIP-1alpha)";"B";"BAO_0000249";"cell membrane format";"None";"None";"None";"HEK293";"Membrane";"";"";"";"CHEMBL274";"C-C chemokine receptor type 5";"Homo sapiens";"SINGLE PROTEIN";"CHEMBL1909046";"15";"DrugMatrix";"";"";"CHEMBL3307715";"";"";"Not Active";""
"CHEMBL1016";"CANDESARTAN";"3.0";"440.46";"0";"4.03";"CANDESARTAN";"CCOc1nc2cccc(C(=O)O)c2n1Cc1ccc(-c2ccccc2-c2nnn[nH]2)cc1";"Ki";"";"";"";"";"";"Inhibition < 50% @ 10 uM and thus dose-reponse curve not measured";"";"";"";"";"";"0";"CHEMBL1909126";"DRUGMATRIX: Chemokine CCR5 radioligand binding (ligand: [125I] MIP-1alpha)";"B";"BAO_0000249";"cell membrane format";"None";"None";"None";"HEK293";"Membrane";"";"";"";"CHEMBL274";"C-C chemokine receptor type 5";"Homo sapiens";"SINGLE PROTEIN";"CHEMBL1909046";"15";"DrugMatrix";"";"";"CHEMBL3307715";"";"";"Not Active";""
"CHEMBL1201146";"NORETHINDRONE ACETATE";"4.0";"340.46";"0";"4.06";"NORETHINDRONE ACETATE";"C#C[C@]1(OC(C)=O)CC[C@H]2[C@@H]3CCC4=CC(=O)CC[C@@H]4[C@H]3CC[C@@]21C";"Ki";"";"";"";"";"";"Inhibition < 50% @ 10 uM and thus dose-reponse curve not measured";"";"";"";"";"";"0";"CHEMBL1909126";"DRUGMATRIX: Chemokine CCR5 radioligand binding (ligand: [125I] MIP-1alpha)";"B";"BAO_0000249";"cell membrane format";"None";"None";"None";"HEK293";"Membrane";"";"";"";"CHEMBL274";"C-C chemokine receptor type 5";"Homo sapiens";"SINGLE PROTEIN";"CHEMBL1909046";"15";"DrugMatrix";"";"";"CHEMBL3307715";"";"";"Not Active";""
"CHEMBL106299";"";"None";"439.04";"1";"5.91";"2";"Cc1cccc(C)c1C(=O)N1CCC(C)(N2CCC(Cc3ccc(Cl)cc3)CC2)CC1";"Ki";"'='";"68.0";"nM";"7.17";"";"";"UO_0000065";"16.33";"0.32";"1.26";"30.44";"0";"CHEMBL649945";"Inhibition of RANTES binding to the human C-C chemokine receptor type 5 (CCR5)";"B";"BAO_0000357";"single protein format";"None";"None";"None";"None";"None";"";"";"";"CHEMBL274";"C-C chemokine receptor type 5";"Homo sapiens";"SINGLE PROTEIN";"CHEMBL1144903";"1";"Scientific Literature";"J Med Chem";"2003";"None";"";"";"";"68.0"
"CHEMBL340978";"BENOXAPROFEN";"4.0";"301.73";"0";"4.34";"BENOXAPROFEN";"CC(C(=O)O)c1ccc2oc(-c3ccc(Cl)cc3)nc2c1";"Ki";"";"";"";"";"";"Inhibition < 50% @ 10 uM and thus dose-reponse curve not measured";"";"";"";"";"";"0";"CHEMBL1909126";"DRUGMATRIX: Chemokine CCR5 radioligand binding (ligand: [125I] MIP-1alpha)";"B";"BAO_0000249";"cell membrane format";"None";"None";"None";"HEK293";"Membrane";"";"";"";"CHEMBL274";"C-C chemokine receptor type 5";"Homo sapiens";"SINGLE PROTEIN";"CHEMBL1909046";"15";"DrugMatrix";"";"";"CHEMBL3307715";"";"";"Not Active";""
"CHEMBL437002";"";"None";"297.37";"0";"3.92";"1-(2-FLUOROBENZOYL)-4-(PHENYLMETHYL)-PIPERIDINE";"O=C(c1ccccc1F)N1CCC(Cc2ccccc2)CC1";"Ki";"";"";"";"";"";"Inhibition < 50% @ 10 uM and thus dose-reponse curve not measured";"";"";"";"";"";"0";"CHEMBL1909126";"DRUGMATRIX: Chemokine CCR5 radioligand binding (ligand: [125I] MIP-1alpha)";"B";"BAO_0000249";"cell membrane format";"None";"None";"None";"HEK293";"Membrane";"";"";"";"CHEMBL274";"C-C chemokine receptor type 5";"Homo sapiens";"SINGLE PROTEIN";"CHEMBL1909046";"15";"DrugMatrix";"";"";"CHEMBL3307715";"";"";"Not Active";""
"CHEMBL117405";"";"None";"248.33";"0";"1.91";"(S)-(-)-PINDOLOL";"CC(C)NC[C@H](O)COc1cccc2[nH]ccc12";"Ki";"";"";"";"";"";"Inhibition < 50% @ 10 uM and thus dose-reponse curve not measured";"";"";"";"";"";"0";"CHEMBL1909126";"DRUGMATRIX: Chemokine CCR5 radioligand binding (ligand: [125I] MIP-1alpha)";"B";"BAO_0000249";"cell membrane format";"None";"None";"None";"HEK293";"Membrane";"";"";"";"CHEMBL274";"C-C chemokine receptor type 5";"Homo sapiens";"SINGLE PROTEIN";"CHEMBL1909046";"15";"DrugMatrix";"";"";"CHEMBL3307715";"";"";"Not Active";""
"CHEMBL424";"SALICYLIC ACID";"3.0";"138.12";"0";"1.09";"SALICYLIC ACID";"O=C(O)c1ccccc1O";"Ki";"";"";"";"";"";"Inhibition < 50% @ 10 uM and thus dose-reponse curve not measured";"";"";"";"";"";"0";"CHEMBL1909126";"DRUGMATRIX: Chemokine CCR5 radioligand binding (ligand: [125I] MIP-1alpha)";"B";"BAO_0000249";"cell membrane format";"None";"None";"None";"HEK293";"Membrane";"";"";"";"CHEMBL274";"C-C chemokine receptor type 5";"Homo sapiens";"SINGLE PROTEIN";"CHEMBL1909046";"15";"DrugMatrix";"";"";"CHEMBL3307715";"";"";"Not Active";""
"CHEMBL1237";"LISINOPRIL ANHYDROUS";"4.0";"405.50";"0";"1.24";"LISINOPRIL";"NCCCC[C@H](N[C@@H](CCc1ccccc1)C(=O)O)C(=O)N1CCC[C@H]1C(=O)O";"Ki";"";"";"";"";"";"Inhibition < 50% @ 10 uM and thus dose-reponse curve not measured";"";"";"";"";"";"0";"CHEMBL1909126";"DRUGMATRIX: Chemokine CCR5 radioligand binding (ligand: [125I] MIP-1alpha)";"B";"BAO_0000249";"cell membrane format";"None";"None";"None";"HEK293";"Membrane";"";"";"";"CHEMBL274";"C-C chemokine receptor type 5";"Homo sapiens";"SINGLE PROTEIN";"CHEMBL1909046";"15";"DrugMatrix";"";"";"CHEMBL3307715";"";"";"Not Active";""
"CHEMBL856";"PRIMIDONE";"4.0";"218.26";"0";"0.54";"PRIMIDONE";"CCC1(c2ccccc2)C(=O)NCNC1=O";"Ki";"";"";"";"";"";"Inhibition < 50% @ 10 uM and thus dose-reponse curve not measured";"";"";"";"";"";"0";"CHEMBL1909126";"DRUGMATRIX: Chemokine CCR5 radioligand binding (ligand: [125I] MIP-1alpha)";"B";"BAO_0000249";"cell membrane format";"None";"None";"None";"HEK293";"Membrane";"";"";"";"CHEMBL274";"C-C chemokine receptor type 5";"Homo sapiens";"SINGLE PROTEIN";"CHEMBL1909046";"15";"DrugMatrix";"";"";"CHEMBL3307715";"";"";"Not Active";""
"CHEMBL479";"THIORIDAZINE";"4.0";"370.59";"1";"5.89";"THIORIDAZINE";"CSc1ccc2c(c1)N(CCC1CCCCN1C)c1ccccc1S2";"Ki";"";"";"";"";"";"Inhibition < 50% @ 10 uM and thus dose-reponse curve not measured";"";"";"";"";"";"0";"CHEMBL1909126";"DRUGMATRIX: Chemokine CCR5 radioligand binding (ligand: [125I] MIP-1alpha)";"B";"BAO_0000249";"cell membrane format";"None";"None";"None";"HEK293";"Membrane";"";"";"";"CHEMBL274";"C-C chemokine receptor type 5";"Homo sapiens";"SINGLE PROTEIN";"CHEMBL1909046";"15";"DrugMatrix";"";"";"CHEMBL3307715";"";"";"Not Active";""
"CHEMBL1697694";"AFLATOXIN";"None";"312.28";"0";"2.28";"AFLATOXIN B1";"COc1cc2c(c3oc(=O)c4c(c13)CCC4=O)[C@@H]1C=CO[C@@H]1O2";"Ki";"";"";"";"";"";"Inhibition < 50% @ 10 uM and thus dose-reponse curve not measured";"";"";"";"";"";"0";"CHEMBL1909126";"DRUGMATRIX: Chemokine CCR5 radioligand binding (ligand: [125I] MIP-1alpha)";"B";"BAO_0000249";"cell membrane format";"None";"None";"None";"HEK293";"Membrane";"";"";"";"CHEMBL274";"C-C chemokine receptor type 5";"Homo sapiens";"SINGLE PROTEIN";"CHEMBL1909046";"15";"DrugMatrix";"";"";"CHEMBL3307715";"";"";"Not Active";""
"CHEMBL451";"CHLORDIAZEPOXIDE";"4.0";"299.76";"0";"2.95";"CHLORDIAZEPOXIDE";"CNC1=Nc2ccc(Cl)cc2C(c2ccccc2)=[N+]([O-])C1";"Ki";"";"";"";"";"";"Inhibition < 50% @ 10 uM and thus dose-reponse curve not measured";"";"";"";"";"";"0";"CHEMBL1909126";"DRUGMATRIX: Chemokine CCR5 radioligand binding (ligand: [125I] MIP-1alpha)";"B";"BAO_0000249";"cell membrane format";"None";"None";"None";"HEK293";"Membrane";"";"";"";"CHEMBL274";"C-C chemokine receptor type 5";"Homo sapiens";"SINGLE PROTEIN";"CHEMBL1909046";"15";"DrugMatrix";"";"";"CHEMBL3307715";"";"";"Not Active";""
"CHEMBL1727";"CEPHALEXIN ANHYDROUS";"4.0";"347.40";"0";"0.44";"CEPHALEXIN";"CC1=C(C(=O)O)N2C(=O)[C@@H](NC(=O)[C@H](N)c3ccccc3)[C@H]2SC1";"Ki";"";"";"";"";"";"Inhibition < 50% @ 10 uM and thus dose-reponse curve not measured";"";"";"";"";"";"0";"CHEMBL1909126";"DRUGMATRIX: Chemokine CCR5 radioligand binding (ligand: [125I] MIP-1alpha)";"B";"BAO_0000249";"cell membrane format";"None";"None";"None";"HEK293";"Membrane";"";"";"";"CHEMBL274";"C-C chemokine receptor type 5";"Homo sapiens";"SINGLE PROTEIN";"CHEMBL1909046";"15";"DrugMatrix";"";"";"CHEMBL3307715";"";"";"Not Active";""
"CHEMBL56564";"TROPISETRON";"3.0";"284.36";"0";"2.95";"TROPISETRON";"CN1[C@@H]2CC[C@H]1C[C@@H](OC(=O)c1c[nH]c3ccccc13)C2";"Ki";"";"";"";"";"";"Inhibition < 50% @ 10 uM and thus dose-reponse curve not measured";"";"";"";"";"";"0";"CHEMBL1909126";"DRUGMATRIX: Chemokine CCR5 radioligand binding (ligand: [125I] MIP-1alpha)";"B";"BAO_0000249";"cell membrane format";"None";"None";"None";"HEK293";"Membrane";"";"";"";"CHEMBL274";"C-C chemokine receptor type 5";"Homo sapiens";"SINGLE PROTEIN";"CHEMBL1909046";"15";"DrugMatrix";"";"";"CHEMBL3307715";"";"";"Not Active";""
"CHEMBL453";"SULFISOXAZOLE";"4.0";"267.31";"0";"1.67";"SULFISOXAZOLE";"Cc1noc(NS(=O)(=O)c2ccc(N)cc2)c1C";"Ki";"";"";"";"";"";"Inhibition < 50% @ 10 uM and thus dose-reponse curve not measured";"";"";"";"";"";"0";"CHEMBL1909126";"DRUGMATRIX: Chemokine CCR5 radioligand binding (ligand: [125I] MIP-1alpha)";"B";"BAO_0000249";"cell membrane format";"None";"None";"None";"HEK293";"Membrane";"";"";"";"CHEMBL274";"C-C chemokine receptor type 5";"Homo sapiens";"SINGLE PROTEIN";"CHEMBL1909046";"15";"DrugMatrix";"";"";"CHEMBL3307715";"";"";"Not Active";""
"CHEMBL3183440";"";"None";"203.28";"0";"2.92";"CROTAMITON";"CC=CC(=O)N(CC)c1ccccc1C";"Ki";"";"";"";"";"";"Inhibition < 50% @ 10 uM and thus dose-reponse curve not measured";"";"";"";"";"";"0";"CHEMBL1909126";"DRUGMATRIX: Chemokine CCR5 radioligand binding (ligand: [125I] MIP-1alpha)";"B";"BAO_0000249";"cell membrane format";"None";"None";"None";"HEK293";"Membrane";"";"";"";"CHEMBL274";"C-C chemokine receptor type 5";"Homo sapiens";"SINGLE PROTEIN";"CHEMBL1909046";"15";"DrugMatrix";"";"";"CHEMBL3307715";"";"";"Not Active";""
"CHEMBL140827";"";"None";"543.46";"2";"6.17";"67";"C[C@H]1CN(C2(C)CCN(C(=O)c3c(Cl)cncc3Cl)CC2)CCN1[C@@H](C)c1ccc(C(F)(F)F)cc1";"Ki";"'='";"0.7";"nM";"9.15";"";"";"UO_0000065";"16.85";"0.35";"2.98";"23.07";"0";"CHEMBL649945";"Inhibition of RANTES binding to the human C-C chemokine receptor type 5 (CCR5)";"B";"BAO_0000357";"single protein format";"None";"None";"None";"None";"None";"";"";"";"CHEMBL274";"C-C chemokine receptor type 5";"Homo sapiens";"SINGLE PROTEIN";"CHEMBL1144903";"1";"Scientific Literature";"J Med Chem";"2003";"None";"";"";"";"0.7"
"CHEMBL82301";"VICRIVIROC";"3.0";"533.64";"1";"4.50";"30";"COC[C@@H](c1ccc(C(F)(F)F)cc1)N1CCN(C2(C)CCN(C(=O)c3c(C)ncnc3C)CC2)C[C@@H]1C";"Ki";"'='";"2.5";"nM";"8.60";"";"";"UO_0000065";"";"";"";"";"0";"CHEMBL649943";"Antagonistic activity against C-C chemokine receptor type 5";"F";"BAO_0000019";"assay format";"None";"None";"None";"None";"None";"";"";"";"CHEMBL274";"C-C chemokine receptor type 5";"Homo sapiens";"SINGLE PROTEIN";"CHEMBL1148299";"1";"Scientific Literature";"J Med Chem";"2004";"None";"";"";"";"2.5"
"CHEMBL1082";"AMOXICILLIN";"4.0";"365.41";"0";"0.02";"AMOXICILLIN";"CC1(C)S[C@@H]2[C@H](NC(=O)[C@H](N)c3ccc(O)cc3)C(=O)N2[C@H]1C(=O)O";"Ki";"";"";"";"";"";"Inhibition < 50% @ 10 uM and thus dose-reponse curve not measured";"";"";"";"";"";"0";"CHEMBL1909126";"DRUGMATRIX: Chemokine CCR5 radioligand binding (ligand: [125I] MIP-1alpha)";"B";"BAO_0000249";"cell membrane format";"None";"None";"None";"HEK293";"Membrane";"";"";"";"CHEMBL274";"C-C chemokine receptor type 5";"Homo sapiens";"SINGLE PROTEIN";"CHEMBL1909046";"15";"DrugMatrix";"";"";"CHEMBL3307715";"";"";"Not Active";""
"CHEMBL500";"PINDOLOL";"4.0";"248.33";"0";"1.91";"PINDOLOL";"CC(C)NCC(O)COc1cccc2[nH]ccc12";"Ki";"";"";"";"";"";"Inhibition < 50% @ 10 uM and thus dose-reponse curve not measured";"";"";"";"";"";"0";"CHEMBL1909126";"DRUGMATRIX: Chemokine CCR5 radioligand binding (ligand: [125I] MIP-1alpha)";"B";"BAO_0000249";"cell membrane format";"None";"None";"None";"HEK293";"Membrane";"";"";"";"CHEMBL274";"C-C chemokine receptor type 5";"Homo sapiens";"SINGLE PROTEIN";"CHEMBL1909046";"15";"DrugMatrix";"";"";"CHEMBL3307715";"";"";"Not Active";""
"CHEMBL1196";"PROPARACAINE";"4.0";"294.39";"0";"2.56";"PROPARACAINE";"CCCOc1ccc(C(=O)OCCN(CC)CC)cc1N";"Ki";"";"";"";"";"";"Inhibition < 50% @ 10 uM and thus dose-reponse curve not measured";"";"";"";"";"";"0";"CHEMBL1909126";"DRUGMATRIX: Chemokine CCR5 radioligand binding (ligand: [125I] MIP-1alpha)";"B";"BAO_0000249";"cell membrane format";"None";"None";"None";"HEK293";"Membrane";"";"";"";"CHEMBL274";"C-C chemokine receptor type 5";"Homo sapiens";"SINGLE PROTEIN";"CHEMBL1909046";"15";"DrugMatrix";"";"";"CHEMBL3307715";"";"";"Not Active";""
"CHEMBL267648";"PEFLOXACIN";"2.0";"333.36";"0";"1.61";"PEFLOXACIN";"CCn1cc(C(=O)O)c(=O)c2cc(F)c(N3CCN(C)CC3)cc21";"Ki";"";"";"";"";"";"Inhibition < 50% @ 10 uM and thus dose-reponse curve not measured";"";"";"";"";"";"0";"CHEMBL1909126";"DRUGMATRIX: Chemokine CCR5 radioligand binding (ligand: [125I] MIP-1alpha)";"B";"BAO_0000249";"cell membrane format";"None";"None";"None";"HEK293";"Membrane";"";"";"";"CHEMBL274";"C-C chemokine receptor type 5";"Homo sapiens";"SINGLE PROTEIN";"CHEMBL1909046";"15";"DrugMatrix";"";"";"CHEMBL3307715";"";"";"Not Active";""
"CHEMBL75880";"PERHEXILINE";"4.0";"277.50";"1";"5.30";"PERHEXILINE";"C1CCC(C(CC2CCCCN2)C2CCCCC2)CC1";"Ki";"";"";"";"";"";"Inhibition < 50% @ 10 uM and thus dose-reponse curve not measured";"";"";"";"";"";"0";"CHEMBL1909126";"DRUGMATRIX: Chemokine CCR5 radioligand binding (ligand: [125I] MIP-1alpha)";"B";"BAO_0000249";"cell membrane format";"None";"None";"None";"HEK293";"Membrane";"";"";"";"CHEMBL274";"C-C chemokine receptor type 5";"Homo sapiens";"SINGLE PROTEIN";"CHEMBL1909046";"15";"DrugMatrix";"";"";"CHEMBL3307715";"";"";"Not Active";""
"CHEMBL1319362";"HOMATROPINE HYDROBROMIDE";"-1.0";"356.26";"0";"1.89";"HOMATROPINE HYDROBROMIDE";"Br.CN1[C@@H]2CC[C@H]1C[C@@H](OC(=O)C(O)c1ccccc1)C2";"Ki";"";"";"";"";"";"Inhibition < 50% @ 10 uM and thus dose-reponse curve not measured";"";"";"";"";"";"0";"CHEMBL1909126";"DRUGMATRIX: Chemokine CCR5 radioligand binding (ligand: [125I] MIP-1alpha)";"B";"BAO_0000249";"cell membrane format";"None";"None";"None";"HEK293";"Membrane";"";"";"";"CHEMBL274";"C-C chemokine receptor type 5";"Homo sapiens";"SINGLE PROTEIN";"CHEMBL1909046";"15";"DrugMatrix";"";"";"CHEMBL3307715";"";"";"Not Active";""
"CHEMBL15511";"ENROFLOXACIN";"2.0";"359.40";"0";"2.32";"ENROFLOXACIN";"CCN1CCN(c2cc3c(cc2F)c(=O)c(C(=O)O)cn3C2CC2)CC1";"Ki";"";"";"";"";"";"Inhibition < 50% @ 10 uM and thus dose-reponse curve not measured";"";"";"";"";"";"0";"CHEMBL1909126";"DRUGMATRIX: Chemokine CCR5 radioligand binding (ligand: [125I] MIP-1alpha)";"B";"BAO_0000249";"cell membrane format";"None";"None";"None";"HEK293";"Membrane";"";"";"";"CHEMBL274";"C-C chemokine receptor type 5";"Homo sapiens";"SINGLE PROTEIN";"CHEMBL1909046";"15";"DrugMatrix";"";"";"CHEMBL3307715";"";"";"Not Active";""
"CHEMBL344435";"";"None";"568.56";"2";"5.39";"16f";"Cc1ncnc(C)c1C(=O)N1CCC(C)(N2CCC(/C(=N\OCC3CC3)c3ccc(Br)cc3)CC2)CC1";"Ki";"'='";"11.0";"nM";"7.96";"";"";"UO_0000065";"14.00";"0.29";"2.57";"11.22";"1";"CHEMBL650119";"Inhibition of [125I]RANTES binding to CCR5 receptor.";"B";"BAO_0000357";"single protein format";"None";"None";"None";"None";"None";"";"";"";"CHEMBL274";"C-C chemokine receptor type 5";"Homo sapiens";"SINGLE PROTEIN";"CHEMBL1136595";"1";"Scientific Literature";"Bioorg Med Chem Lett";"2003";"None";"";"";"";"11.0"
"CHEMBL108545";"METHYL SALICYLATE";"4.0";"152.15";"0";"1.18";"METHYL SALICYLATE";"COC(=O)c1ccccc1O";"Ki";"";"";"";"";"";"Inhibition < 50% @ 10 uM and thus dose-reponse curve not measured";"";"";"";"";"";"0";"CHEMBL1909126";"DRUGMATRIX: Chemokine CCR5 radioligand binding (ligand: [125I] MIP-1alpha)";"B";"BAO_0000249";"cell membrane format";"None";"None";"None";"HEK293";"Membrane";"";"";"";"CHEMBL274";"C-C chemokine receptor type 5";"Homo sapiens";"SINGLE PROTEIN";"CHEMBL1909046";"15";"DrugMatrix";"";"";"CHEMBL3307715";"";"";"Not Active";""
"CHEMBL13";"METOPROLOL";"4.0";"267.37";"0";"1.61";"METOPROLOL";"COCCc1ccc(OCC(O)CNC(C)C)cc1";"Ki";"";"";"";"";"";"Inhibition < 50% @ 10 uM and thus dose-reponse curve not measured";"";"";"";"";"";"0";"CHEMBL1909126";"DRUGMATRIX: Chemokine CCR5 radioligand binding (ligand: [125I] MIP-1alpha)";"B";"BAO_0000249";"cell membrane format";"None";"None";"None";"HEK293";"Membrane";"";"";"";"CHEMBL274";"C-C chemokine receptor type 5";"Homo sapiens";"SINGLE PROTEIN";"CHEMBL1909046";"15";"DrugMatrix";"";"";"CHEMBL3307715";"";"";"Not Active";""
"CHEMBL1909071";"";"None";"None";"None";"None";"NOVARTIS P-38 INHIBITOR";"";"Ki";"";"";"";"";"";"Inhibition < 50% @ 10 uM and thus dose-reponse curve not measured";"";"";"";"";"";"0";"CHEMBL1909126";"DRUGMATRIX: Chemokine CCR5 radioligand binding (ligand: [125I] MIP-1alpha)";"B";"BAO_0000249";"cell membrane format";"None";"None";"None";"HEK293";"Membrane";"";"";"";"CHEMBL274";"C-C chemokine receptor type 5";"Homo sapiens";"SINGLE PROTEIN";"CHEMBL1909046";"15";"DrugMatrix";"";"";"CHEMBL3307715";"";"";"Not Active";""
"CHEMBL1256017";"ARCAINE SULFATE";"None";"270.31";"1";"-1.27";"ARCAINE SULFATE";"N=C(N)NCCCCNC(=N)N.O=S(=O)(O)O";"Ki";"";"";"";"";"";"Inhibition < 50% @ 10 uM and thus dose-reponse curve not measured";"";"";"";"";"";"0";"CHEMBL1909126";"DRUGMATRIX: Chemokine CCR5 radioligand binding (ligand: [125I] MIP-1alpha)";"B";"BAO_0000249";"cell membrane format";"None";"None";"None";"HEK293";"Membrane";"";"";"";"CHEMBL274";"C-C chemokine receptor type 5";"Homo sapiens";"SINGLE PROTEIN";"CHEMBL1909046";"15";"DrugMatrix";"";"";"CHEMBL3307715";"";"";"Not Active";""
"CHEMBL1065";"METHYSERGIDE";"4.0";"353.47";"0";"1.94";"METHYSERGIDE";"CC[C@@H](CO)NC(=O)[C@@H]1C=C2c3cccc4c3c(cn4C)C[C@H]2N(C)C1";"Ki";"";"";"";"";"";"Inhibition < 50% @ 10 uM and thus dose-reponse curve not measured";"";"";"";"";"";"0";"CHEMBL1909126";"DRUGMATRIX: Chemokine CCR5 radioligand binding (ligand: [125I] MIP-1alpha)";"B";"BAO_0000249";"cell membrane format";"None";"None";"None";"HEK293";"Membrane";"";"";"";"CHEMBL274";"C-C chemokine receptor type 5";"Homo sapiens";"SINGLE PROTEIN";"CHEMBL1909046";"15";"DrugMatrix";"";"";"CHEMBL3307715";"";"";"Not Active";""
"CHEMBL335794";"";"None";"582.37";"2";"6.30";"82";"CCO/N=C(/c1ccc(Br)cc1)C1CCN(C2(C)CCN(C(=O)c3c(Cl)cncc3Cl)CC2)CC1";"Ki";"'='";"0.4";"nM";"9.40";"";"";"UO_0000065";"16.14";"0.37";"3.10";"16.19";"0";"CHEMBL649945";"Inhibition of RANTES binding to the human C-C chemokine receptor type 5 (CCR5)";"B";"BAO_0000357";"single protein format";"None";"None";"None";"None";"None";"";"";"";"CHEMBL274";"C-C chemokine receptor type 5";"Homo sapiens";"SINGLE PROTEIN";"CHEMBL1144903";"1";"Scientific Literature";"J Med Chem";"2003";"None";"";"";"";"0.4"
"CHEMBL138879";"";"None";"557.53";"2";"5.31";"36";"CCO/N=C(/c1ccc(Br)cc1)C1CCN(C2(C)CCN(C(=O)c3c(C)cc(C)nc3O)CC2)CC1";"Ki";"'='";"43.0";"nM";"7.37";"";"";"UO_0000065";"13.21";"0.28";"2.06";"9.41";"0";"CHEMBL649945";"Inhibition of RANTES binding to the human C-C chemokine receptor type 5 (CCR5)";"B";"BAO_0000357";"single protein format";"None";"None";"None";"None";"None";"";"";"";"CHEMBL274";"C-C chemokine receptor type 5";"Homo sapiens";"SINGLE PROTEIN";"CHEMBL1144903";"1";"Scientific Literature";"J Med Chem";"2003";"None";"";"";"";"43.0"
"CHEMBL113072";"";"None";"511.73";"1";"4.47";"64";"Cc1cccc(C)c1C(=O)N1CCC(C)(N2CCN([C@@H](C)c3ccc(S(C)(=O)=O)cc3)[C@@H](C)C2)CC1";"Ki";"'='";"3.0";"nM";"8.52";"";"";"UO_0000065";"16.66";"0.32";"4.05";"13.99";"1";"CHEMBL649945";"Inhibition of RANTES binding to the human C-C chemokine receptor type 5 (CCR5)";"B";"BAO_0000357";"single protein format";"None";"None";"None";"None";"None";"";"";"";"CHEMBL274";"C-C chemokine receptor type 5";"Homo sapiens";"SINGLE PROTEIN";"CHEMBL1144903";"1";"Scientific Literature";"J Med Chem";"2003";"None";"";"";"";"3.0"
"CHEMBL141699";"";"None";"518.62";"1";"4.72";"70";"Cc1c[n+]([O-])cc(C)c1C(=O)N1CCC(C)(N2CCN([C@@H](C)c3ccc(C(F)(F)F)cc3)[C@@H](C)C2)CC1";"Ki";"'='";"18.0";"nM";"7.75";"";"";"UO_0000065";"14.93";"0.29";"3.02";"14.41";"0";"CHEMBL649945";"Inhibition of RANTES binding to the human C-C chemokine receptor type 5 (CCR5)";"B";"BAO_0000357";"single protein format";"None";"None";"None";"None";"None";"";"";"";"CHEMBL274";"C-C chemokine receptor type 5";"Homo sapiens";"SINGLE PROTEIN";"CHEMBL1144903";"1";"Scientific Literature";"J Med Chem";"2003";"None";"";"";"";"18.0"
"CHEMBL79061";"";"None";"579.71";"2";"6.10";"21";"Cc1ncnc(C)c1C(=O)N1CCC(C)(N2CCN([C@@H](Cc3ccccc3)c3ccc(C(F)(F)F)cc3)[C@@H](C)C2)CC1";"Ki";"'='";"1.4";"nM";"8.85";"";"";"UO_0000065";"";"";"";"";"0";"CHEMBL649943";"Antagonistic activity against C-C chemokine receptor type 5";"F";"BAO_0000019";"assay format";"None";"None";"None";"None";"None";"";"";"";"CHEMBL274";"C-C chemokine receptor type 5";"Homo sapiens";"SINGLE PROTEIN";"CHEMBL1148299";"1";"Scientific Literature";"J Med Chem";"2004";"None";"";"";"";"1.4"
"CHEMBL3219777";"";"None";"1197.48";"None";"None";"BDBM160931";"Cc1nnc(C(C)C)n1C1CC2CCC(C1)N2CC[C@H](NC(=O)C1CCC(F)(F)CC1)c1ccc(NC(=O)COCC(=O)NCCCCCCCNC(=O)COCC(=O)N[C@@H]2CC[C@@]3(O)[C@H]4Cc5ccc(O)c6c5[C@@]3(CCN4CC3CC3)[C@H]2O6)cc1";"Ki";"'='";"239.0";"nM";"6.62";"";"304258";"UO_0000065";"5.53";"None";"None";"None";"0";"CHEMBL3706103";"Radioligand Binding Assay: Afterwards, the pharmacological profile of bivalent ligand 1 at the chemokine receptor CCR5 was characterized similarly. The competitive radioligand binding assay was conducted in CCR5 rhesus macaque membrane preparations from Chem-1 cells. Monovalent ligand 3 and compound 4, an analogue of maraviroc, were tested along under the same condition. Introduction of the 4-NH2 group onto the phenyl ring of maraviroc, as seen in compound 4, caused approximately 65-fold decrease in the binding affinity, compared to maraviroc. The decrease of the binding affinity was even more profound for bivalent ligand 1 and monovalent ligand 3, as their Ki values dropped to submicromolar range, respectively.";"B";"BAO_0000249";"cell membrane format";"None";"None";"None";"Chem-1";"None";"";"";"";"CHEMBL274";"C-C chemokine receptor type 5";"Homo sapiens";"SINGLE PROTEIN";"CHEMBL3638635";"37";"BindingDB Patent Bioactivity Data";"";"2015";"None";"";"";"";"239.0"
"CHEMBL2108139";"POVIDONE";"4.0";"None";"None";"None";"POLYVINYLPYRROLIDONE";"";"Ki";"";"";"";"";"";"Inhibition < 50% @ 10 uM and thus dose-reponse curve not measured";"";"";"";"";"";"0";"CHEMBL1909126";"DRUGMATRIX: Chemokine CCR5 radioligand binding (ligand: [125I] MIP-1alpha)";"B";"BAO_0000249";"cell membrane format";"None";"None";"None";"HEK293";"Membrane";"";"";"";"CHEMBL274";"C-C chemokine receptor type 5";"Homo sapiens";"SINGLE PROTEIN";"CHEMBL1909046";"15";"DrugMatrix";"";"";"CHEMBL3307715";"";"";"Not Active";""
"CHEMBL416";"METHOXSALEN";"4.0";"216.19";"0";"2.55";"METHOXSALEN";"COc1c2occc2cc2ccc(=O)oc12";"Ki";"";"";"";"";"";"Inhibition < 50% @ 10 uM and thus dose-reponse curve not measured";"";"";"";"";"";"0";"CHEMBL1909126";"DRUGMATRIX: Chemokine CCR5 radioligand binding (ligand: [125I] MIP-1alpha)";"B";"BAO_0000249";"cell membrane format";"None";"None";"None";"HEK293";"Membrane";"";"";"";"CHEMBL274";"C-C chemokine receptor type 5";"Homo sapiens";"SINGLE PROTEIN";"CHEMBL1909046";"15";"DrugMatrix";"";"";"CHEMBL3307715";"";"";"Not Active";""
"CHEMBL557555";"CIPROFIBRATE";"4.0";"289.16";"0";"3.59";"CIPROFIBRATE";"CC(C)(Oc1ccc(C2CC2(Cl)Cl)cc1)C(=O)O";"Ki";"";"";"";"";"";"Inhibition < 50% @ 10 uM and thus dose-reponse curve not measured";"";"";"";"";"";"0";"CHEMBL1909126";"DRUGMATRIX: Chemokine CCR5 radioligand binding (ligand: [125I] MIP-1alpha)";"B";"BAO_0000249";"cell membrane format";"None";"None";"None";"HEK293";"Membrane";"";"";"";"CHEMBL274";"C-C chemokine receptor type 5";"Homo sapiens";"SINGLE PROTEIN";"CHEMBL1909046";"15";"DrugMatrix";"";"";"CHEMBL3307715";"";"";"Not Active";""
"CHEMBL932";"DIPYRIDAMOLE";"4.0";"504.64";"2";"-0.02";"DIPYRIDAMOLE";"OCCN(CCO)c1nc(N2CCCCC2)c2nc(N(CCO)CCO)nc(N3CCCCC3)c2n1";"Ki";"";"";"";"";"";"Inhibition < 50% @ 10 uM and thus dose-reponse curve not measured";"";"";"";"";"";"0";"CHEMBL1909126";"DRUGMATRIX: Chemokine CCR5 radioligand binding (ligand: [125I] MIP-1alpha)";"B";"BAO_0000249";"cell membrane format";"None";"None";"None";"HEK293";"Membrane";"";"";"";"CHEMBL274";"C-C chemokine receptor type 5";"Homo sapiens";"SINGLE PROTEIN";"CHEMBL1909046";"15";"DrugMatrix";"";"";"CHEMBL3307715";"";"";"Not Active";""
"CHEMBL1371125";"BENZO[E]PYRENE";"None";"252.32";"1";"5.74";"BENZO[E]PYRENE";"c1ccc2c(c1)c1cccc3ccc4cccc2c4c31";"Ki";"";"";"";"";"";"Inhibition < 50% @ 10 uM and thus dose-reponse curve not measured";"";"";"";"";"";"0";"CHEMBL1909126";"DRUGMATRIX: Chemokine CCR5 radioligand binding (ligand: [125I] MIP-1alpha)";"B";"BAO_0000249";"cell membrane format";"None";"None";"None";"HEK293";"Membrane";"";"";"";"CHEMBL274";"C-C chemokine receptor type 5";"Homo sapiens";"SINGLE PROTEIN";"CHEMBL1909046";"15";"DrugMatrix";"";"";"CHEMBL3307715";"";"";"Not Active";""
"CHEMBL1110";"ALOSETRON";"4.0";"294.36";"0";"2.41";"ALOSETRON";"Cc1[nH]cnc1CN1CCc2c(c3ccccc3n2C)C1=O";"Ki";"";"";"";"";"";"Inhibition < 50% @ 10 uM and thus dose-reponse curve not measured";"";"";"";"";"";"0";"CHEMBL1909126";"DRUGMATRIX: Chemokine CCR5 radioligand binding (ligand: [125I] MIP-1alpha)";"B";"BAO_0000249";"cell membrane format";"None";"None";"None";"HEK293";"Membrane";"";"";"";"CHEMBL274";"C-C chemokine receptor type 5";"Homo sapiens";"SINGLE PROTEIN";"CHEMBL1909046";"15";"DrugMatrix";"";"";"CHEMBL3307715";"";"";"Not Active";""
"CHEMBL108569";"";"None";"485.47";"1";"5.60";"14";"Cc1cccc(C)c1C(=O)N1CCC(C)(N2CCC(Oc3ccc(Br)cc3)CC2)CC1";"Ki";"'='";"29.0";"nM";"7.54";"";"";"UO_0000065";"15.53";"0.33";"1.94";"22.99";"0";"CHEMBL649944";"Inhibition of RANTES binding to C-C chemokine receptor type 5";"B";"BAO_0000357";"single protein format";"None";"None";"None";"None";"None";"";"";"";"CHEMBL274";"C-C chemokine receptor type 5";"Homo sapiens";"SINGLE PROTEIN";"CHEMBL1134621";"1";"Scientific Literature";"J Med Chem";"2001";"None";"";"";"";"29.0"
"CHEMBL526";"PROPOFOL";"4.0";"178.27";"0";"3.64";"PROPOFOL";"CC(C)c1cccc(C(C)C)c1O";"Ki";"";"";"";"";"";"Inhibition < 50% @ 10 uM and thus dose-reponse curve not measured";"";"";"";"";"";"0";"CHEMBL1909126";"DRUGMATRIX: Chemokine CCR5 radioligand binding (ligand: [125I] MIP-1alpha)";"B";"BAO_0000249";"cell membrane format";"None";"None";"None";"HEK293";"Membrane";"";"";"";"CHEMBL274";"C-C chemokine receptor type 5";"Homo sapiens";"SINGLE PROTEIN";"CHEMBL1909046";"15";"DrugMatrix";"";"";"CHEMBL3307715";"";"";"Not Active";""
"CHEMBL1333512";"N,N'-DIPHENYL-P-PHENYLENEDIAMINE";"None";"260.34";"1";"5.17";"N,N'-DIPHENYL-P-PHENYLENEDIAMINE";"c1ccc(Nc2ccc(Nc3ccccc3)cc2)cc1";"Ki";"";"";"";"";"";"Inhibition < 50% @ 10 uM and thus dose-reponse curve not measured";"";"";"";"";"";"0";"CHEMBL1909126";"DRUGMATRIX: Chemokine CCR5 radioligand binding (ligand: [125I] MIP-1alpha)";"B";"BAO_0000249";"cell membrane format";"None";"None";"None";"HEK293";"Membrane";"";"";"";"CHEMBL274";"C-C chemokine receptor type 5";"Homo sapiens";"SINGLE PROTEIN";"CHEMBL1909046";"15";"DrugMatrix";"";"";"CHEMBL3307715";"";"";"Not Active";""
"CHEMBL310555";"OXYQUINOLINE";"-1.0";"145.16";"0";"1.94";"OXYQUINOLINE";"Oc1cccc2cccnc12";"Ki";"";"";"";"";"";"Inhibition < 50% @ 10 uM and thus dose-reponse curve not measured";"";"";"";"";"";"0";"CHEMBL1909126";"DRUGMATRIX: Chemokine CCR5 radioligand binding (ligand: [125I] MIP-1alpha)";"B";"BAO_0000249";"cell membrane format";"None";"None";"None";"HEK293";"Membrane";"";"";"";"CHEMBL274";"C-C chemokine receptor type 5";"Homo sapiens";"SINGLE PROTEIN";"CHEMBL1909046";"15";"DrugMatrix";"";"";"CHEMBL3307715";"";"";"Not Active";""
"CHEMBL762";"OXYMETAZOLINE";"4.0";"260.38";"0";"2.85";"OXYMETAZOLINE";"Cc1cc(C(C)(C)C)c(O)c(C)c1CC1=NCCN1";"Ki";"";"";"";"";"";"Inhibition < 50% @ 10 uM and thus dose-reponse curve not measured";"";"";"";"";"";"0";"CHEMBL1909126";"DRUGMATRIX: Chemokine CCR5 radioligand binding (ligand: [125I] MIP-1alpha)";"B";"BAO_0000249";"cell membrane format";"None";"None";"None";"HEK293";"Membrane";"";"";"";"CHEMBL274";"C-C chemokine receptor type 5";"Homo sapiens";"SINGLE PROTEIN";"CHEMBL1909046";"15";"DrugMatrix";"";"";"CHEMBL3307715";"";"";"Not Active";""
"CHEMBL637";"VENLAFAXINE";"4.0";"277.41";"0";"3.04";"VENLAFAXINE";"COc1ccc(C(CN(C)C)C2(O)CCCCC2)cc1";"Ki";"";"";"";"";"";"Inhibition < 50% @ 10 uM and thus dose-reponse curve not measured";"";"";"";"";"";"0";"CHEMBL1909126";"DRUGMATRIX: Chemokine CCR5 radioligand binding (ligand: [125I] MIP-1alpha)";"B";"BAO_0000249";"cell membrane format";"None";"None";"None";"HEK293";"Membrane";"";"";"";"CHEMBL274";"C-C chemokine receptor type 5";"Homo sapiens";"SINGLE PROTEIN";"CHEMBL1909046";"15";"DrugMatrix";"";"";"CHEMBL3307715";"";"";"Not Active";""
"CHEMBL119385";"NEFLAMAPIMOD";"2.0";"436.27";"1";"5.49";"VX-745";"O=c1ncn2nc(Sc3ccc(F)cc3F)ccc2c1-c1c(Cl)cccc1Cl";"Ki";"";"";"";"";"";"Inhibition < 50% @ 10 uM and thus dose-reponse curve not measured";"";"";"";"";"";"0";"CHEMBL1909126";"DRUGMATRIX: Chemokine CCR5 radioligand binding (ligand: [125I] MIP-1alpha)";"B";"BAO_0000249";"cell membrane format";"None";"None";"None";"HEK293";"Membrane";"";"";"";"CHEMBL274";"C-C chemokine receptor type 5";"Homo sapiens";"SINGLE PROTEIN";"CHEMBL1909046";"15";"DrugMatrix";"";"";"CHEMBL3307715";"";"";"Not Active";""
"CHEMBL559147";"Y-27632";"None";"247.34";"0";"2.17";"Y-27632";"C[C@@H](N)[C@H]1CC[C@H](C(=O)Nc2ccncc2)CC1";"Ki";"";"";"";"";"";"Inhibition < 50% @ 10 uM and thus dose-reponse curve not measured";"";"";"";"";"";"0";"CHEMBL1909126";"DRUGMATRIX: Chemokine CCR5 radioligand binding (ligand: [125I] MIP-1alpha)";"B";"BAO_0000249";"cell membrane format";"None";"None";"None";"HEK293";"Membrane";"";"";"";"CHEMBL274";"C-C chemokine receptor type 5";"Homo sapiens";"SINGLE PROTEIN";"CHEMBL1909046";"15";"DrugMatrix";"";"";"CHEMBL3307715";"";"";"Not Active";""
"CHEMBL983";"SUCCINYLCHOLINE CHLORIDE";"4.0";"361.31";"0";"0.27";"SUXAMETHONIUM CHLORIDE";"C[N+](C)(C)CCOC(=O)CCC(=O)OCC[N+](C)(C)C.[Cl-].[Cl-]";"Ki";"";"";"";"";"";"Inhibition < 50% @ 10 uM and thus dose-reponse curve not measured";"";"";"";"";"";"0";"CHEMBL1909126";"DRUGMATRIX: Chemokine CCR5 radioligand binding (ligand: [125I] MIP-1alpha)";"B";"BAO_0000249";"cell membrane format";"None";"None";"None";"HEK293";"Membrane";"";"";"";"CHEMBL274";"C-C chemokine receptor type 5";"Homo sapiens";"SINGLE PROTEIN";"CHEMBL1909046";"15";"DrugMatrix";"";"";"CHEMBL3307715";"";"";"Not Active";""
"CHEMBL141";"LAMIVUDINE";"4.0";"229.26";"0";"-0.59";"LAMIVUDINE";"Nc1ccn([C@@H]2CS[C@H](CO)O2)c(=O)n1";"Ki";"";"";"";"";"";"Inhibition < 50% @ 10 uM and thus dose-reponse curve not measured";"";"";"";"";"";"0";"CHEMBL1909126";"DRUGMATRIX: Chemokine CCR5 radioligand binding (ligand: [125I] MIP-1alpha)";"B";"BAO_0000249";"cell membrane format";"None";"None";"None";"HEK293";"Membrane";"";"";"";"CHEMBL274";"C-C chemokine receptor type 5";"Homo sapiens";"SINGLE PROTEIN";"CHEMBL1909046";"15";"DrugMatrix";"";"";"CHEMBL3307715";"";"";"Not Active";""
"CHEMBL112659";"";"None";"545.51";"2";"5.28";"56";"Cc1cccc(C)c1C(=O)N1CCC(N2CCN([C@@H](C)c3ccc(I)cc3)[C@@H](C)C2)CC1";"Ki";"'='";"20.0";"nM";"7.70";"";"";"UO_0000065";"14.11";"0.33";"2.42";"28.74";"1";"CHEMBL649945";"Inhibition of RANTES binding to the human C-C chemokine receptor type 5 (CCR5)";"B";"BAO_0000357";"single protein format";"None";"None";"None";"None";"None";"";"";"";"CHEMBL274";"C-C chemokine receptor type 5";"Homo sapiens";"SINGLE PROTEIN";"CHEMBL1144903";"1";"Scientific Literature";"J Med Chem";"2003";"None";"";"";"";"20.0"
"CHEMBL111998";"";"None";"503.61";"2";"5.48";"63";"Cc1cccc(O)c1C(=O)N1CCC(C)(N2CCN([C@@H](C)c3ccc(C(F)(F)F)cc3)[C@@H](C)C2)CC1";"Ki";"'='";"5.0";"nM";"8.30";"";"";"UO_0000065";"16.48";"0.31";"2.82";"17.65";"1";"CHEMBL649945";"Inhibition of RANTES binding to the human C-C chemokine receptor type 5 (CCR5)";"B";"BAO_0000357";"single protein format";"None";"None";"None";"None";"None";"";"";"";"CHEMBL274";"C-C chemokine receptor type 5";"Homo sapiens";"SINGLE PROTEIN";"CHEMBL1144903";"1";"Scientific Literature";"J Med Chem";"2003";"None";"";"";"";"5.0"
"CHEMBL112299";"";"None";"513.70";"1";"3.87";"66";"Cc1cccc(O)c1C(=O)N1CCC(C)(N2CCN([C@@H](C)c3ccc(S(C)(=O)=O)cc3)[C@@H](C)C2)CC1";"Ki";"'='";"15.0";"nM";"7.82";"";"";"UO_0000065";"15.23";"0.30";"3.95";"9.64";"1";"CHEMBL649945";"Inhibition of RANTES binding to the human C-C chemokine receptor type 5 (CCR5)";"B";"BAO_0000357";"single protein format";"None";"None";"None";"None";"None";"";"";"";"CHEMBL274";"C-C chemokine receptor type 5";"Homo sapiens";"SINGLE PROTEIN";"CHEMBL1144903";"1";"Scientific Literature";"J Med Chem";"2003";"None";"";"";"";"15.0"
"CHEMBL2178569";"";"None";"519.04";"2";"5.63";"2, MLN3897";"CC1(C)CN(CC/C=C2/c3cc(C(=O)O)ccc3OCc3ncccc32)C[C@H](c2ccc(Cl)cc2)[C@H]1O";"Ki";"'='";"1.0";"nM";"9.00";"";"";"UO_0000065";"17.34";"0.33";"3.37";"10.86";"0";"CHEMBL2184878";"Binding affinity to CCR5";"B";"BAO_0000357";"single protein format";"None";"None";"None";"None";"None";"";"";"";"CHEMBL274";"C-C chemokine receptor type 5";"Homo sapiens";"SINGLE PROTEIN";"CHEMBL2176887";"1";"Scientific Literature";"J Med Chem";"2012";"None";"";"";"";"1.0"
"CHEMBL63757";"";"None";"525.69";"2";"5.05";"13b";"Cc1cccc(C)c1C(=O)N1CCC(N2CCN(Cc3ccc(Cc4ccc5c(c4)OCO5)cc3)CC2)CC1";"Ki";"'='";"352.0";"nM";"6.45";"";"";"UO_0000065";"12.28";"0.23";"1.40";"14.26";"0";"CHEMBL649954";"Inhibition of [125I]-labeled RANTES binding to C-C chemokine receptor type 5";"B";"BAO_0000357";"single protein format";"None";"None";"None";"None";"None";"";"";"";"CHEMBL274";"C-C chemokine receptor type 5";"Homo sapiens";"SINGLE PROTEIN";"CHEMBL1133909";"1";"Scientific Literature";"Bioorg Med Chem Lett";"2001";"None";"";"";"";"352.0"
"CHEMBL2106399";"KITASAMYCIN";"2.0";"785.97";"2";"2.44";"KITASAMYCIN";"CO[C@@H]1[C@@H](O[C@@H]2O[C@H](C)[C@@H](O[C@H]3C[C@@](C)(O)[C@@H](OC(=O)CC(C)C)[C@H](C)O3)[C@H](N(C)C)[C@H]2O)[C@@H](CC=O)C[C@@H](C)[C@@H](O)/C=C/C=C/C[C@@H](C)OC(=O)C[C@H]1O";"Ki";"";"";"";"";"";"Inhibition < 50% @ 10 uM and thus dose-reponse curve not measured";"";"";"";"";"";"0";"CHEMBL1909126";"DRUGMATRIX: Chemokine CCR5 radioligand binding (ligand: [125I] MIP-1alpha)";"B";"BAO_0000249";"cell membrane format";"None";"None";"None";"HEK293";"Membrane";"";"";"";"CHEMBL274";"C-C chemokine receptor type 5";"Homo sapiens";"SINGLE PROTEIN";"CHEMBL1909046";"15";"DrugMatrix";"";"";"CHEMBL3307715";"";"";"Not Active";""
"CHEMBL139607";"";"None";"543.51";"1";"4.54";"41";"CCO/N=C(/c1ccc(Br)cc1)C1CCN(C2(C)CCN(C(=O)c3c(C)ccc[n+]3[O-])CC2)CC1";"Ki";"'='";"16.0";"nM";"7.80";"";"";"UO_0000065";"14.34";"0.30";"3.26";"10.82";"0";"CHEMBL649945";"Inhibition of RANTES binding to the human C-C chemokine receptor type 5 (CCR5)";"B";"BAO_0000357";"single protein format";"None";"None";"None";"None";"None";"";"";"";"CHEMBL274";"C-C chemokine receptor type 5";"Homo sapiens";"SINGLE PROTEIN";"CHEMBL1144903";"1";"Scientific Literature";"J Med Chem";"2003";"None";"";"";"";"16.0"
"CHEMBL423192";"ANISOMYCIN";"None";"265.31";"0";"0.50";"ANISOMYCIN";"COc1ccc(C[C@H]2NC[C@H](O)[C@H]2OC(C)=O)cc1";"Ki";"";"";"";"";"";"Inhibition < 50% @ 10 uM and thus dose-reponse curve not measured";"";"";"";"";"";"0";"CHEMBL1909126";"DRUGMATRIX: Chemokine CCR5 radioligand binding (ligand: [125I] MIP-1alpha)";"B";"BAO_0000249";"cell membrane format";"None";"None";"None";"HEK293";"Membrane";"";"";"";"CHEMBL274";"C-C chemokine receptor type 5";"Homo sapiens";"SINGLE PROTEIN";"CHEMBL1909046";"15";"DrugMatrix";"";"";"CHEMBL3307715";"";"";"Not Active";""
"CHEMBL317476";"";"None";"488.59";"1";"6.15";"5";"Cc1cccc(C)c1C(=O)N1CCC(C)(N2CCC(Cc3ccc(OC(F)(F)F)cc3)CC2)CC1";"Ki";"'='";"55.0";"nM";"7.26";"";"";"UO_0000065";"14.86";"0.28";"1.11";"22.15";"0";"CHEMBL649945";"Inhibition of RANTES binding to the human C-C chemokine receptor type 5 (CCR5)";"B";"BAO_0000357";"single protein format";"None";"None";"None";"None";"None";"";"";"";"CHEMBL274";"C-C chemokine receptor type 5";"Homo sapiens";"SINGLE PROTEIN";"CHEMBL1144903";"1";"Scientific Literature";"J Med Chem";"2003";"None";"";"";"";"55.0"
"CHEMBL162946";"";"None";"541.53";"2";"5.61";"11a";"CCO/N=C(\c1ccc(Br)cc1)C1CCN(C2(C)CCN(C(=O)c3c(C)cncc3C)CC2)CC1";"Ki";"'='";"23.0";"nM";"7.64";"";"";"UO_0000065";"14.10";"0.30";"2.03";"13.16";"0";"CHEMBL650119";"Inhibition of [125I]RANTES binding to CCR5 receptor.";"B";"BAO_0000357";"single protein format";"None";"None";"None";"None";"None";"";"";"";"CHEMBL274";"C-C chemokine receptor type 5";"Homo sapiens";"SINGLE PROTEIN";"CHEMBL1136595";"1";"Scientific Literature";"Bioorg Med Chem Lett";"2003";"None";"";"";"";"23.0"
"CHEMBL422326";"";"None";"561.51";"1";"4.46";"13";"Cc1ncnc(C)c1C(=O)N1CCC(C)(N2CCN([C@@H](C)c3ccc(I)cc3)[C@@H](C)C2)CC1";"Ki";"'='";"11.0";"nM";"7.96";"";"";"UO_0000065";"14.17";"0.33";"3.50";"15.14";"0";"CHEMBL649953";"Ability to inhibit [125I]-labeled RANTES binding to the CCR5 receptor expressed in membrane preparations from CHO cells";"B";"BAO_0000219";"cell-based format";"None";"None";"None";"CHO";"None";"";"";"";"CHEMBL274";"C-C chemokine receptor type 5";"Homo sapiens";"SINGLE PROTEIN";"CHEMBL1136572";"1";"Scientific Literature";"Bioorg Med Chem Lett";"2003";"CHEMBL3308072";"";"";"";"11.0"
"CHEMBL282575";"ESTRADIOL BENZOATE";"2.0";"376.50";"1";"5.12";"BETA-ESTRADIOL 3-BENZOATE";"C[C@]12CC[C@@H]3c4ccc(OC(=O)c5ccccc5)cc4CC[C@H]3[C@@H]1CC[C@@H]2O";"Ki";"";"";"";"";"";"Inhibition < 50% @ 10 uM and thus dose-reponse curve not measured";"";"";"";"";"";"0";"CHEMBL1909126";"DRUGMATRIX: Chemokine CCR5 radioligand binding (ligand: [125I] MIP-1alpha)";"B";"BAO_0000249";"cell membrane format";"None";"None";"None";"HEK293";"Membrane";"";"";"";"CHEMBL274";"C-C chemokine receptor type 5";"Homo sapiens";"SINGLE PROTEIN";"CHEMBL1909046";"15";"DrugMatrix";"";"";"CHEMBL3307715";"";"";"Not Active";""
"CHEMBL7002";"CIGLITAZONE";"2.0";"333.45";"0";"3.93";"CIGLITAZONE";"CC1(COc2ccc(CC3SC(=O)NC3=O)cc2)CCCCC1";"Ki";"";"";"";"";"";"Inhibition < 50% @ 10 uM and thus dose-reponse curve not measured";"";"";"";"";"";"0";"CHEMBL1909126";"DRUGMATRIX: Chemokine CCR5 radioligand binding (ligand: [125I] MIP-1alpha)";"B";"BAO_0000249";"cell membrane format";"None";"None";"None";"HEK293";"Membrane";"";"";"";"CHEMBL274";"C-C chemokine receptor type 5";"Homo sapiens";"SINGLE PROTEIN";"CHEMBL1909046";"15";"DrugMatrix";"";"";"CHEMBL3307715";"";"";"Not Active";""
"CHEMBL1909055";"COBALTOUS CHLORIDE";"4.0";"129.84";"None";"None";"COBALT (II) CHLORIDE";"";"Ki";"";"";"";"";"";"Inhibition < 50% @ 10 uM and thus dose-reponse curve not measured";"";"";"";"";"";"0";"CHEMBL1909126";"DRUGMATRIX: Chemokine CCR5 radioligand binding (ligand: [125I] MIP-1alpha)";"B";"BAO_0000249";"cell membrane format";"None";"None";"None";"HEK293";"Membrane";"";"";"";"CHEMBL274";"C-C chemokine receptor type 5";"Homo sapiens";"SINGLE PROTEIN";"CHEMBL1909046";"15";"DrugMatrix";"";"";"CHEMBL3307715";"";"";"Not Active";""
"CHEMBL415";"CLOMIPRAMINE";"4.0";"314.86";"0";"4.53";"CLOMIPRAMINE";"CN(C)CCCN1c2ccccc2CCc2ccc(Cl)cc21";"Ki";"";"";"";"";"";"Inhibition < 50% @ 10 uM and thus dose-reponse curve not measured";"";"";"";"";"";"0";"CHEMBL1909126";"DRUGMATRIX: Chemokine CCR5 radioligand binding (ligand: [125I] MIP-1alpha)";"B";"BAO_0000249";"cell membrane format";"None";"None";"None";"HEK293";"Membrane";"";"";"";"CHEMBL274";"C-C chemokine receptor type 5";"Homo sapiens";"SINGLE PROTEIN";"CHEMBL1909046";"15";"DrugMatrix";"";"";"CHEMBL3307715";"";"";"Not Active";""
"CHEMBL140418";"";"None";"588.62";"2";"5.73";"100";"CCO/N=C(/c1ccc(Br)cc1)C1CCN(C2(C)CCN(C(=O)c3c(C)nc(SC)nc3C)CC2)CC1";"Ki";"'='";"1.3";"nM";"8.89";"";"";"UO_0000065";"15.10";"0.33";"3.16";"12.53";"0";"CHEMBL649945";"Inhibition of RANTES binding to the human C-C chemokine receptor type 5 (CCR5)";"B";"BAO_0000357";"single protein format";"None";"None";"None";"None";"None";"";"";"";"CHEMBL274";"C-C chemokine receptor type 5";"Homo sapiens";"SINGLE PROTEIN";"CHEMBL1144903";"1";"Scientific Literature";"J Med Chem";"2003";"None";"";"";"";"1.3"
"CHEMBL112760";"";"None";"526.52";"2";"5.82";"18/17";"CO/N=C(/c1ccc(Br)cc1)C1CCN(C2(C)CCN(C(=O)c3c(C)cccc3C)CC2)CC1";"Ki";"'='";"25.0";"nM";"7.60";"";"";"UO_0000065";"14.44";"0.31";"1.78";"16.84";"1";"CHEMBL649945";"Inhibition of RANTES binding to the human C-C chemokine receptor type 5 (CCR5)";"B";"BAO_0000357";"single protein format";"None";"None";"None";"None";"None";"";"";"";"CHEMBL274";"C-C chemokine receptor type 5";"Homo sapiens";"SINGLE PROTEIN";"CHEMBL1144903";"1";"Scientific Literature";"J Med Chem";"2003";"None";"";"";"";"25.0"
"CHEMBL4649901";"BLEOMYCIN A2";"None";"1495.48";"None";"None";"BLEOMYCIN A2";"Cc1c(N)nc([C@H](CC(N)=O)NC[C@H](N)C(N)=O)nc1C(=O)N[C@H](C(=O)N[C@H](C)[C@@H](O)[C@H](C)C(=O)N[C@H](C(=O)NCCc1nc(-c2nc(C(=O)NCCC[S+](C)C)cs2)cs1)[C@@H](C)O)[C@@H](O[C@@H]1O[C@@H](CO)[C@@H](O)[C@H](O)[C@@H]1O[C@H]1O[C@H](CO)[C@@H](O)[C@H](OC(N)=O)[C@@H]1O)c1c[nH]cn1.[Br-]";"Ki";"";"";"";"";"";"Inhibition < 50% @ 10 uM and thus dose-reponse curve not measured";"";"";"";"";"";"0";"CHEMBL1909126";"DRUGMATRIX: Chemokine CCR5 radioligand binding (ligand: [125I] MIP-1alpha)";"B";"BAO_0000249";"cell membrane format";"None";"None";"None";"HEK293";"Membrane";"";"";"";"CHEMBL274";"C-C chemokine receptor type 5";"Homo sapiens";"SINGLE PROTEIN";"CHEMBL1909046";"15";"DrugMatrix";"";"";"CHEMBL3307715";"";"";"Not Active";""
"CHEMBL82301";"VICRIVIROC";"3.0";"533.64";"1";"4.50";"1, SCH-351125";"COC[C@@H](c1ccc(C(F)(F)F)cc1)N1CCN(C2(C)CCN(C(=O)c3c(C)ncnc3C)CC2)C[C@@H]1C";"Ki";"'='";"2.1";"nM";"8.68";"";"";"UO_0000065";"16.26";"0.31";"4.18";"14.04";"0";"CHEMBL650119";"Inhibition of [125I]RANTES binding to CCR5 receptor.";"B";"BAO_0000357";"single protein format";"None";"None";"None";"None";"None";"";"";"";"CHEMBL274";"C-C chemokine receptor type 5";"Homo sapiens";"SINGLE PROTEIN";"CHEMBL1136595";"1";"Scientific Literature";"Bioorg Med Chem Lett";"2003";"None";"";"";"";"2.1"
"CHEMBL139246";"";"None";"582.59";"2";"5.88";"17g";"CCO/N=C(/c1ccc(Br)cc1)C1CCN(C2(C)CCN(C(=O)c3c(C)nc(C4CC4)nc3C)CC2)CC1";"Ki";"'='";"25.0";"nM";"7.60";"";"";"UO_0000065";"13.05";"0.27";"1.72";"10.72";"1";"CHEMBL650119";"Inhibition of [125I]RANTES binding to CCR5 receptor.";"B";"BAO_0000357";"single protein format";"None";"None";"None";"None";"None";"";"";"";"CHEMBL274";"C-C chemokine receptor type 5";"Homo sapiens";"SINGLE PROTEIN";"CHEMBL1136595";"1";"Scientific Literature";"Bioorg Med Chem Lett";"2003";"None";"";"";"";"25.0"
"CHEMBL112760";"";"None";"526.52";"2";"5.82";"17";"CO/N=C(/c1ccc(Br)cc1)C1CCN(C2(C)CCN(C(=O)c3c(C)cccc3C)CC2)CC1";"Ki";"'='";"25.0";"nM";"7.60";"";"";"UO_0000065";"14.44";"0.31";"1.78";"16.84";"0";"CHEMBL649944";"Inhibition of RANTES binding to C-C chemokine receptor type 5";"B";"BAO_0000357";"single protein format";"None";"None";"None";"None";"None";"";"";"";"CHEMBL274";"C-C chemokine receptor type 5";"Homo sapiens";"SINGLE PROTEIN";"CHEMBL1134621";"1";"Scientific Literature";"J Med Chem";"2001";"None";"";"";"";"25.0"
"CHEMBL109158";"";"None";"527.51";"2";"5.10";"18c";"CO/N=C(\c1ccc(Br)cc1)C1CCN(C2(C)CCN(C(=O)c3c(C)cccc3N)CC2)CC1";"Ki";"'='";"4.5";"nM";"8.35";"";"";"UO_0000065";"15.82";"0.34";"3.25";"11.73";"0";"CHEMBL649944";"Inhibition of RANTES binding to C-C chemokine receptor type 5";"B";"BAO_0000357";"single protein format";"None";"None";"None";"None";"None";"";"";"";"CHEMBL274";"C-C chemokine receptor type 5";"Homo sapiens";"SINGLE PROTEIN";"CHEMBL1134621";"1";"Scientific Literature";"J Med Chem";"2001";"None";"";"";"";"4.5"
"CHEMBL468";"THALIDOMIDE";"4.0";"258.23";"0";"0.09";"THALIDOMIDE";"O=C1CCC(N2C(=O)c3ccccc3C2=O)C(=O)N1";"Ki";"";"";"";"";"";"Inhibition < 50% @ 10 uM and thus dose-reponse curve not measured";"";"";"";"";"";"0";"CHEMBL1909126";"DRUGMATRIX: Chemokine CCR5 radioligand binding (ligand: [125I] MIP-1alpha)";"B";"BAO_0000249";"cell membrane format";"None";"None";"None";"HEK293";"Membrane";"";"";"";"CHEMBL274";"C-C chemokine receptor type 5";"Homo sapiens";"SINGLE PROTEIN";"CHEMBL1909046";"15";"DrugMatrix";"";"";"CHEMBL3307715";"";"";"Not Active";""
"CHEMBL112";"ACETAMINOPHEN";"4.0";"151.16";"0";"1.35";"Acetaminophen (APAP)";"CC(=O)Nc1ccc(O)cc1";"Ki";"";"";"";"";"";"Inhibition < 50% @ 10 uM and thus dose-reponse curve not measured";"";"";"";"";"";"0";"CHEMBL1909126";"DRUGMATRIX: Chemokine CCR5 radioligand binding (ligand: [125I] MIP-1alpha)";"B";"BAO_0000249";"cell membrane format";"None";"None";"None";"HEK293";"Membrane";"";"";"";"CHEMBL274";"C-C chemokine receptor type 5";"Homo sapiens";"SINGLE PROTEIN";"CHEMBL1909046";"15";"DrugMatrix";"";"";"CHEMBL3307715";"";"";"Not Active";""
"CHEMBL121";"ROSIGLITAZONE";"4.0";"357.44";"0";"2.49";"ROSIGLITAZONE";"CN(CCOc1ccc(CC2SC(=O)NC2=O)cc1)c1ccccn1";"Ki";"";"";"";"";"";"Inhibition < 50% @ 10 uM and thus dose-reponse curve not measured";"";"";"";"";"";"0";"CHEMBL1909126";"DRUGMATRIX: Chemokine CCR5 radioligand binding (ligand: [125I] MIP-1alpha)";"B";"BAO_0000249";"cell membrane format";"None";"None";"None";"HEK293";"Membrane";"";"";"";"CHEMBL274";"C-C chemokine receptor type 5";"Homo sapiens";"SINGLE PROTEIN";"CHEMBL1909046";"15";"DrugMatrix";"";"";"CHEMBL3307715";"";"";"Not Active";""
"CHEMBL103";"PROGESTERONE";"4.0";"314.47";"0";"4.72";"SID17388760";"CC(=O)[C@H]1CC[C@H]2[C@@H]3CCC4=CC(=O)CC[C@]4(C)[C@H]3CC[C@]12C";"Ki";"";"";"";"";"";"Inhibition < 50% @ 10 uM and thus dose-reponse curve not measured";"";"";"";"";"";"0";"CHEMBL1909126";"DRUGMATRIX: Chemokine CCR5 radioligand binding (ligand: [125I] MIP-1alpha)";"B";"BAO_0000249";"cell membrane format";"None";"None";"None";"HEK293";"Membrane";"";"";"";"CHEMBL274";"C-C chemokine receptor type 5";"Homo sapiens";"SINGLE PROTEIN";"CHEMBL1909046";"15";"DrugMatrix";"";"";"CHEMBL3307715";"";"";"Not Active";""
"CHEMBL1042";"CHOLECALCIFEROL";"4.0";"384.65";"1";"7.62";"CHOLECALCIFEROL";"C=C1CC[C@H](O)C/C1=C/C=C1\CCC[C@]2(C)[C@@H]([C@H](C)CCCC(C)C)CC[C@@H]12";"Ki";"";"";"";"";"";"Inhibition < 50% @ 10 uM and thus dose-reponse curve not measured";"";"";"";"";"";"0";"CHEMBL1909126";"DRUGMATRIX: Chemokine CCR5 radioligand binding (ligand: [125I] MIP-1alpha)";"B";"BAO_0000249";"cell membrane format";"None";"None";"None";"HEK293";"Membrane";"";"";"";"CHEMBL274";"C-C chemokine receptor type 5";"Homo sapiens";"SINGLE PROTEIN";"CHEMBL1909046";"15";"DrugMatrix";"";"";"CHEMBL3307715";"";"";"Not Active";""
"CHEMBL184618";"FRAMYCETIN";"3.0";"614.65";"3";"-8.90";"NEOMYCIN";"NC[C@@H]1O[C@H](O[C@H]2[C@@H](O)[C@H](O[C@@H]3[C@@H](O)[C@H](N)C[C@H](N)[C@H]3O[C@H]3O[C@H](CN)[C@@H](O)[C@H](O)[C@H]3N)O[C@@H]2CO)[C@H](N)[C@@H](O)[C@@H]1O";"Ki";"";"";"";"";"";"Inhibition < 50% @ 10 uM and thus dose-reponse curve not measured";"";"";"";"";"";"0";"CHEMBL1909126";"DRUGMATRIX: Chemokine CCR5 radioligand binding (ligand: [125I] MIP-1alpha)";"B";"BAO_0000249";"cell membrane format";"None";"None";"None";"HEK293";"Membrane";"";"";"";"CHEMBL274";"C-C chemokine receptor type 5";"Homo sapiens";"SINGLE PROTEIN";"CHEMBL1909046";"15";"DrugMatrix";"";"";"CHEMBL3307715";"";"";"Not Active";""
"CHEMBL621";"TRAZODONE";"4.0";"371.87";"0";"2.36";"trazodone";"O=c1n(CCCN2CCN(c3cccc(Cl)c3)CC2)nc2ccccn12";"Ki";"";"";"";"";"";"Inhibition < 50% @ 10 uM and thus dose-reponse curve not measured";"";"";"";"";"";"0";"CHEMBL1909126";"DRUGMATRIX: Chemokine CCR5 radioligand binding (ligand: [125I] MIP-1alpha)";"B";"BAO_0000249";"cell membrane format";"None";"None";"None";"HEK293";"Membrane";"";"";"";"CHEMBL274";"C-C chemokine receptor type 5";"Homo sapiens";"SINGLE PROTEIN";"CHEMBL1909046";"15";"DrugMatrix";"";"";"CHEMBL3307715";"";"";"Not Active";""
"CHEMBL154111";"SALSALATE";"2.0";"258.23";"0";"2.31";"SALSALATE";"O=C(Oc1ccccc1C(=O)O)c1ccccc1O";"Ki";"";"";"";"";"";"Inhibition < 50% @ 10 uM and thus dose-reponse curve not measured";"";"";"";"";"";"0";"CHEMBL1909126";"DRUGMATRIX: Chemokine CCR5 radioligand binding (ligand: [125I] MIP-1alpha)";"B";"BAO_0000249";"cell membrane format";"None";"None";"None";"HEK293";"Membrane";"";"";"";"CHEMBL274";"C-C chemokine receptor type 5";"Homo sapiens";"SINGLE PROTEIN";"CHEMBL1909046";"15";"DrugMatrix";"";"";"CHEMBL3307715";"";"";"Not Active";""
"CHEMBL313493";"METHANESULFONIC ACID METHYL ESTER";"None";"110.13";"0";"-0.41";"METHYL METHANESULFONATE";"COS(C)(=O)=O";"Ki";"";"";"";"";"";"Inhibition < 50% @ 10 uM and thus dose-reponse curve not measured";"";"";"";"";"";"0";"CHEMBL1909126";"DRUGMATRIX: Chemokine CCR5 radioligand binding (ligand: [125I] MIP-1alpha)";"B";"BAO_0000249";"cell membrane format";"None";"None";"None";"HEK293";"Membrane";"";"";"";"CHEMBL274";"C-C chemokine receptor type 5";"Homo sapiens";"SINGLE PROTEIN";"CHEMBL1909046";"15";"DrugMatrix";"";"";"CHEMBL3307715";"";"";"Not Active";""
"CHEMBL531";"PERGOLIDE";"4.0";"314.50";"0";"4.27";"PERGOLIDE";"CCCN1C[C@H](CSC)C[C@@H]2c3cccc4[nH]cc(c34)C[C@H]21";"Ki";"";"";"";"";"";"Inhibition < 50% @ 10 uM and thus dose-reponse curve not measured";"";"";"";"";"";"0";"CHEMBL1909126";"DRUGMATRIX: Chemokine CCR5 radioligand binding (ligand: [125I] MIP-1alpha)";"B";"BAO_0000249";"cell membrane format";"None";"None";"None";"HEK293";"Membrane";"";"";"";"CHEMBL274";"C-C chemokine receptor type 5";"Homo sapiens";"SINGLE PROTEIN";"CHEMBL1909046";"15";"DrugMatrix";"";"";"CHEMBL3307715";"";"";"Not Active";""
"CHEMBL14060";"PHENOL";"4.0";"94.11";"0";"1.39";"PHENOL";"Oc1ccccc1";"Ki";"";"";"";"";"";"Inhibition < 50% @ 10 uM and thus dose-reponse curve not measured";"";"";"";"";"";"0";"CHEMBL1909126";"DRUGMATRIX: Chemokine CCR5 radioligand binding (ligand: [125I] MIP-1alpha)";"B";"BAO_0000249";"cell membrane format";"None";"None";"None";"HEK293";"Membrane";"";"";"";"CHEMBL274";"C-C chemokine receptor type 5";"Homo sapiens";"SINGLE PROTEIN";"CHEMBL1909046";"15";"DrugMatrix";"";"";"CHEMBL3307715";"";"";"Not Active";""
"CHEMBL19215";"METERGOLINE";"2.0";"403.53";"0";"4.06";"METERGOLINE";"CN1C[C@H](CNC(=O)OCc2ccccc2)C[C@@H]2c3cccc4c3c(cn4C)C[C@H]21";"Ki";"";"";"";"";"";"Inhibition < 50% @ 10 uM and thus dose-reponse curve not measured";"";"";"";"";"";"0";"CHEMBL1909126";"DRUGMATRIX: Chemokine CCR5 radioligand binding (ligand: [125I] MIP-1alpha)";"B";"BAO_0000249";"cell membrane format";"None";"None";"None";"HEK293";"Membrane";"";"";"";"CHEMBL274";"C-C chemokine receptor type 5";"Homo sapiens";"SINGLE PROTEIN";"CHEMBL1909046";"15";"DrugMatrix";"";"";"CHEMBL3307715";"";"";"Not Active";""
"CHEMBL157101";"KETOCONAZOLE";"4.0";"531.44";"1";"4.21";"ketoconazole";"CC(=O)N1CCN(c2ccc(OCC3COC(Cn4ccnc4)(c4ccc(Cl)cc4Cl)O3)cc2)CC1";"Ki";"";"";"";"";"";"Inhibition < 50% @ 10 uM and thus dose-reponse curve not measured";"";"";"";"";"";"0";"CHEMBL1909126";"DRUGMATRIX: Chemokine CCR5 radioligand binding (ligand: [125I] MIP-1alpha)";"B";"BAO_0000249";"cell membrane format";"None";"None";"None";"HEK293";"Membrane";"";"";"";"CHEMBL274";"C-C chemokine receptor type 5";"Homo sapiens";"SINGLE PROTEIN";"CHEMBL1909046";"15";"DrugMatrix";"";"";"CHEMBL3307715";"";"";"Not Active";""
"CHEMBL643";"PROMETHAZINE";"4.0";"284.43";"0";"4.24";"PROMETHAZINE";"CC(CN1c2ccccc2Sc2ccccc21)N(C)C";"Ki";"";"";"";"";"";"Inhibition < 50% @ 10 uM and thus dose-reponse curve not measured";"";"";"";"";"";"0";"CHEMBL1909126";"DRUGMATRIX: Chemokine CCR5 radioligand binding (ligand: [125I] MIP-1alpha)";"B";"BAO_0000249";"cell membrane format";"None";"None";"None";"HEK293";"Membrane";"";"";"";"CHEMBL274";"C-C chemokine receptor type 5";"Homo sapiens";"SINGLE PROTEIN";"CHEMBL1909046";"15";"DrugMatrix";"";"";"CHEMBL3307715";"";"";"Not Active";""
"CHEMBL462547";"URETHANE";"4.0";"89.09";"0";"0.10";"URETHANE";"CCOC(N)=O";"Ki";"";"";"";"";"";"Inhibition < 50% @ 10 uM and thus dose-reponse curve not measured";"";"";"";"";"";"0";"CHEMBL1909126";"DRUGMATRIX: Chemokine CCR5 radioligand binding (ligand: [125I] MIP-1alpha)";"B";"BAO_0000249";"cell membrane format";"None";"None";"None";"HEK293";"Membrane";"";"";"";"CHEMBL274";"C-C chemokine receptor type 5";"Homo sapiens";"SINGLE PROTEIN";"CHEMBL1909046";"15";"DrugMatrix";"";"";"CHEMBL3307715";"";"";"Not Active";""
"CHEMBL1201631";"INSULIN HUMAN";"4.0";"None";"None";"None";"INSULIN";"";"Ki";"";"";"";"";"";"Inhibition < 50% @ 10 uM and thus dose-reponse curve not measured";"";"";"";"";"";"0";"CHEMBL1909126";"DRUGMATRIX: Chemokine CCR5 radioligand binding (ligand: [125I] MIP-1alpha)";"B";"BAO_0000249";"cell membrane format";"None";"None";"None";"HEK293";"Membrane";"";"";"";"CHEMBL274";"C-C chemokine receptor type 5";"Homo sapiens";"SINGLE PROTEIN";"CHEMBL1909046";"15";"DrugMatrix";"";"";"CHEMBL3307715";"";"";"Not Active";""
"CHEMBL14053";"TRICHLOROACETIC ACID";"3.0";"163.39";"0";"1.44";"TRICHLOROACETIC ACID";"O=C(O)C(Cl)(Cl)Cl";"Ki";"";"";"";"";"";"Inhibition < 50% @ 10 uM and thus dose-reponse curve not measured";"";"";"";"";"";"0";"CHEMBL1909126";"DRUGMATRIX: Chemokine CCR5 radioligand binding (ligand: [125I] MIP-1alpha)";"B";"BAO_0000249";"cell membrane format";"None";"None";"None";"HEK293";"Membrane";"";"";"";"CHEMBL274";"C-C chemokine receptor type 5";"Homo sapiens";"SINGLE PROTEIN";"CHEMBL1909046";"15";"DrugMatrix";"";"";"CHEMBL3307715";"";"";"Not Active";""
"CHEMBL429023";"ROTENONE";"None";"394.42";"0";"3.70";"ROTENONE";"C=C(C)[C@H]1Cc2c(ccc3c2O[C@@H]2COc4cc(OC)c(OC)cc4[C@@H]2C3=O)O1";"Ki";"";"";"";"";"";"Inhibition < 50% @ 10 uM and thus dose-reponse curve not measured";"";"";"";"";"";"0";"CHEMBL1909126";"DRUGMATRIX: Chemokine CCR5 radioligand binding (ligand: [125I] MIP-1alpha)";"B";"BAO_0000249";"cell membrane format";"None";"None";"None";"HEK293";"Membrane";"";"";"";"CHEMBL274";"C-C chemokine receptor type 5";"Homo sapiens";"SINGLE PROTEIN";"CHEMBL1909046";"15";"DrugMatrix";"";"";"CHEMBL3307715";"";"";"Not Active";""
"CHEMBL1200679";"ZINC CHLORIDE";"4.0";"136.30";"None";"None";"ZINC CHLORIDE";"[Cl-].[Cl-].[Zn+2]";"Ki";"";"";"";"";"";"Inhibition < 50% @ 10 uM and thus dose-reponse curve not measured";"";"";"";"";"";"0";"CHEMBL1909126";"DRUGMATRIX: Chemokine CCR5 radioligand binding (ligand: [125I] MIP-1alpha)";"B";"BAO_0000249";"cell membrane format";"None";"None";"None";"HEK293";"Membrane";"";"";"";"CHEMBL274";"C-C chemokine receptor type 5";"Homo sapiens";"SINGLE PROTEIN";"CHEMBL1909046";"15";"DrugMatrix";"";"";"CHEMBL3307715";"";"";"Not Active";""
"CHEMBL1503";"OMEPRAZOLE";"4.0";"345.42";"0";"2.90";"OMEPRAZOLE";"COc1ccc2[nH]c([S+]([O-])Cc3ncc(C)c(OC)c3C)nc2c1";"Ki";"";"";"";"";"";"Inhibition < 50% @ 10 uM and thus dose-reponse curve not measured";"";"";"";"";"";"0";"CHEMBL1909126";"DRUGMATRIX: Chemokine CCR5 radioligand binding (ligand: [125I] MIP-1alpha)";"B";"BAO_0000249";"cell membrane format";"None";"None";"None";"HEK293";"Membrane";"";"";"";"CHEMBL274";"C-C chemokine receptor type 5";"Homo sapiens";"SINGLE PROTEIN";"CHEMBL1909046";"15";"DrugMatrix";"";"";"CHEMBL3307715";"";"";"Not Active";""
"CHEMBL569";"PROCAINE";"4.0";"236.31";"0";"1.77";"PROCAINE";"CCN(CC)CCOC(=O)c1ccc(N)cc1";"Ki";"";"";"";"";"";"Inhibition < 50% @ 10 uM and thus dose-reponse curve not measured";"";"";"";"";"";"0";"CHEMBL1909126";"DRUGMATRIX: Chemokine CCR5 radioligand binding (ligand: [125I] MIP-1alpha)";"B";"BAO_0000249";"cell membrane format";"None";"None";"None";"HEK293";"Membrane";"";"";"";"CHEMBL274";"C-C chemokine receptor type 5";"Homo sapiens";"SINGLE PROTEIN";"CHEMBL1909046";"15";"DrugMatrix";"";"";"CHEMBL3307715";"";"";"Not Active";""
"CHEMBL79";"LIDOCAINE";"4.0";"234.34";"0";"2.58";"LIDOCAINE";"CCN(CC)CC(=O)Nc1c(C)cccc1C";"Ki";"";"";"";"";"";"Inhibition < 50% @ 10 uM and thus dose-reponse curve not measured";"";"";"";"";"";"0";"CHEMBL1909126";"DRUGMATRIX: Chemokine CCR5 radioligand binding (ligand: [125I] MIP-1alpha)";"B";"BAO_0000249";"cell membrane format";"None";"None";"None";"HEK293";"Membrane";"";"";"";"CHEMBL274";"C-C chemokine receptor type 5";"Homo sapiens";"SINGLE PROTEIN";"CHEMBL1909046";"15";"DrugMatrix";"";"";"CHEMBL3307715";"";"";"Not Active";""
"CHEMBL91";"MICONAZOLE";"4.0";"416.13";"1";"6.45";"MICONAZOLE";"Clc1ccc(COC(Cn2ccnc2)c2ccc(Cl)cc2Cl)c(Cl)c1";"Ki";"";"";"";"";"";"Inhibition < 50% @ 10 uM and thus dose-reponse curve not measured";"";"";"";"";"";"0";"CHEMBL1909126";"DRUGMATRIX: Chemokine CCR5 radioligand binding (ligand: [125I] MIP-1alpha)";"B";"BAO_0000249";"cell membrane format";"None";"None";"None";"HEK293";"Membrane";"";"";"";"CHEMBL274";"C-C chemokine receptor type 5";"Homo sapiens";"SINGLE PROTEIN";"CHEMBL1909046";"15";"DrugMatrix";"";"";"CHEMBL3307715";"";"";"Not Active";""
"CHEMBL64";"ISONIAZID";"4.0";"137.14";"0";"-0.31";"isoniazid";"NNC(=O)c1ccncc1";"Ki";"";"";"";"";"";"Inhibition < 50% @ 10 uM and thus dose-reponse curve not measured";"";"";"";"";"";"0";"CHEMBL1909126";"DRUGMATRIX: Chemokine CCR5 radioligand binding (ligand: [125I] MIP-1alpha)";"B";"BAO_0000249";"cell membrane format";"None";"None";"None";"HEK293";"Membrane";"";"";"";"CHEMBL274";"C-C chemokine receptor type 5";"Homo sapiens";"SINGLE PROTEIN";"CHEMBL1909046";"15";"DrugMatrix";"";"";"CHEMBL3307715";"";"";"Not Active";""
"CHEMBL1630578";"TIRILAZAD";"3.0";"624.87";"2";"5.46";"TIRILAZAD";"C[C@@H]1C[C@H]2[C@@H]3CCC4=CC(=O)C=C[C@]4(C)C3=CC[C@]2(C)[C@H]1C(=O)CN1CCN(c2cc(N3CCCC3)nc(N3CCCC3)n2)CC1";"Ki";"";"";"";"";"";"Inhibition < 50% @ 10 uM and thus dose-reponse curve not measured";"";"";"";"";"";"0";"CHEMBL1909126";"DRUGMATRIX: Chemokine CCR5 radioligand binding (ligand: [125I] MIP-1alpha)";"B";"BAO_0000249";"cell membrane format";"None";"None";"None";"HEK293";"Membrane";"";"";"";"CHEMBL274";"C-C chemokine receptor type 5";"Homo sapiens";"SINGLE PROTEIN";"CHEMBL1909046";"15";"DrugMatrix";"";"";"CHEMBL3307715";"";"";"Not Active";""
"CHEMBL395110";"MEPAZINE";"4.0";"310.47";"0";"4.63";"MEPAZINE";"CN1CCCC(CN2c3ccccc3Sc3ccccc32)C1";"Ki";"";"";"";"";"";"Inhibition < 50% @ 10 uM and thus dose-reponse curve not measured";"";"";"";"";"";"0";"CHEMBL1909126";"DRUGMATRIX: Chemokine CCR5 radioligand binding (ligand: [125I] MIP-1alpha)";"B";"BAO_0000249";"cell membrane format";"None";"None";"None";"HEK293";"Membrane";"";"";"";"CHEMBL274";"C-C chemokine receptor type 5";"Homo sapiens";"SINGLE PROTEIN";"CHEMBL1909046";"15";"DrugMatrix";"";"";"CHEMBL3307715";"";"";"Not Active";""
"CHEMBL1687";"";"None";"645.20";"2";"6.70";"D-TUBOCURARINE CHLORIDE";"COc1cc2c3cc1Oc1cc(ccc1O)C[C@@H]1c4c(cc(OC)c(O)c4Oc4ccc(cc4)C[C@@H]3N(C)CC2)CC[N+]1(C)C.[Cl-]";"Ki";"";"";"";"";"";"Inhibition < 50% @ 10 uM and thus dose-reponse curve not measured";"";"";"";"";"";"0";"CHEMBL1909126";"DRUGMATRIX: Chemokine CCR5 radioligand binding (ligand: [125I] MIP-1alpha)";"B";"BAO_0000249";"cell membrane format";"None";"None";"None";"HEK293";"Membrane";"";"";"";"CHEMBL274";"C-C chemokine receptor type 5";"Homo sapiens";"SINGLE PROTEIN";"CHEMBL1909046";"15";"DrugMatrix";"";"";"CHEMBL3307715";"";"";"Not Active";""
"CHEMBL1729";"CISAPRIDE";"4.0";"465.95";"0";"3.36";"CISAPRIDE";"COc1cc(N)c(Cl)cc1C(=O)NC1CCN(CCCOc2ccc(F)cc2)CC1OC";"Ki";"";"";"";"";"";"Inhibition < 50% @ 10 uM and thus dose-reponse curve not measured";"";"";"";"";"";"0";"CHEMBL1909126";"DRUGMATRIX: Chemokine CCR5 radioligand binding (ligand: [125I] MIP-1alpha)";"B";"BAO_0000249";"cell membrane format";"None";"None";"None";"HEK293";"Membrane";"";"";"";"CHEMBL274";"C-C chemokine receptor type 5";"Homo sapiens";"SINGLE PROTEIN";"CHEMBL1909046";"15";"DrugMatrix";"";"";"CHEMBL3307715";"";"";"Not Active";""
"CHEMBL282468";"CHOLINE CHLORIDE";"4.0";"139.63";"0";"-0.32";"CHOLINE CHLORIDE";"C[N+](C)(C)CCO.[Cl-]";"Ki";"";"";"";"";"";"Inhibition < 50% @ 10 uM and thus dose-reponse curve not measured";"";"";"";"";"";"0";"CHEMBL1909126";"DRUGMATRIX: Chemokine CCR5 radioligand binding (ligand: [125I] MIP-1alpha)";"B";"BAO_0000249";"cell membrane format";"None";"None";"None";"HEK293";"Membrane";"";"";"";"CHEMBL274";"C-C chemokine receptor type 5";"Homo sapiens";"SINGLE PROTEIN";"CHEMBL1909046";"15";"DrugMatrix";"";"";"CHEMBL3307715";"";"";"Not Active";""
"CHEMBL1586";"BECLOMETHASONE";"2.0";"408.92";"0";"2.17";"BECLOMETHASONE";"C[C@H]1C[C@H]2[C@@H]3CCC4=CC(=O)C=C[C@]4(C)[C@@]3(Cl)[C@@H](O)C[C@]2(C)[C@@]1(O)C(=O)CO";"Ki";"";"";"";"";"";"Inhibition < 50% @ 10 uM and thus dose-reponse curve not measured";"";"";"";"";"";"0";"CHEMBL1909126";"DRUGMATRIX: Chemokine CCR5 radioligand binding (ligand: [125I] MIP-1alpha)";"B";"BAO_0000249";"cell membrane format";"None";"None";"None";"HEK293";"Membrane";"";"";"";"CHEMBL274";"C-C chemokine receptor type 5";"Homo sapiens";"SINGLE PROTEIN";"CHEMBL1909046";"15";"DrugMatrix";"";"";"CHEMBL3307715";"";"";"Not Active";""
"CHEMBL127516";"BUTAMBEN";"4.0";"193.25";"0";"2.23";"BUTAMBEN";"CCCCOC(=O)c1ccc(N)cc1";"Ki";"";"";"";"";"";"Inhibition < 50% @ 10 uM and thus dose-reponse curve not measured";"";"";"";"";"";"0";"CHEMBL1909126";"DRUGMATRIX: Chemokine CCR5 radioligand binding (ligand: [125I] MIP-1alpha)";"B";"BAO_0000249";"cell membrane format";"None";"None";"None";"HEK293";"Membrane";"";"";"";"CHEMBL274";"C-C chemokine receptor type 5";"Homo sapiens";"SINGLE PROTEIN";"CHEMBL1909046";"15";"DrugMatrix";"";"";"CHEMBL3307715";"";"";"Not Active";""
"CHEMBL18797";"SULINDAC SULFIDE";"-1.0";"340.42";"1";"5.35";"SULINDAC SULFIDE";"CSc1ccc(/C=C2/C(C)=C(CC(=O)O)c3cc(F)ccc32)cc1";"Ki";"";"";"";"";"";"Inhibition < 50% @ 10 uM and thus dose-reponse curve not measured";"";"";"";"";"";"0";"CHEMBL1909126";"DRUGMATRIX: Chemokine CCR5 radioligand binding (ligand: [125I] MIP-1alpha)";"B";"BAO_0000249";"cell membrane format";"None";"None";"None";"HEK293";"Membrane";"";"";"";"CHEMBL274";"C-C chemokine receptor type 5";"Homo sapiens";"SINGLE PROTEIN";"CHEMBL1909046";"15";"DrugMatrix";"";"";"CHEMBL3307715";"";"";"Not Active";""
"CHEMBL1660";"RIFAPENTINE";"4.0";"877.04";"4";"5.65";"RIFAPENTINE";"CO[C@H]1/C=C/O[C@@]2(C)Oc3c(C)c(O)c4c(O)c(c(/C=N/N5CCN(C6CCCC6)CC5)c(O)c4c3C2=O)NC(=O)/C(C)=C\C=C\[C@H](C)[C@H](O)[C@@H](C)[C@@H](O)[C@@H](C)[C@H](OC(C)=O)[C@@H]1C";"Ki";"";"";"";"";"";"Inhibition < 50% @ 10 uM and thus dose-reponse curve not measured";"";"";"";"";"";"0";"CHEMBL1909126";"DRUGMATRIX: Chemokine CCR5 radioligand binding (ligand: [125I] MIP-1alpha)";"B";"BAO_0000249";"cell membrane format";"None";"None";"None";"HEK293";"Membrane";"";"";"";"CHEMBL274";"C-C chemokine receptor type 5";"Homo sapiens";"SINGLE PROTEIN";"CHEMBL1909046";"15";"DrugMatrix";"";"";"CHEMBL3307715";"";"";"Not Active";""
"CHEMBL1123";"DICYCLOMINE";"4.0";"309.49";"0";"4.40";"DICYCLOMINE";"CCN(CC)CCOC(=O)C1(C2CCCCC2)CCCCC1";"Ki";"";"";"";"";"";"Inhibition < 50% @ 10 uM and thus dose-reponse curve not measured";"";"";"";"";"";"0";"CHEMBL1909126";"DRUGMATRIX: Chemokine CCR5 radioligand binding (ligand: [125I] MIP-1alpha)";"B";"BAO_0000249";"cell membrane format";"None";"None";"None";"HEK293";"Membrane";"";"";"";"CHEMBL274";"C-C chemokine receptor type 5";"Homo sapiens";"SINGLE PROTEIN";"CHEMBL1909046";"15";"DrugMatrix";"";"";"CHEMBL3307715";"";"";"Not Active";""
"CHEMBL1592";"QUINAPRIL";"4.0";"438.52";"0";"2.57";"QUINAPRIL";"CCOC(=O)[C@H](CCc1ccccc1)N[C@@H](C)C(=O)N1Cc2ccccc2C[C@H]1C(=O)O";"Ki";"";"";"";"";"";"Inhibition < 50% @ 10 uM and thus dose-reponse curve not measured";"";"";"";"";"";"0";"CHEMBL1909126";"DRUGMATRIX: Chemokine CCR5 radioligand binding (ligand: [125I] MIP-1alpha)";"B";"BAO_0000249";"cell membrane format";"None";"None";"None";"HEK293";"Membrane";"";"";"";"CHEMBL274";"C-C chemokine receptor type 5";"Homo sapiens";"SINGLE PROTEIN";"CHEMBL1909046";"15";"DrugMatrix";"";"";"CHEMBL3307715";"";"";"Not Active";""
"CHEMBL597";"PHENTOLAMINE";"4.0";"281.36";"0";"2.84";"PHENTOLAMINE";"Cc1ccc(N(CC2=NCCN2)c2cccc(O)c2)cc1";"Ki";"";"";"";"";"";"Inhibition < 50% @ 10 uM and thus dose-reponse curve not measured";"";"";"";"";"";"0";"CHEMBL1909126";"DRUGMATRIX: Chemokine CCR5 radioligand binding (ligand: [125I] MIP-1alpha)";"B";"BAO_0000249";"cell membrane format";"None";"None";"None";"HEK293";"Membrane";"";"";"";"CHEMBL274";"C-C chemokine receptor type 5";"Homo sapiens";"SINGLE PROTEIN";"CHEMBL1909046";"15";"DrugMatrix";"";"";"CHEMBL3307715";"";"";"Not Active";""
"CHEMBL1069";"VALSARTAN";"4.0";"435.53";"0";"4.16";"VALSARTAN";"CCCCC(=O)N(Cc1ccc(-c2ccccc2-c2nnn[nH]2)cc1)[C@H](C(=O)O)C(C)C";"Ki";"";"";"";"";"";"Inhibition < 50% @ 10 uM and thus dose-reponse curve not measured";"";"";"";"";"";"0";"CHEMBL1909126";"DRUGMATRIX: Chemokine CCR5 radioligand binding (ligand: [125I] MIP-1alpha)";"B";"BAO_0000249";"cell membrane format";"None";"None";"None";"HEK293";"Membrane";"";"";"";"CHEMBL274";"C-C chemokine receptor type 5";"Homo sapiens";"SINGLE PROTEIN";"CHEMBL1909046";"15";"DrugMatrix";"";"";"CHEMBL3307715";"";"";"Not Active";""
"CHEMBL632";"BETAMETHASONE";"4.0";"392.47";"0";"1.90";"BETAMETHASONE";"C[C@H]1C[C@H]2[C@@H]3CCC4=CC(=O)C=C[C@]4(C)[C@@]3(F)[C@@H](O)C[C@]2(C)[C@@]1(O)C(=O)CO";"Ki";"";"";"";"";"";"Inhibition < 50% @ 10 uM and thus dose-reponse curve not measured";"";"";"";"";"";"0";"CHEMBL1909126";"DRUGMATRIX: Chemokine CCR5 radioligand binding (ligand: [125I] MIP-1alpha)";"B";"BAO_0000249";"cell membrane format";"None";"None";"None";"HEK293";"Membrane";"";"";"";"CHEMBL274";"C-C chemokine receptor type 5";"Homo sapiens";"SINGLE PROTEIN";"CHEMBL1909046";"15";"DrugMatrix";"";"";"CHEMBL3307715";"";"";"Not Active";""
"CHEMBL940";"GABAPENTIN";"4.0";"171.24";"0";"1.37";"GABAPENTIN";"NCC1(CC(=O)O)CCCCC1";"Ki";"";"";"";"";"";"Inhibition < 50% @ 10 uM and thus dose-reponse curve not measured";"";"";"";"";"";"0";"CHEMBL1909126";"DRUGMATRIX: Chemokine CCR5 radioligand binding (ligand: [125I] MIP-1alpha)";"B";"BAO_0000249";"cell membrane format";"None";"None";"None";"HEK293";"Membrane";"";"";"";"CHEMBL274";"C-C chemokine receptor type 5";"Homo sapiens";"SINGLE PROTEIN";"CHEMBL1909046";"15";"DrugMatrix";"";"";"CHEMBL3307715";"";"";"Not Active";""
"CHEMBL1643";"RIBAVIRIN";"4.0";"244.21";"0";"-3.01";"RIBAVIRIN";"NC(=O)c1ncn([C@@H]2O[C@H](CO)[C@@H](O)[C@H]2O)n1";"Ki";"";"";"";"";"";"Inhibition < 50% @ 10 uM and thus dose-reponse curve not measured";"";"";"";"";"";"0";"CHEMBL1909126";"DRUGMATRIX: Chemokine CCR5 radioligand binding (ligand: [125I] MIP-1alpha)";"B";"BAO_0000249";"cell membrane format";"None";"None";"None";"HEK293";"Membrane";"";"";"";"CHEMBL274";"C-C chemokine receptor type 5";"Homo sapiens";"SINGLE PROTEIN";"CHEMBL1909046";"15";"DrugMatrix";"";"";"CHEMBL3307715";"";"";"Not Active";""
"CHEMBL1200748";"CARBIDOPA";"4.0";"244.25";"0";"-0.05";"S(-)-CARBIDOPA";"C[C@@](Cc1ccc(O)c(O)c1)(NN)C(=O)O.O";"Ki";"";"";"";"";"";"Inhibition < 50% @ 10 uM and thus dose-reponse curve not measured";"";"";"";"";"";"0";"CHEMBL1909126";"DRUGMATRIX: Chemokine CCR5 radioligand binding (ligand: [125I] MIP-1alpha)";"B";"BAO_0000249";"cell membrane format";"None";"None";"None";"HEK293";"Membrane";"";"";"";"CHEMBL274";"C-C chemokine receptor type 5";"Homo sapiens";"SINGLE PROTEIN";"CHEMBL1909046";"15";"DrugMatrix";"";"";"CHEMBL3307715";"";"";"Not Active";""
"CHEMBL16080";"TRICHLOROETHANE";"4.0";"133.41";"0";"2.38";"TRICHLOROETHANE";"CC(Cl)(Cl)Cl";"Ki";"";"";"";"";"";"Inhibition < 50% @ 10 uM and thus dose-reponse curve not measured";"";"";"";"";"";"0";"CHEMBL1909126";"DRUGMATRIX: Chemokine CCR5 radioligand binding (ligand: [125I] MIP-1alpha)";"B";"BAO_0000249";"cell membrane format";"None";"None";"None";"HEK293";"Membrane";"";"";"";"CHEMBL274";"C-C chemokine receptor type 5";"Homo sapiens";"SINGLE PROTEIN";"CHEMBL1909046";"15";"DrugMatrix";"";"";"CHEMBL3307715";"";"";"Not Active";""
"CHEMBL163";"RITONAVIR";"4.0";"720.96";"2";"5.91";"RITONAVIR";"CC(C)c1nc(CN(C)C(=O)N[C@H](C(=O)N[C@@H](Cc2ccccc2)C[C@H](O)[C@H](Cc2ccccc2)NC(=O)OCc2cncs2)C(C)C)cs1";"Ki";"";"";"";"";"";"Inhibition < 50% @ 10 uM and thus dose-reponse curve not measured";"";"";"";"";"";"0";"CHEMBL1909126";"DRUGMATRIX: Chemokine CCR5 radioligand binding (ligand: [125I] MIP-1alpha)";"B";"BAO_0000249";"cell membrane format";"None";"None";"None";"HEK293";"Membrane";"";"";"";"CHEMBL274";"C-C chemokine receptor type 5";"Homo sapiens";"SINGLE PROTEIN";"CHEMBL1909046";"15";"DrugMatrix";"";"";"CHEMBL3307715";"";"";"Not Active";""
"CHEMBL1626";"CLEMASTINE";"4.0";"343.90";"1";"5.10";"CLEMASTINE";"CN1CCC[C@@H]1CCO[C@](C)(c1ccccc1)c1ccc(Cl)cc1";"Ki";"";"";"";"";"";"Inhibition < 50% @ 10 uM and thus dose-reponse curve not measured";"";"";"";"";"";"0";"CHEMBL1909126";"DRUGMATRIX: Chemokine CCR5 radioligand binding (ligand: [125I] MIP-1alpha)";"B";"BAO_0000249";"cell membrane format";"None";"None";"None";"HEK293";"Membrane";"";"";"";"CHEMBL274";"C-C chemokine receptor type 5";"Homo sapiens";"SINGLE PROTEIN";"CHEMBL1909046";"15";"DrugMatrix";"";"";"CHEMBL3307715";"";"";"Not Active";""
"CHEMBL1458880";"CADMIUM DICHLORIDE";"None";"183.32";"None";"None";"CADMIUM CHLORIDE";"";"Ki";"";"";"";"";"";"Inhibition < 50% @ 10 uM and thus dose-reponse curve not measured";"";"";"";"";"";"0";"CHEMBL1909126";"DRUGMATRIX: Chemokine CCR5 radioligand binding (ligand: [125I] MIP-1alpha)";"B";"BAO_0000249";"cell membrane format";"None";"None";"None";"HEK293";"Membrane";"";"";"";"CHEMBL274";"C-C chemokine receptor type 5";"Homo sapiens";"SINGLE PROTEIN";"CHEMBL1909046";"15";"DrugMatrix";"";"";"CHEMBL3307715";"";"";"Not Active";""
"CHEMBL105821";"";"None";"541.53";"2";"5.61";"19b";"CCO/N=C(\c1ccc(Br)cc1)C1CCN(C2(C)CCN(C(=O)c3c(C)ccnc3C)CC2)CC1";"Ki";"'='";"1.1";"nM";"8.96";"";"";"UO_0000065";"16.54";"0.35";"3.35";"15.44";"0";"CHEMBL649944";"Inhibition of RANTES binding to C-C chemokine receptor type 5";"B";"BAO_0000357";"single protein format";"None";"None";"None";"None";"None";"";"";"";"CHEMBL274";"C-C chemokine receptor type 5";"Homo sapiens";"SINGLE PROTEIN";"CHEMBL1134621";"1";"Scientific Literature";"J Med Chem";"2001";"None";"";"";"";"1.1"
"CHEMBL292625";"";"None";"484.48";"1";"5.64";"13";"Cc1cccc(C)c1C(=O)N1CCC(C)(N2CCC(Nc3ccc(Br)cc3)CC2)CC1";"Ki";"'='";"7.0";"nM";"8.15";"";"";"UO_0000065";"16.83";"0.36";"2.51";"22.92";"0";"CHEMBL649944";"Inhibition of RANTES binding to C-C chemokine receptor type 5";"B";"BAO_0000357";"single protein format";"None";"None";"None";"None";"None";"";"";"";"CHEMBL274";"C-C chemokine receptor type 5";"Homo sapiens";"SINGLE PROTEIN";"CHEMBL1134621";"1";"Scientific Literature";"J Med Chem";"2001";"None";"";"";"";"7.0"
"CHEMBL341758";"";"None";"570.58";"2";"5.64";"16e";"Cc1ncnc(C)c1C(=O)N1CCC(C)(N2CCC(/C(=N\OCC(C)C)c3ccc(Br)cc3)CC2)CC1";"Ki";"'='";"8.1";"nM";"8.09";"";"";"UO_0000065";"14.18";"0.30";"2.45";"11.41";"1";"CHEMBL650119";"Inhibition of [125I]RANTES binding to CCR5 receptor.";"B";"BAO_0000357";"single protein format";"None";"None";"None";"None";"None";"";"";"";"CHEMBL274";"C-C chemokine receptor type 5";"Homo sapiens";"SINGLE PROTEIN";"CHEMBL1136595";"1";"Scientific Literature";"Bioorg Med Chem Lett";"2003";"None";"";"";"";"8.1"
"CHEMBL335120";"";"None";"556.55";"2";"5.31";"17a";"CCO/N=C(/c1ccc(Br)cc1)C1CCN(C2(C)CCN(C(=O)c3c(C)nc(C)nc3C)CC2)CC1";"Ki";"'='";"2.1";"nM";"8.68";"";"";"UO_0000065";"15.59";"0.33";"3.37";"12.24";"1";"CHEMBL650119";"Inhibition of [125I]RANTES binding to CCR5 receptor.";"B";"BAO_0000357";"single protein format";"None";"None";"None";"None";"None";"";"";"";"CHEMBL274";"C-C chemokine receptor type 5";"Homo sapiens";"SINGLE PROTEIN";"CHEMBL1136595";"1";"Scientific Literature";"Bioorg Med Chem Lett";"2003";"None";"";"";"";"2.1"
"CHEMBL322251";"";"None";"518.62";"1";"4.72";"103";"Cc1cc[n+]([O-])c(C)c1C(=O)N1CCC(C)(N2CCN([C@@H](C)c3ccc(C(F)(F)F)cc3)[C@@H](C)C2)CC1";"Ki";"'='";"7.0";"nM";"8.15";"";"";"UO_0000065";"15.72";"0.30";"3.43";"15.18";"1";"CHEMBL649945";"Inhibition of RANTES binding to the human C-C chemokine receptor type 5 (CCR5)";"B";"BAO_0000357";"single protein format";"None";"None";"None";"None";"None";"";"";"";"CHEMBL274";"C-C chemokine receptor type 5";"Homo sapiens";"SINGLE PROTEIN";"CHEMBL1144903";"1";"Scientific Literature";"J Med Chem";"2003";"None";"";"";"";"7.0"
"CHEMBL343520";"";"None";"572.55";"2";"5.01";"17h";"CCO/N=C(/c1ccc(Br)cc1)C1CCN(C2(C)CCN(C(=O)c3c(C)nc(OC)nc3C)CC2)CC1";"Ki";"'='";"5.3";"nM";"8.28";"";"";"UO_0000065";"14.45";"0.31";"3.27";"10.33";"1";"CHEMBL650119";"Inhibition of [125I]RANTES binding to CCR5 receptor.";"B";"BAO_0000357";"single protein format";"None";"None";"None";"None";"None";"";"";"";"CHEMBL274";"C-C chemokine receptor type 5";"Homo sapiens";"SINGLE PROTEIN";"CHEMBL1136595";"1";"Scientific Literature";"Bioorg Med Chem Lett";"2003";"None";"";"";"";"5.3"
"CHEMBL139701";"";"None";"584.60";"2";"6.13";"17f";"CCO/N=C(/c1ccc(Br)cc1)C1CCN(C2(C)CCN(C(=O)c3c(C)nc(C(C)C)nc3C)CC2)CC1";"Ki";"'='";"43.0";"nM";"7.37";"";"";"UO_0000065";"12.60";"0.26";"1.24";"10.39";"1";"CHEMBL650119";"Inhibition of [125I]RANTES binding to CCR5 receptor.";"B";"BAO_0000357";"single protein format";"None";"None";"None";"None";"None";"";"";"";"CHEMBL274";"C-C chemokine receptor type 5";"Homo sapiens";"SINGLE PROTEIN";"CHEMBL1136595";"1";"Scientific Literature";"Bioorg Med Chem Lett";"2003";"None";"";"";"";"43.0"
"CHEMBL113072";"";"None";"511.73";"1";"4.47";"17";"Cc1cccc(C)c1C(=O)N1CCC(C)(N2CCN([C@@H](C)c3ccc(S(C)(=O)=O)cc3)[C@@H](C)C2)CC1";"Ki";"'='";"3.0";"nM";"8.52";"";"";"UO_0000065";"16.66";"0.32";"4.05";"13.99";"0";"CHEMBL649956";"Binding affinity towards C-C chemokine receptor type 5";"B";"BAO_0000357";"single protein format";"None";"None";"None";"None";"None";"";"";"";"CHEMBL274";"C-C chemokine receptor type 5";"Homo sapiens";"SINGLE PROTEIN";"CHEMBL1134622";"1";"Scientific Literature";"J Med Chem";"2001";"None";"";"";"";"3.0"
"CHEMBL1371937";"PANTHENOL";"3.0";"205.25";"0";"-1.14";"PANTHENOL";"CC(C)(CO)C(O)C(=O)NCCCO";"Ki";"";"";"";"";"";"Inhibition < 50% @ 10 uM and thus dose-reponse curve not measured";"";"";"";"";"";"0";"CHEMBL1909126";"DRUGMATRIX: Chemokine CCR5 radioligand binding (ligand: [125I] MIP-1alpha)";"B";"BAO_0000249";"cell membrane format";"None";"None";"None";"HEK293";"Membrane";"";"";"";"CHEMBL274";"C-C chemokine receptor type 5";"Homo sapiens";"SINGLE PROTEIN";"CHEMBL1909046";"15";"DrugMatrix";"";"";"CHEMBL3307715";"";"";"Not Active";""
"CHEMBL3";"NICOTINE";"4.0";"162.24";"0";"1.85";"NICOTINE";"CN1CCC[C@H]1c1cccnc1";"Ki";"";"";"";"";"";"Inhibition < 50% @ 10 uM and thus dose-reponse curve not measured";"";"";"";"";"";"0";"CHEMBL1909126";"DRUGMATRIX: Chemokine CCR5 radioligand binding (ligand: [125I] MIP-1alpha)";"B";"BAO_0000249";"cell membrane format";"None";"None";"None";"HEK293";"Membrane";"";"";"";"CHEMBL274";"C-C chemokine receptor type 5";"Homo sapiens";"SINGLE PROTEIN";"CHEMBL1909046";"15";"DrugMatrix";"";"";"CHEMBL3307715";"";"";"Not Active";""
"CHEMBL56337";"EPALRESTAT";"4.0";"319.41";"0";"2.92";"EPALRESTAT";"CC(/C=C1\SC(=S)N(CC(=O)O)C1=O)=C\c1ccccc1";"Ki";"";"";"";"";"";"Inhibition < 50% @ 10 uM and thus dose-reponse curve not measured";"";"";"";"";"";"0";"CHEMBL1909126";"DRUGMATRIX: Chemokine CCR5 radioligand binding (ligand: [125I] MIP-1alpha)";"B";"BAO_0000249";"cell membrane format";"None";"None";"None";"HEK293";"Membrane";"";"";"";"CHEMBL274";"C-C chemokine receptor type 5";"Homo sapiens";"SINGLE PROTEIN";"CHEMBL1909046";"15";"DrugMatrix";"";"";"CHEMBL3307715";"";"";"Not Active";""
"CHEMBL36994";"ANIRACETAM";"2.0";"219.24";"0";"1.46";"ANIRACETAM";"COc1ccc(C(=O)N2CCCC2=O)cc1";"Ki";"";"";"";"";"";"Inhibition < 50% @ 10 uM and thus dose-reponse curve not measured";"";"";"";"";"";"0";"CHEMBL1909126";"DRUGMATRIX: Chemokine CCR5 radioligand binding (ligand: [125I] MIP-1alpha)";"B";"BAO_0000249";"cell membrane format";"None";"None";"None";"HEK293";"Membrane";"";"";"";"CHEMBL274";"C-C chemokine receptor type 5";"Homo sapiens";"SINGLE PROTEIN";"CHEMBL1909046";"15";"DrugMatrix";"";"";"CHEMBL3307715";"";"";"Not Active";""
"CHEMBL1399";"ANASTROZOLE";"4.0";"293.37";"0";"2.93";"ANASTROZOLE";"CC(C)(C#N)c1cc(Cn2cncn2)cc(C(C)(C)C#N)c1";"Ki";"";"";"";"";"";"Inhibition < 50% @ 10 uM and thus dose-reponse curve not measured";"";"";"";"";"";"0";"CHEMBL1909126";"DRUGMATRIX: Chemokine CCR5 radioligand binding (ligand: [125I] MIP-1alpha)";"B";"BAO_0000249";"cell membrane format";"None";"None";"None";"HEK293";"Membrane";"";"";"";"CHEMBL274";"C-C chemokine receptor type 5";"Homo sapiens";"SINGLE PROTEIN";"CHEMBL1909046";"15";"DrugMatrix";"";"";"CHEMBL3307715";"";"";"Not Active";""
"CHEMBL184";"ACYCLOVIR";"4.0";"225.21";"0";"-1.33";"ACYCLOVIR";"Nc1nc2c(ncn2COCCO)c(=O)[nH]1";"Ki";"";"";"";"";"";"Inhibition < 50% @ 10 uM and thus dose-reponse curve not measured";"";"";"";"";"";"0";"CHEMBL1909126";"DRUGMATRIX: Chemokine CCR5 radioligand binding (ligand: [125I] MIP-1alpha)";"B";"BAO_0000249";"cell membrane format";"None";"None";"None";"HEK293";"Membrane";"";"";"";"CHEMBL274";"C-C chemokine receptor type 5";"Homo sapiens";"SINGLE PROTEIN";"CHEMBL1909046";"15";"DrugMatrix";"";"";"CHEMBL3307715";"";"";"Not Active";""
"CHEMBL1454946";"FLUBENDAZOLE";"2.0";"313.29";"0";"3.11";"FLUBENDAZOLE";"COC(=O)Nc1nc2cc(C(=O)c3ccc(F)cc3)ccc2[nH]1";"Ki";"";"";"";"";"";"Inhibition < 50% @ 10 uM and thus dose-reponse curve not measured";"";"";"";"";"";"0";"CHEMBL1909126";"DRUGMATRIX: Chemokine CCR5 radioligand binding (ligand: [125I] MIP-1alpha)";"B";"BAO_0000249";"cell membrane format";"None";"None";"None";"HEK293";"Membrane";"";"";"";"CHEMBL274";"C-C chemokine receptor type 5";"Homo sapiens";"SINGLE PROTEIN";"CHEMBL1909046";"15";"DrugMatrix";"";"";"CHEMBL3307715";"";"";"Not Active";""
"CHEMBL600325";"PROSCILLARIDIN";"2.0";"530.66";"1";"3.01";"PROSCILLARIDIN";"C[C@@H]1O[C@@H](O[C@@H]2C=C3CC[C@@H]4[C@H](CC[C@]5(C)[C@@H](c6ccc(=O)oc6)CC[C@]45O)[C@@]3(C)CC2)[C@H](O)[C@H](O)[C@H]1O";"Ki";"";"";"";"";"";"Inhibition < 50% @ 10 uM and thus dose-reponse curve not measured";"";"";"";"";"";"0";"CHEMBL1909126";"DRUGMATRIX: Chemokine CCR5 radioligand binding (ligand: [125I] MIP-1alpha)";"B";"BAO_0000249";"cell membrane format";"None";"None";"None";"HEK293";"Membrane";"";"";"";"CHEMBL274";"C-C chemokine receptor type 5";"Homo sapiens";"SINGLE PROTEIN";"CHEMBL1909046";"15";"DrugMatrix";"";"";"CHEMBL3307715";"";"";"Not Active";""
"CHEMBL44618";"CHLOROFORM";"4.0";"119.38";"0";"1.99";"CHLOROFORM";"ClC(Cl)Cl";"Ki";"";"";"";"";"";"Inhibition < 50% @ 10 uM and thus dose-reponse curve not measured";"";"";"";"";"";"0";"CHEMBL1909126";"DRUGMATRIX: Chemokine CCR5 radioligand binding (ligand: [125I] MIP-1alpha)";"B";"BAO_0000249";"cell membrane format";"None";"None";"None";"HEK293";"Membrane";"";"";"";"CHEMBL274";"C-C chemokine receptor type 5";"Homo sapiens";"SINGLE PROTEIN";"CHEMBL1909046";"15";"DrugMatrix";"";"";"CHEMBL3307715";"";"";"Not Active";""
"CHEMBL94";"PHYSOSTIGMINE";"3.0";"275.35";"0";"1.77";"PHYSOSTIGMINE";"CNC(=O)Oc1ccc2c(c1)[C@]1(C)CCN(C)[C@@H]1N2C";"Ki";"";"";"";"";"";"Inhibition < 50% @ 10 uM and thus dose-reponse curve not measured";"";"";"";"";"";"0";"CHEMBL1909126";"DRUGMATRIX: Chemokine CCR5 radioligand binding (ligand: [125I] MIP-1alpha)";"B";"BAO_0000249";"cell membrane format";"None";"None";"None";"HEK293";"Membrane";"";"";"";"CHEMBL274";"C-C chemokine receptor type 5";"Homo sapiens";"SINGLE PROTEIN";"CHEMBL1909046";"15";"DrugMatrix";"";"";"CHEMBL3307715";"";"";"Not Active";""
"CHEMBL157548";"DANOFLOXACIN";"2.0";"357.39";"0";"2.07";"DANOFLOXACIN";"CN1C[C@@H]2C[C@H]1CN2c1cc2c(cc1F)c(=O)c(C(=O)O)cn2C1CC1";"Ki";"";"";"";"";"";"Inhibition < 50% @ 10 uM and thus dose-reponse curve not measured";"";"";"";"";"";"0";"CHEMBL1909126";"DRUGMATRIX: Chemokine CCR5 radioligand binding (ligand: [125I] MIP-1alpha)";"B";"BAO_0000249";"cell membrane format";"None";"None";"None";"HEK293";"Membrane";"";"";"";"CHEMBL274";"C-C chemokine receptor type 5";"Homo sapiens";"SINGLE PROTEIN";"CHEMBL1909046";"15";"DrugMatrix";"";"";"CHEMBL3307715";"";"";"Not Active";""
"CHEMBL104";"CLOTRIMAZOLE";"4.0";"344.85";"1";"5.38";"SID26747486";"Clc1ccccc1C(c1ccccc1)(c1ccccc1)n1ccnc1";"Ki";"";"";"";"";"";"Inhibition < 50% @ 10 uM and thus dose-reponse curve not measured";"";"";"";"";"";"0";"CHEMBL1909126";"DRUGMATRIX: Chemokine CCR5 radioligand binding (ligand: [125I] MIP-1alpha)";"B";"BAO_0000249";"cell membrane format";"None";"None";"None";"HEK293";"Membrane";"";"";"";"CHEMBL274";"C-C chemokine receptor type 5";"Homo sapiens";"SINGLE PROTEIN";"CHEMBL1909046";"15";"DrugMatrix";"";"";"CHEMBL3307715";"";"";"Not Active";""
"CHEMBL62193";"SULFADIMETHOXINE";"4.0";"310.34";"0";"0.88";"SULFADIMETHOXINE";"COc1cc(NS(=O)(=O)c2ccc(N)cc2)nc(OC)n1";"Ki";"";"";"";"";"";"Inhibition < 50% @ 10 uM and thus dose-reponse curve not measured";"";"";"";"";"";"0";"CHEMBL1909126";"DRUGMATRIX: Chemokine CCR5 radioligand binding (ligand: [125I] MIP-1alpha)";"B";"BAO_0000249";"cell membrane format";"None";"None";"None";"HEK293";"Membrane";"";"";"";"CHEMBL274";"C-C chemokine receptor type 5";"Homo sapiens";"SINGLE PROTEIN";"CHEMBL1909046";"15";"DrugMatrix";"";"";"CHEMBL3307715";"";"";"Not Active";""
"CHEMBL290106";"BITHIONOL";"4.0";"356.06";"1";"5.86";"BITHIONOL";"Oc1c(Cl)cc(Cl)cc1Sc1cc(Cl)cc(Cl)c1O";"Ki";"";"";"";"";"";"Inhibition < 50% @ 10 uM and thus dose-reponse curve not measured";"";"";"";"";"";"0";"CHEMBL1909126";"DRUGMATRIX: Chemokine CCR5 radioligand binding (ligand: [125I] MIP-1alpha)";"B";"BAO_0000249";"cell membrane format";"None";"None";"None";"HEK293";"Membrane";"";"";"";"CHEMBL274";"C-C chemokine receptor type 5";"Homo sapiens";"SINGLE PROTEIN";"CHEMBL1909046";"15";"DrugMatrix";"";"";"CHEMBL3307715";"";"";"Not Active";""
"CHEMBL564201";"6-AZAURIDINE";"None";"245.19";"0";"-3.46";"AZAURIDINE";"O=c1cnn([C@@H]2O[C@H](CO)[C@@H](O)[C@H]2O)c(=O)[nH]1";"Ki";"";"";"";"";"";"Inhibition < 50% @ 10 uM and thus dose-reponse curve not measured";"";"";"";"";"";"0";"CHEMBL1909126";"DRUGMATRIX: Chemokine CCR5 radioligand binding (ligand: [125I] MIP-1alpha)";"B";"BAO_0000249";"cell membrane format";"None";"None";"None";"HEK293";"Membrane";"";"";"";"CHEMBL274";"C-C chemokine receptor type 5";"Homo sapiens";"SINGLE PROTEIN";"CHEMBL1909046";"15";"DrugMatrix";"";"";"CHEMBL3307715";"";"";"Not Active";""
"CHEMBL1006";"AMIFOSTINE";"4.0";"214.23";"0";"-0.25";"AMIFOSTINE";"NCCCNCCSP(=O)(O)O";"Ki";"";"";"";"";"";"Inhibition < 50% @ 10 uM and thus dose-reponse curve not measured";"";"";"";"";"";"0";"CHEMBL1909126";"DRUGMATRIX: Chemokine CCR5 radioligand binding (ligand: [125I] MIP-1alpha)";"B";"BAO_0000249";"cell membrane format";"None";"None";"None";"HEK293";"Membrane";"";"";"";"CHEMBL274";"C-C chemokine receptor type 5";"Homo sapiens";"SINGLE PROTEIN";"CHEMBL1909046";"15";"DrugMatrix";"";"";"CHEMBL3307715";"";"";"Not Active";""
"CHEMBL1200558";"BACITRACIN";"4.0";"1422.72";"None";"None";"BACITRACIN";"CC[C@H](C)[C@H](N)C1=N[C@H](C(=O)N[C@@H](CC(C)C)C(=O)N[C@H](CCC(=O)O)C(=O)N[C@H](C(=O)N[C@H]2CCCCNC(=O)[C@H](CC(N)=O)NC(=O)[C@@H](CC(=O)O)NC(=O)[C@H](Cc3cnc[nH]3)NC(=O)[C@@H](Cc3ccccc3)NC(=O)[C@H]([C@@H](C)CC)NC(=O)[C@@H](CCCN)NC2=O)[C@@H](C)CC)CS1";"Ki";"";"";"";"";"";"Inhibition < 50% @ 10 uM and thus dose-reponse curve not measured";"";"";"";"";"";"0";"CHEMBL1909126";"DRUGMATRIX: Chemokine CCR5 radioligand binding (ligand: [125I] MIP-1alpha)";"B";"BAO_0000249";"cell membrane format";"None";"None";"None";"HEK293";"Membrane";"";"";"";"CHEMBL274";"C-C chemokine receptor type 5";"Homo sapiens";"SINGLE PROTEIN";"CHEMBL1909046";"15";"DrugMatrix";"";"";"CHEMBL3307715";"";"";"Not Active";""
"CHEMBL85728";"4,4'-METHYLENEDIANILINE";"None";"198.27";"0";"2.44";"4,4'-METHYLENEDIANILINE";"Nc1ccc(Cc2ccc(N)cc2)cc1";"Ki";"";"";"";"";"";"Inhibition < 50% @ 10 uM and thus dose-reponse curve not measured";"";"";"";"";"";"0";"CHEMBL1909126";"DRUGMATRIX: Chemokine CCR5 radioligand binding (ligand: [125I] MIP-1alpha)";"B";"BAO_0000249";"cell membrane format";"None";"None";"None";"HEK293";"Membrane";"";"";"";"CHEMBL274";"C-C chemokine receptor type 5";"Homo sapiens";"SINGLE PROTEIN";"CHEMBL1909046";"15";"DrugMatrix";"";"";"CHEMBL3307715";"";"";"Not Active";""
"CHEMBL15770";"SULINDAC";"4.0";"356.42";"0";"4.37";"SULINDAC";"CC1=C(CC(=O)O)c2cc(F)ccc2/C1=C\c1ccc([S+](C)[O-])cc1";"Ki";"";"";"";"";"";"Inhibition < 50% @ 10 uM and thus dose-reponse curve not measured";"";"";"";"";"";"0";"CHEMBL1909126";"DRUGMATRIX: Chemokine CCR5 radioligand binding (ligand: [125I] MIP-1alpha)";"B";"BAO_0000249";"cell membrane format";"None";"None";"None";"HEK293";"Membrane";"";"";"";"CHEMBL274";"C-C chemokine receptor type 5";"Homo sapiens";"SINGLE PROTEIN";"CHEMBL1909046";"15";"DrugMatrix";"";"";"CHEMBL3307715";"";"";"Not Active";""
"CHEMBL1598608";"AZASETRON";"2.0";"349.82";"0";"1.52";"AZASETRON";"CN1C(=O)COc2c(C(=O)NC3CN4CCC3CC4)cc(Cl)cc21";"Ki";"";"";"";"";"";"Inhibition < 50% @ 10 uM and thus dose-reponse curve not measured";"";"";"";"";"";"0";"CHEMBL1909126";"DRUGMATRIX: Chemokine CCR5 radioligand binding (ligand: [125I] MIP-1alpha)";"B";"BAO_0000249";"cell membrane format";"None";"None";"None";"HEK293";"Membrane";"";"";"";"CHEMBL274";"C-C chemokine receptor type 5";"Homo sapiens";"SINGLE PROTEIN";"CHEMBL1909046";"15";"DrugMatrix";"";"";"CHEMBL3307715";"";"";"Not Active";""
"CHEMBL723";"CARVEDILOL";"4.0";"406.48";"0";"3.74";"CARVEDILOL";"COc1ccccc1OCCNCC(O)COc1cccc2[nH]c3ccccc3c12";"Ki";"";"";"";"";"";"Inhibition < 50% @ 10 uM and thus dose-reponse curve not measured";"";"";"";"";"";"0";"CHEMBL1909126";"DRUGMATRIX: Chemokine CCR5 radioligand binding (ligand: [125I] MIP-1alpha)";"B";"BAO_0000249";"cell membrane format";"None";"None";"None";"HEK293";"Membrane";"";"";"";"CHEMBL274";"C-C chemokine receptor type 5";"Homo sapiens";"SINGLE PROTEIN";"CHEMBL1909046";"15";"DrugMatrix";"";"";"CHEMBL3307715";"";"";"Not Active";""
"CHEMBL192";"SILDENAFIL";"4.0";"474.59";"0";"1.61";"SILDENAFIL";"CCCc1nn(C)c2c(=O)[nH]c(-c3cc(S(=O)(=O)N4CCN(C)CC4)ccc3OCC)nc12";"Ki";"";"";"";"";"";"Inhibition < 50% @ 10 uM and thus dose-reponse curve not measured";"";"";"";"";"";"0";"CHEMBL1909126";"DRUGMATRIX: Chemokine CCR5 radioligand binding (ligand: [125I] MIP-1alpha)";"B";"BAO_0000249";"cell membrane format";"None";"None";"None";"HEK293";"Membrane";"";"";"";"CHEMBL274";"C-C chemokine receptor type 5";"Homo sapiens";"SINGLE PROTEIN";"CHEMBL1909046";"15";"DrugMatrix";"";"";"CHEMBL3307715";"";"";"Not Active";""
"CHEMBL1447";"LINCOMYCIN";"4.0";"406.55";"0";"-0.86";"LINCOMYCIN";"CCC[C@@H]1C[C@@H](C(=O)N[C@@H]([C@H]2O[C@H](SC)[C@H](O)[C@@H](O)[C@H]2O)[C@@H](C)O)N(C)C1";"Ki";"";"";"";"";"";"Inhibition < 50% @ 10 uM and thus dose-reponse curve not measured";"";"";"";"";"";"0";"CHEMBL1909126";"DRUGMATRIX: Chemokine CCR5 radioligand binding (ligand: [125I] MIP-1alpha)";"B";"BAO_0000249";"cell membrane format";"None";"None";"None";"HEK293";"Membrane";"";"";"";"CHEMBL274";"C-C chemokine receptor type 5";"Homo sapiens";"SINGLE PROTEIN";"CHEMBL1909046";"15";"DrugMatrix";"";"";"CHEMBL3307715";"";"";"Not Active";""
"CHEMBL1909083";"ZIRCONIUM(IV) CHLORIDE";"None";"233.04";"None";"None";"ZIRCONIUM(IV) CHLORIDE";"";"Ki";"";"";"";"";"";"Inhibition < 50% @ 10 uM and thus dose-reponse curve not measured";"";"";"";"";"";"0";"CHEMBL1909126";"DRUGMATRIX: Chemokine CCR5 radioligand binding (ligand: [125I] MIP-1alpha)";"B";"BAO_0000249";"cell membrane format";"None";"None";"None";"HEK293";"Membrane";"";"";"";"CHEMBL274";"C-C chemokine receptor type 5";"Homo sapiens";"SINGLE PROTEIN";"CHEMBL1909046";"15";"DrugMatrix";"";"";"CHEMBL3307715";"";"";"Not Active";""
"CHEMBL1220";"TINIDAZOLE";"4.0";"247.28";"0";"0.53";"TINIDAZOLE";"CCS(=O)(=O)CCn1c([N+](=O)[O-])cnc1C";"Ki";"";"";"";"";"";"Inhibition < 50% @ 10 uM and thus dose-reponse curve not measured";"";"";"";"";"";"0";"CHEMBL1909126";"DRUGMATRIX: Chemokine CCR5 radioligand binding (ligand: [125I] MIP-1alpha)";"B";"BAO_0000249";"cell membrane format";"None";"None";"None";"HEK293";"Membrane";"";"";"";"CHEMBL274";"C-C chemokine receptor type 5";"Homo sapiens";"SINGLE PROTEIN";"CHEMBL1909046";"15";"DrugMatrix";"";"";"CHEMBL3307715";"";"";"Not Active";""
"CHEMBL70927";"DEFERIPRONE";"4.0";"139.15";"0";"0.40";"DEFERIPRONE";"Cc1c(O)c(=O)ccn1C";"Ki";"";"";"";"";"";"Inhibition < 50% @ 10 uM and thus dose-reponse curve not measured";"";"";"";"";"";"0";"CHEMBL1909126";"DRUGMATRIX: Chemokine CCR5 radioligand binding (ligand: [125I] MIP-1alpha)";"B";"BAO_0000249";"cell membrane format";"None";"None";"None";"HEK293";"Membrane";"";"";"";"CHEMBL274";"C-C chemokine receptor type 5";"Homo sapiens";"SINGLE PROTEIN";"CHEMBL1909046";"15";"DrugMatrix";"";"";"CHEMBL3307715";"";"";"Not Active";""
"CHEMBL113";"CAFFEINE";"4.0";"194.19";"0";"-1.03";"CAFFEINE";"Cn1c(=O)c2c(ncn2C)n(C)c1=O";"Ki";"";"";"";"";"";"Inhibition < 50% @ 10 uM and thus dose-reponse curve not measured";"";"";"";"";"";"0";"CHEMBL1909126";"DRUGMATRIX: Chemokine CCR5 radioligand binding (ligand: [125I] MIP-1alpha)";"B";"BAO_0000249";"cell membrane format";"None";"None";"None";"HEK293";"Membrane";"";"";"";"CHEMBL274";"C-C chemokine receptor type 5";"Homo sapiens";"SINGLE PROTEIN";"CHEMBL1909046";"15";"DrugMatrix";"";"";"CHEMBL3307715";"";"";"Not Active";""
"CHEMBL18701";"RO-201724";"None";"278.35";"0";"2.10";"Ro-201724";"CCCCOc1cc(CC2CNC(=O)N2)ccc1OC";"Ki";"";"";"";"";"";"Inhibition < 50% @ 10 uM and thus dose-reponse curve not measured";"";"";"";"";"";"0";"CHEMBL1909126";"DRUGMATRIX: Chemokine CCR5 radioligand binding (ligand: [125I] MIP-1alpha)";"B";"BAO_0000249";"cell membrane format";"None";"None";"None";"HEK293";"Membrane";"";"";"";"CHEMBL274";"C-C chemokine receptor type 5";"Homo sapiens";"SINGLE PROTEIN";"CHEMBL1909046";"15";"DrugMatrix";"";"";"CHEMBL3307715";"";"";"Not Active";""
"CHEMBL2220442";"FLUVASTATIN";"4.0";"411.47";"0";"4.63";"FLUVASTATIN";"CC(C)n1c(/C=C/C(O)CC(O)CC(=O)O)c(-c2ccc(F)cc2)c2ccccc21";"Ki";"";"";"";"";"";"Inhibition < 50% @ 10 uM and thus dose-reponse curve not measured";"";"";"";"";"";"0";"CHEMBL1909126";"DRUGMATRIX: Chemokine CCR5 radioligand binding (ligand: [125I] MIP-1alpha)";"B";"BAO_0000249";"cell membrane format";"None";"None";"None";"HEK293";"Membrane";"";"";"";"CHEMBL274";"C-C chemokine receptor type 5";"Homo sapiens";"SINGLE PROTEIN";"CHEMBL1909046";"15";"DrugMatrix";"";"";"CHEMBL3307715";"";"";"Not Active";""
"CHEMBL26";"SULPIRIDE";"3.0";"341.43";"0";"0.56";"SULPIRIDE";"CCN1CCCC1CNC(=O)c1cc(S(N)(=O)=O)ccc1OC";"Ki";"";"";"";"";"";"Inhibition < 50% @ 10 uM and thus dose-reponse curve not measured";"";"";"";"";"";"0";"CHEMBL1909126";"DRUGMATRIX: Chemokine CCR5 radioligand binding (ligand: [125I] MIP-1alpha)";"B";"BAO_0000249";"cell membrane format";"None";"None";"None";"HEK293";"Membrane";"";"";"";"CHEMBL274";"C-C chemokine receptor type 5";"Homo sapiens";"SINGLE PROTEIN";"CHEMBL1909046";"15";"DrugMatrix";"";"";"CHEMBL3307715";"";"";"Not Active";""
"CHEMBL488";"AMINOGLUTETHIMIDE";"4.0";"232.28";"0";"1.35";"AMINOGLUTETHIMIDE";"CCC1(c2ccc(N)cc2)CCC(=O)NC1=O";"Ki";"";"";"";"";"";"Inhibition < 50% @ 10 uM and thus dose-reponse curve not measured";"";"";"";"";"";"0";"CHEMBL1909126";"DRUGMATRIX: Chemokine CCR5 radioligand binding (ligand: [125I] MIP-1alpha)";"B";"BAO_0000249";"cell membrane format";"None";"None";"None";"HEK293";"Membrane";"";"";"";"CHEMBL274";"C-C chemokine receptor type 5";"Homo sapiens";"SINGLE PROTEIN";"CHEMBL1909046";"15";"DrugMatrix";"";"";"CHEMBL3307715";"";"";"Not Active";""
"CHEMBL196";"ASCORBIC ACID";"4.0";"176.12";"0";"-1.41";"ASCORBIC ACID";"O=C1O[C@H]([C@@H](O)CO)C(O)=C1O";"Ki";"";"";"";"";"";"Inhibition < 50% @ 10 uM and thus dose-reponse curve not measured";"";"";"";"";"";"0";"CHEMBL1909126";"DRUGMATRIX: Chemokine CCR5 radioligand binding (ligand: [125I] MIP-1alpha)";"B";"BAO_0000249";"cell membrane format";"None";"None";"None";"HEK293";"Membrane";"";"";"";"CHEMBL274";"C-C chemokine receptor type 5";"Homo sapiens";"SINGLE PROTEIN";"CHEMBL1909046";"15";"DrugMatrix";"";"";"CHEMBL3307715";"";"";"Not Active";""
"CHEMBL31184";"BENZO[DEF]CHRYSENE";"0.5";"252.32";"1";"5.74";"BENZO[A]PYRENE";"c1ccc2c(c1)cc1ccc3cccc4ccc2c1c34";"Ki";"";"";"";"";"";"Inhibition < 50% @ 10 uM and thus dose-reponse curve not measured";"";"";"";"";"";"0";"CHEMBL1909126";"DRUGMATRIX: Chemokine CCR5 radioligand binding (ligand: [125I] MIP-1alpha)";"B";"BAO_0000249";"cell membrane format";"None";"None";"None";"HEK293";"Membrane";"";"";"";"CHEMBL274";"C-C chemokine receptor type 5";"Homo sapiens";"SINGLE PROTEIN";"CHEMBL1909046";"15";"DrugMatrix";"";"";"CHEMBL3307715";"";"";"Not Active";""
"CHEMBL691";"ETHINYL ESTRADIOL";"4.0";"296.41";"0";"3.61";"ETHINYLESTRADIOL";"C#C[C@]1(O)CC[C@H]2[C@@H]3CCc4cc(O)ccc4[C@H]3CC[C@@]21C";"Ki";"";"";"";"";"";"Inhibition < 50% @ 10 uM and thus dose-reponse curve not measured";"";"";"";"";"";"0";"CHEMBL1909126";"DRUGMATRIX: Chemokine CCR5 radioligand binding (ligand: [125I] MIP-1alpha)";"B";"BAO_0000249";"cell membrane format";"None";"None";"None";"HEK293";"Membrane";"";"";"";"CHEMBL274";"C-C chemokine receptor type 5";"Homo sapiens";"SINGLE PROTEIN";"CHEMBL1909046";"15";"DrugMatrix";"";"";"CHEMBL3307715";"";"";"Not Active";""
"CHEMBL894";"BUPROPION";"4.0";"239.75";"0";"3.30";"BUPROPION";"CC(NC(C)(C)C)C(=O)c1cccc(Cl)c1";"Ki";"";"";"";"";"";"Inhibition < 50% @ 10 uM and thus dose-reponse curve not measured";"";"";"";"";"";"0";"CHEMBL1909126";"DRUGMATRIX: Chemokine CCR5 radioligand binding (ligand: [125I] MIP-1alpha)";"B";"BAO_0000249";"cell membrane format";"None";"None";"None";"HEK293";"Membrane";"";"";"";"CHEMBL274";"C-C chemokine receptor type 5";"Homo sapiens";"SINGLE PROTEIN";"CHEMBL1909046";"15";"DrugMatrix";"";"";"CHEMBL3307715";"";"";"Not Active";""
"CHEMBL376180";"AMINOPTERIN";"2.0";"440.42";"1";"0.24";"AMINOPTERIN";"Nc1nc(N)c2nc(CNc3ccc(C(=O)N[C@@H](CCC(=O)O)C(=O)O)cc3)cnc2n1";"Ki";"";"";"";"";"";"Inhibition < 50% @ 10 uM and thus dose-reponse curve not measured";"";"";"";"";"";"0";"CHEMBL1909126";"DRUGMATRIX: Chemokine CCR5 radioligand binding (ligand: [125I] MIP-1alpha)";"B";"BAO_0000249";"cell membrane format";"None";"None";"None";"HEK293";"Membrane";"";"";"";"CHEMBL274";"C-C chemokine receptor type 5";"Homo sapiens";"SINGLE PROTEIN";"CHEMBL1909046";"15";"DrugMatrix";"";"";"CHEMBL3307715";"";"";"Not Active";""
"CHEMBL415690";"BETADEX";"3.0";"1134.99";"None";"None";"BETA CYCLODEXTRIN";"OC[C@H]1O[C@@H]2O[C@H]3[C@H](O)[C@@H](O)[C@@H](O[C@H]4[C@H](O)[C@@H](O)[C@@H](O[C@H]5[C@H](O)[C@@H](O)[C@@H](O[C@H]6[C@H](O)[C@@H](O)[C@@H](O[C@H]7[C@H](O)[C@@H](O)[C@@H](O[C@H]8[C@H](O)[C@@H](O)[C@@H](O[C@H]1[C@H](O)[C@H]2O)O[C@@H]8CO)O[C@@H]7CO)O[C@@H]6CO)O[C@@H]5CO)O[C@@H]4CO)O[C@@H]3CO";"Ki";"";"";"";"";"";"Inhibition < 50% @ 10 uM and thus dose-reponse curve not measured";"";"";"";"";"";"0";"CHEMBL1909126";"DRUGMATRIX: Chemokine CCR5 radioligand binding (ligand: [125I] MIP-1alpha)";"B";"BAO_0000249";"cell membrane format";"None";"None";"None";"HEK293";"Membrane";"";"";"";"CHEMBL274";"C-C chemokine receptor type 5";"Homo sapiens";"SINGLE PROTEIN";"CHEMBL1909046";"15";"DrugMatrix";"";"";"CHEMBL3307715";"";"";"Not Active";""
"CHEMBL40";"PHENOBARBITAL";"4.0";"232.24";"0";"0.70";"PHENOBARBITAL";"CCC1(c2ccccc2)C(=O)NC(=O)NC1=O";"Ki";"";"";"";"";"";"Inhibition < 50% @ 10 uM and thus dose-reponse curve not measured";"";"";"";"";"";"0";"CHEMBL1909126";"DRUGMATRIX: Chemokine CCR5 radioligand binding (ligand: [125I] MIP-1alpha)";"B";"BAO_0000249";"cell membrane format";"None";"None";"None";"HEK293";"Membrane";"";"";"";"CHEMBL274";"C-C chemokine receptor type 5";"Homo sapiens";"SINGLE PROTEIN";"CHEMBL1909046";"15";"DrugMatrix";"";"";"CHEMBL3307715";"";"";"Not Active";""
"CHEMBL1354199";"METHSCOPOLAMINE BROMIDE";"4.0";"398.30";"0";"1.06";"METHSCOPOLAMINE BROMIDE";"C[N+]1(C)[C@@H]2C[C@@H](OC(=O)[C@H](CO)c3ccccc3)C[C@H]1[C@@H]1O[C@@H]12.[Br-]";"Ki";"";"";"";"";"";"Inhibition < 50% @ 10 uM and thus dose-reponse curve not measured";"";"";"";"";"";"0";"CHEMBL1909126";"DRUGMATRIX: Chemokine CCR5 radioligand binding (ligand: [125I] MIP-1alpha)";"B";"BAO_0000249";"cell membrane format";"None";"None";"None";"HEK293";"Membrane";"";"";"";"CHEMBL274";"C-C chemokine receptor type 5";"Homo sapiens";"SINGLE PROTEIN";"CHEMBL1909046";"15";"DrugMatrix";"";"";"CHEMBL3307715";"";"";"Not Active";""
"CHEMBL799";"CILOSTAZOL";"4.0";"369.47";"0";"3.46";"CILOSTAZOL";"O=C1CCc2cc(OCCCCc3nnnn3C3CCCCC3)ccc2N1";"Ki";"";"";"";"";"";"Inhibition < 50% @ 10 uM and thus dose-reponse curve not measured";"";"";"";"";"";"0";"CHEMBL1909126";"DRUGMATRIX: Chemokine CCR5 radioligand binding (ligand: [125I] MIP-1alpha)";"B";"BAO_0000249";"cell membrane format";"None";"None";"None";"HEK293";"Membrane";"";"";"";"CHEMBL274";"C-C chemokine receptor type 5";"Homo sapiens";"SINGLE PROTEIN";"CHEMBL1909046";"15";"DrugMatrix";"";"";"CHEMBL3307715";"";"";"Not Active";""
"CHEMBL715";"OLANZAPINE";"4.0";"312.44";"0";"3.44";"OLANZAPINE";"Cc1cc2c(s1)Nc1ccccc1N=C2N1CCN(C)CC1";"Ki";"";"";"";"";"";"Inhibition < 50% @ 10 uM and thus dose-reponse curve not measured";"";"";"";"";"";"0";"CHEMBL1909126";"DRUGMATRIX: Chemokine CCR5 radioligand binding (ligand: [125I] MIP-1alpha)";"B";"BAO_0000249";"cell membrane format";"None";"None";"None";"HEK293";"Membrane";"";"";"";"CHEMBL274";"C-C chemokine receptor type 5";"Homo sapiens";"SINGLE PROTEIN";"CHEMBL1909046";"15";"DrugMatrix";"";"";"CHEMBL3307715";"";"";"Not Active";""
"CHEMBL9514";"NOCODAZOLE";"2.0";"301.33";"0";"3.03";"NOCODAZOLE";"COC(=O)Nc1nc2cc(C(=O)c3cccs3)ccc2[nH]1";"Ki";"";"";"";"";"";"Inhibition < 50% @ 10 uM and thus dose-reponse curve not measured";"";"";"";"";"";"0";"CHEMBL1909126";"DRUGMATRIX: Chemokine CCR5 radioligand binding (ligand: [125I] MIP-1alpha)";"B";"BAO_0000249";"cell membrane format";"None";"None";"None";"HEK293";"Membrane";"";"";"";"CHEMBL274";"C-C chemokine receptor type 5";"Homo sapiens";"SINGLE PROTEIN";"CHEMBL1909046";"15";"DrugMatrix";"";"";"CHEMBL3307715";"";"";"Not Active";""
"CHEMBL460291";"LACIDIPINE";"3.0";"455.55";"0";"4.40";"LACIDIPINE";"CCOC(=O)C1=C(C)NC(C)=C(C(=O)OCC)C1c1ccccc1/C=C/C(=O)OC(C)(C)C";"Ki";"";"";"";"";"";"Inhibition < 50% @ 10 uM and thus dose-reponse curve not measured";"";"";"";"";"";"0";"CHEMBL1909126";"DRUGMATRIX: Chemokine CCR5 radioligand binding (ligand: [125I] MIP-1alpha)";"B";"BAO_0000249";"cell membrane format";"None";"None";"None";"HEK293";"Membrane";"";"";"";"CHEMBL274";"C-C chemokine receptor type 5";"Homo sapiens";"SINGLE PROTEIN";"CHEMBL1909046";"15";"DrugMatrix";"";"";"CHEMBL3307715";"";"";"Not Active";""
"CHEMBL413972";"";"None";"544.18";"2";"6.92";"14";"Cc1cccc(C)c1C(=O)N1CCC(N2CCN([C@@H](C)c3ccc(Cc4cccc(Cl)c4)cc3)[C@@H](C)C2)CC1";"Ki";"'='";"45.0";"nM";"7.35";"";"";"UO_0000065";"13.50";"0.26";"0.43";"27.42";"0";"CHEMBL649954";"Inhibition of [125I]-labeled RANTES binding to C-C chemokine receptor type 5";"B";"BAO_0000357";"single protein format";"None";"None";"None";"None";"None";"";"";"";"CHEMBL274";"C-C chemokine receptor type 5";"Homo sapiens";"SINGLE PROTEIN";"CHEMBL1133909";"1";"Scientific Literature";"Bioorg Med Chem Lett";"2001";"None";"";"";"";"45.0"
"CHEMBL635";"PREDNISONE";"4.0";"358.43";"0";"1.77";"PREDNISONE";"C[C@]12C=CC(=O)C=C1CC[C@@H]1[C@@H]2C(=O)C[C@@]2(C)[C@H]1CC[C@]2(O)C(=O)CO";"Ki";"";"";"";"";"";"Inhibition < 50% @ 10 uM and thus dose-reponse curve not measured";"";"";"";"";"";"0";"CHEMBL1909126";"DRUGMATRIX: Chemokine CCR5 radioligand binding (ligand: [125I] MIP-1alpha)";"B";"BAO_0000249";"cell membrane format";"None";"None";"None";"HEK293";"Membrane";"";"";"";"CHEMBL274";"C-C chemokine receptor type 5";"Homo sapiens";"SINGLE PROTEIN";"CHEMBL1909046";"15";"DrugMatrix";"";"";"CHEMBL3307715";"";"";"Not Active";""
"CHEMBL262777";"VANCOMYCIN";"4.0";"1449.27";"None";"None";"VANCOMYCIN";"CN[C@H](CC(C)C)C(=O)N[C@H]1C(=O)N[C@@H](CC(N)=O)C(=O)N[C@H]2C(=O)N[C@H]3C(=O)N[C@H](C(=O)N[C@H](C(=O)O)c4cc(O)cc(O)c4-c4cc3ccc4O)[C@H](O)c3ccc(c(Cl)c3)Oc3cc2cc(c3O[C@@H]2O[C@H](CO)[C@@H](O)[C@H](O)[C@H]2O[C@H]2C[C@](C)(N)[C@H](O)[C@H](C)O2)Oc2ccc(cc2Cl)[C@H]1O";"Ki";"";"";"";"";"";"Inhibition < 50% @ 10 uM and thus dose-reponse curve not measured";"";"";"";"";"";"0";"CHEMBL1909126";"DRUGMATRIX: Chemokine CCR5 radioligand binding (ligand: [125I] MIP-1alpha)";"B";"BAO_0000249";"cell membrane format";"None";"None";"None";"HEK293";"Membrane";"";"";"";"CHEMBL274";"C-C chemokine receptor type 5";"Homo sapiens";"SINGLE PROTEIN";"CHEMBL1909046";"15";"DrugMatrix";"";"";"CHEMBL3307715";"";"";"Not Active";""
"CHEMBL319244";"CAFFEIC ACID PHENETHYL ESTER";"None";"284.31";"0";"2.90";"CAFFEIC ACID PHENETHYL ESTER";"O=C(/C=C/c1ccc(O)c(O)c1)OCCc1ccccc1";"Ki";"";"";"";"";"";"Inhibition < 50% @ 10 uM and thus dose-reponse curve not measured";"";"";"";"";"";"0";"CHEMBL1909126";"DRUGMATRIX: Chemokine CCR5 radioligand binding (ligand: [125I] MIP-1alpha)";"B";"BAO_0000249";"cell membrane format";"None";"None";"None";"HEK293";"Membrane";"";"";"";"CHEMBL274";"C-C chemokine receptor type 5";"Homo sapiens";"SINGLE PROTEIN";"CHEMBL1909046";"15";"DrugMatrix";"";"";"CHEMBL3307715";"";"";"Not Active";""
"CHEMBL24944";"TRIBROMSALAN";"4.0";"449.92";"0";"4.93";"TRIBROMSALAN";"O=C(Nc1ccc(Br)cc1)c1cc(Br)cc(Br)c1O";"Ki";"";"";"";"";"";"Inhibition < 50% @ 10 uM and thus dose-reponse curve not measured";"";"";"";"";"";"0";"CHEMBL1909126";"DRUGMATRIX: Chemokine CCR5 radioligand binding (ligand: [125I] MIP-1alpha)";"B";"BAO_0000249";"cell membrane format";"None";"None";"None";"HEK293";"Membrane";"";"";"";"CHEMBL274";"C-C chemokine receptor type 5";"Homo sapiens";"SINGLE PROTEIN";"CHEMBL1909046";"15";"DrugMatrix";"";"";"CHEMBL3307715";"";"";"Not Active";""
"CHEMBL467";"HYDROXYUREA";"4.0";"76.05";"0";"-0.96";"HYDROXYUREA";"NC(=O)NO";"Ki";"";"";"";"";"";"Inhibition < 50% @ 10 uM and thus dose-reponse curve not measured";"";"";"";"";"";"0";"CHEMBL1909126";"DRUGMATRIX: Chemokine CCR5 radioligand binding (ligand: [125I] MIP-1alpha)";"B";"BAO_0000249";"cell membrane format";"None";"None";"None";"HEK293";"Membrane";"";"";"";"CHEMBL274";"C-C chemokine receptor type 5";"Homo sapiens";"SINGLE PROTEIN";"CHEMBL1909046";"15";"DrugMatrix";"";"";"CHEMBL3307715";"";"";"Not Active";""
"CHEMBL252556";"IDEBENONE";"4.0";"338.44";"0";"3.46";"IDEBENONE";"COC1=C(OC)C(=O)C(CCCCCCCCCCO)=C(C)C1=O";"Ki";"";"";"";"";"";"Inhibition < 50% @ 10 uM and thus dose-reponse curve not measured";"";"";"";"";"";"0";"CHEMBL1909126";"DRUGMATRIX: Chemokine CCR5 radioligand binding (ligand: [125I] MIP-1alpha)";"B";"BAO_0000249";"cell membrane format";"None";"None";"None";"HEK293";"Membrane";"";"";"";"CHEMBL274";"C-C chemokine receptor type 5";"Homo sapiens";"SINGLE PROTEIN";"CHEMBL1909046";"15";"DrugMatrix";"";"";"CHEMBL3307715";"";"";"Not Active";""
"CHEMBL402794";"BIS(2-ETHYLHEXYL)PHTHALATE";"None";"390.56";"1";"6.43";"BIS(2-ETHYLHEXYL)PHTHALATE";"CCCC[C@@H](CC)COC(=O)c1ccccc1C(=O)OC[C@@H](CC)CCCC";"Ki";"";"";"";"";"";"Inhibition < 50% @ 10 uM and thus dose-reponse curve not measured";"";"";"";"";"";"0";"CHEMBL1909126";"DRUGMATRIX: Chemokine CCR5 radioligand binding (ligand: [125I] MIP-1alpha)";"B";"BAO_0000249";"cell membrane format";"None";"None";"None";"HEK293";"Membrane";"";"";"";"CHEMBL274";"C-C chemokine receptor type 5";"Homo sapiens";"SINGLE PROTEIN";"CHEMBL1909046";"15";"DrugMatrix";"";"";"CHEMBL3307715";"";"";"Not Active";""
"CHEMBL1491";"AMLODIPINE";"4.0";"408.88";"0";"2.27";"AMLODIPINE";"CCOC(=O)C1=C(COCCN)NC(C)=C(C(=O)OC)C1c1ccccc1Cl";"Ki";"";"";"";"";"";"Inhibition < 50% @ 10 uM and thus dose-reponse curve not measured";"";"";"";"";"";"0";"CHEMBL1909126";"DRUGMATRIX: Chemokine CCR5 radioligand binding (ligand: [125I] MIP-1alpha)";"B";"BAO_0000249";"cell membrane format";"None";"None";"None";"HEK293";"Membrane";"";"";"";"CHEMBL274";"C-C chemokine receptor type 5";"Homo sapiens";"SINGLE PROTEIN";"CHEMBL1909046";"15";"DrugMatrix";"";"";"CHEMBL3307715";"";"";"Not Active";""
"CHEMBL1909056";"COBALT(II) ACETYLACETONATE";"None";"257.15";"None";"None";"COBALT(II) ACETYLACETONATE";"";"Ki";"";"";"";"";"";"Inhibition < 50% @ 10 uM and thus dose-reponse curve not measured";"";"";"";"";"";"0";"CHEMBL1909126";"DRUGMATRIX: Chemokine CCR5 radioligand binding (ligand: [125I] MIP-1alpha)";"B";"BAO_0000249";"cell membrane format";"None";"None";"None";"HEK293";"Membrane";"";"";"";"CHEMBL274";"C-C chemokine receptor type 5";"Homo sapiens";"SINGLE PROTEIN";"CHEMBL1909046";"15";"DrugMatrix";"";"";"CHEMBL3307715";"";"";"Not Active";""
"CHEMBL139835";"CYPROTERONE ACETATE";"3.0";"416.95";"0";"4.61";"CYPROTERONE ACETATE";"CC(=O)O[C@]1(C(C)=O)CC[C@H]2[C@@H]3C=C(Cl)C4=CC(=O)[C@@H]5C[C@@H]5[C@]4(C)[C@H]3CC[C@@]21C";"Ki";"";"";"";"";"";"Inhibition < 50% @ 10 uM and thus dose-reponse curve not measured";"";"";"";"";"";"0";"CHEMBL1909126";"DRUGMATRIX: Chemokine CCR5 radioligand binding (ligand: [125I] MIP-1alpha)";"B";"BAO_0000249";"cell membrane format";"None";"None";"None";"HEK293";"Membrane";"";"";"";"CHEMBL274";"C-C chemokine receptor type 5";"Homo sapiens";"SINGLE PROTEIN";"CHEMBL1909046";"15";"DrugMatrix";"";"";"CHEMBL3307715";"";"";"Not Active";""
"CHEMBL344607";"";"None";"579.71";"2";"6.54";"20";"Cc1nc(-c2ccccc2)nc(C)c1C(=O)N1CCC(C)(N2CCN([C@@H](C)c3ccc(C(F)(F)F)cc3)[C@@H](C)C2)CC1";"Ki";"'='";"12.0";"nM";"7.92";"";"";"UO_0000065";"13.66";"0.26";"1.38";"15.07";"1";"CHEMBL649953";"Ability to inhibit [125I]-labeled RANTES binding to the CCR5 receptor expressed in membrane preparations from CHO cells";"B";"BAO_0000219";"cell-based format";"None";"None";"None";"CHO";"None";"";"";"";"CHEMBL274";"C-C chemokine receptor type 5";"Homo sapiens";"SINGLE PROTEIN";"CHEMBL1136572";"1";"Scientific Literature";"Bioorg Med Chem Lett";"2003";"CHEMBL3308072";"";"";"";"12.0"
"CHEMBL1560";"CAPTOPRIL";"4.0";"217.29";"0";"0.63";"captopril";"C[C@H](CS)C(=O)N1CCC[C@H]1C(=O)O";"Ki";"";"";"";"";"";"Inhibition < 50% @ 10 uM and thus dose-reponse curve not measured";"";"";"";"";"";"0";"CHEMBL1909126";"DRUGMATRIX: Chemokine CCR5 radioligand binding (ligand: [125I] MIP-1alpha)";"B";"BAO_0000249";"cell membrane format";"None";"None";"None";"HEK293";"Membrane";"";"";"";"CHEMBL274";"C-C chemokine receptor type 5";"Homo sapiens";"SINGLE PROTEIN";"CHEMBL1909046";"15";"DrugMatrix";"";"";"CHEMBL3307715";"";"";"Not Active";""
"CHEMBL296419";"ASTEMIZOLE";"4.0";"458.58";"1";"5.35";"ASTEMIZOLE";"COc1ccc(CCN2CCC(Nc3nc4ccccc4n3Cc3ccc(F)cc3)CC2)cc1";"Ki";"";"";"";"";"";"Inhibition < 50% @ 10 uM and thus dose-reponse curve not measured";"";"";"";"";"";"0";"CHEMBL1909126";"DRUGMATRIX: Chemokine CCR5 radioligand binding (ligand: [125I] MIP-1alpha)";"B";"BAO_0000249";"cell membrane format";"None";"None";"None";"HEK293";"Membrane";"";"";"";"CHEMBL274";"C-C chemokine receptor type 5";"Homo sapiens";"SINGLE PROTEIN";"CHEMBL1909046";"15";"DrugMatrix";"";"";"CHEMBL3307715";"";"";"Not Active";""
"CHEMBL696";"ETHOSUXIMIDE";"4.0";"141.17";"0";"0.45";"ETHOSUXIMIDE";"CCC1(C)CC(=O)NC1=O";"Ki";"";"";"";"";"";"Inhibition < 50% @ 10 uM and thus dose-reponse curve not measured";"";"";"";"";"";"0";"CHEMBL1909126";"DRUGMATRIX: Chemokine CCR5 radioligand binding (ligand: [125I] MIP-1alpha)";"B";"BAO_0000249";"cell membrane format";"None";"None";"None";"HEK293";"Membrane";"";"";"";"CHEMBL274";"C-C chemokine receptor type 5";"Homo sapiens";"SINGLE PROTEIN";"CHEMBL1909046";"15";"DrugMatrix";"";"";"CHEMBL3307715";"";"";"Not Active";""
"CHEMBL566534";"ARTEMETHER";"4.0";"298.38";"0";"2.84";"ARTEMETHER";"CO[C@H]1O[C@@H]2O[C@@]3(C)CC[C@H]4[C@H](C)CC[C@@H]([C@H]1C)[C@@]24OO3";"Ki";"";"";"";"";"";"Inhibition < 50% @ 10 uM and thus dose-reponse curve not measured";"";"";"";"";"";"0";"CHEMBL1909126";"DRUGMATRIX: Chemokine CCR5 radioligand binding (ligand: [125I] MIP-1alpha)";"B";"BAO_0000249";"cell membrane format";"None";"None";"None";"HEK293";"Membrane";"";"";"";"CHEMBL274";"C-C chemokine receptor type 5";"Homo sapiens";"SINGLE PROTEIN";"CHEMBL1909046";"15";"DrugMatrix";"";"";"CHEMBL3307715";"";"";"Not Active";""
"CHEMBL672";"FENOFIBRATE";"4.0";"360.84";"0";"4.68";"FENOFIBRATE";"CC(C)OC(=O)C(C)(C)Oc1ccc(C(=O)c2ccc(Cl)cc2)cc1";"Ki";"";"";"";"";"";"Inhibition < 50% @ 10 uM and thus dose-reponse curve not measured";"";"";"";"";"";"0";"CHEMBL1909126";"DRUGMATRIX: Chemokine CCR5 radioligand binding (ligand: [125I] MIP-1alpha)";"B";"BAO_0000249";"cell membrane format";"None";"None";"None";"HEK293";"Membrane";"";"";"";"CHEMBL274";"C-C chemokine receptor type 5";"Homo sapiens";"SINGLE PROTEIN";"CHEMBL1909046";"15";"DrugMatrix";"";"";"CHEMBL3307715";"";"";"Not Active";""
"CHEMBL421";"SULFASALAZINE";"4.0";"398.40";"0";"3.70";"SULFASALAZINE";"O=C(O)c1cc(/N=N/c2ccc(S(=O)(=O)Nc3ccccn3)cc2)ccc1O";"Ki";"";"";"";"";"";"Inhibition < 50% @ 10 uM and thus dose-reponse curve not measured";"";"";"";"";"";"0";"CHEMBL1909126";"DRUGMATRIX: Chemokine CCR5 radioligand binding (ligand: [125I] MIP-1alpha)";"B";"BAO_0000249";"cell membrane format";"None";"None";"None";"HEK293";"Membrane";"";"";"";"CHEMBL274";"C-C chemokine receptor type 5";"Homo sapiens";"SINGLE PROTEIN";"CHEMBL1909046";"15";"DrugMatrix";"";"";"CHEMBL3307715";"";"";"Not Active";""
"CHEMBL267744";"TICRYNAFEN";"4.0";"331.18";"0";"3.75";"TICRYNAFEN";"O=C(O)COc1ccc(C(=O)c2cccs2)c(Cl)c1Cl";"Ki";"";"";"";"";"";"Inhibition < 50% @ 10 uM and thus dose-reponse curve not measured";"";"";"";"";"";"0";"CHEMBL1909126";"DRUGMATRIX: Chemokine CCR5 radioligand binding (ligand: [125I] MIP-1alpha)";"B";"BAO_0000249";"cell membrane format";"None";"None";"None";"HEK293";"Membrane";"";"";"";"CHEMBL274";"C-C chemokine receptor type 5";"Homo sapiens";"SINGLE PROTEIN";"CHEMBL1909046";"15";"DrugMatrix";"";"";"CHEMBL3307715";"";"";"Not Active";""
"CHEMBL219916";"DOMPERIDONE";"3.0";"425.92";"0";"3.35";"DOMPERIDONE";"O=c1[nH]c2ccccc2n1CCCN1CCC(n2c(=O)[nH]c3cc(Cl)ccc32)CC1";"Ki";"";"";"";"";"";"Inhibition < 50% @ 10 uM and thus dose-reponse curve not measured";"";"";"";"";"";"0";"CHEMBL1909126";"DRUGMATRIX: Chemokine CCR5 radioligand binding (ligand: [125I] MIP-1alpha)";"B";"BAO_0000249";"cell membrane format";"None";"None";"None";"HEK293";"Membrane";"";"";"";"CHEMBL274";"C-C chemokine receptor type 5";"Homo sapiens";"SINGLE PROTEIN";"CHEMBL1909046";"15";"DrugMatrix";"";"";"CHEMBL3307715";"";"";"Not Active";""
"CHEMBL502896";"CETRAXATE HYDROCHLORIDE";"-1.0";"341.83";"0";"2.37";"CETRAXATE";"Cl.NC[C@H]1CC[C@H](C(=O)Oc2ccc(CCC(=O)O)cc2)CC1";"Ki";"";"";"";"";"";"Inhibition < 50% @ 10 uM and thus dose-reponse curve not measured";"";"";"";"";"";"0";"CHEMBL1909126";"DRUGMATRIX: Chemokine CCR5 radioligand binding (ligand: [125I] MIP-1alpha)";"B";"BAO_0000249";"cell membrane format";"None";"None";"None";"HEK293";"Membrane";"";"";"";"CHEMBL274";"C-C chemokine receptor type 5";"Homo sapiens";"SINGLE PROTEIN";"CHEMBL1909046";"15";"DrugMatrix";"";"";"CHEMBL3307715";"";"";"Not Active";""
"CHEMBL1201151";"MESTRANOL";"4.0";"310.44";"0";"3.92";"MESTRANOL";"C#C[C@]1(O)CC[C@H]2[C@@H]3CCc4cc(OC)ccc4[C@H]3CC[C@@]21C";"Ki";"";"";"";"";"";"Inhibition < 50% @ 10 uM and thus dose-reponse curve not measured";"";"";"";"";"";"0";"CHEMBL1909126";"DRUGMATRIX: Chemokine CCR5 radioligand binding (ligand: [125I] MIP-1alpha)";"B";"BAO_0000249";"cell membrane format";"None";"None";"None";"HEK293";"Membrane";"";"";"";"CHEMBL274";"C-C chemokine receptor type 5";"Homo sapiens";"SINGLE PROTEIN";"CHEMBL1909046";"15";"DrugMatrix";"";"";"CHEMBL3307715";"";"";"Not Active";""
"CHEMBL69642";"";"None";"625.19";"1";"4.86";"13g";"C[C@H]1CN(C2CCN(C(=O)c3c(N)cccc3Cl)CC2)CCN1[C@@H](C)c1ccc(S(=O)(=O)c2ccc3c(c2)OCO3)cc1";"Ki";"'='";"32.0";"nM";"7.50";"";"";"UO_0000065";"11.99";"0.24";"2.63";"7.11";"0";"CHEMBL649954";"Inhibition of [125I]-labeled RANTES binding to C-C chemokine receptor type 5";"B";"BAO_0000357";"single protein format";"None";"None";"None";"None";"None";"";"";"";"CHEMBL274";"C-C chemokine receptor type 5";"Homo sapiens";"SINGLE PROTEIN";"CHEMBL1133909";"1";"Scientific Literature";"Bioorg Med Chem Lett";"2001";"None";"";"";"";"32.0"
"CHEMBL599";"MELOXICAM";"4.0";"351.41";"0";"1.95";"MELOXICAM";"Cc1cnc(NC(=O)C2=C(O)c3ccccc3S(=O)(=O)N2C)s1";"Ki";"";"";"";"";"";"Inhibition < 50% @ 10 uM and thus dose-reponse curve not measured";"";"";"";"";"";"0";"CHEMBL1909126";"DRUGMATRIX: Chemokine CCR5 radioligand binding (ligand: [125I] MIP-1alpha)";"B";"BAO_0000249";"cell membrane format";"None";"None";"None";"HEK293";"Membrane";"";"";"";"CHEMBL274";"C-C chemokine receptor type 5";"Homo sapiens";"SINGLE PROTEIN";"CHEMBL1909046";"15";"DrugMatrix";"";"";"CHEMBL3307715";"";"";"Not Active";""
"CHEMBL69670";"";"None";"604.77";"1";"4.51";"13f";"Cc1cccc(N)c1C(=O)N1CCC(N2CCN([C@@H](C)c3ccc(S(=O)(=O)c4ccc5c(c4)OCO5)cc3)[C@@H](C)C2)CC1";"Ki";"'='";"31.0";"nM";"7.51";"";"";"UO_0000065";"12.42";"0.24";"3.00";"7.12";"0";"CHEMBL649955";"Ability to inhibit [125I]-labeled RANTES binding to C-C chemokine receptor type 5 expressed in membrane preparation of CHO cells";"B";"BAO_0000219";"cell-based format";"None";"None";"None";"CHO";"None";"";"";"";"CHEMBL274";"C-C chemokine receptor type 5";"Homo sapiens";"SINGLE PROTEIN";"CHEMBL1133909";"1";"Scientific Literature";"Bioorg Med Chem Lett";"2001";"CHEMBL3308072";"";"";"";"31.0"
"CHEMBL338790";"";"None";"212.21";"0";"1.31";"SID50105795";"Nc1ccc2c3c(cccc13)C(=O)NC2=O";"Ki";"";"";"";"";"";"Inhibition < 50% @ 10 uM and thus dose-reponse curve not measured";"";"";"";"";"";"0";"CHEMBL1909126";"DRUGMATRIX: Chemokine CCR5 radioligand binding (ligand: [125I] MIP-1alpha)";"B";"BAO_0000249";"cell membrane format";"None";"None";"None";"HEK293";"Membrane";"";"";"";"CHEMBL274";"C-C chemokine receptor type 5";"Homo sapiens";"SINGLE PROTEIN";"CHEMBL1909046";"15";"DrugMatrix";"";"";"CHEMBL3307715";"";"";"Not Active";""
"CHEMBL964";"DISULFIRAM";"4.0";"296.55";"0";"3.62";"DISULFIRAM";"CCN(CC)C(=S)SSC(=S)N(CC)CC";"Ki";"'='";"18284.0";"nM";"4.74";"";"";"UO_0000065";"15.98";"0.40";"1.12";"73.12";"0";"CHEMBL1909126";"DRUGMATRIX: Chemokine CCR5 radioligand binding (ligand: [125I] MIP-1alpha)";"B";"BAO_0000249";"cell membrane format";"None";"None";"None";"HEK293";"Membrane";"";"";"";"CHEMBL274";"C-C chemokine receptor type 5";"Homo sapiens";"SINGLE PROTEIN";"CHEMBL1909046";"15";"DrugMatrix";"";"";"CHEMBL3307715";"";"";"";"18.284"
"CHEMBL1388";"MONOBENZONE";"4.0";"200.24";"0";"2.97";"MONOBENZONE";"Oc1ccc(OCc2ccccc2)cc1";"Ki";"";"";"";"";"";"Inhibition < 50% @ 10 uM and thus dose-reponse curve not measured";"";"";"";"";"";"0";"CHEMBL1909126";"DRUGMATRIX: Chemokine CCR5 radioligand binding (ligand: [125I] MIP-1alpha)";"B";"BAO_0000249";"cell membrane format";"None";"None";"None";"HEK293";"Membrane";"";"";"";"CHEMBL274";"C-C chemokine receptor type 5";"Homo sapiens";"SINGLE PROTEIN";"CHEMBL1909046";"15";"DrugMatrix";"";"";"CHEMBL3307715";"";"";"Not Active";""
"CHEMBL27769";"STANOLONE";"2.0";"290.45";"0";"3.96";"STANOLONE";"C[C@]12CCC(=O)C[C@@H]1CC[C@@H]1[C@@H]2CC[C@]2(C)[C@@H](O)CC[C@@H]12";"Ki";"";"";"";"";"";"Inhibition < 50% @ 10 uM and thus dose-reponse curve not measured";"";"";"";"";"";"0";"CHEMBL1909126";"DRUGMATRIX: Chemokine CCR5 radioligand binding (ligand: [125I] MIP-1alpha)";"B";"BAO_0000249";"cell membrane format";"None";"None";"None";"HEK293";"Membrane";"";"";"";"CHEMBL274";"C-C chemokine receptor type 5";"Homo sapiens";"SINGLE PROTEIN";"CHEMBL1909046";"15";"DrugMatrix";"";"";"CHEMBL3307715";"";"";"Not Active";""
"CHEMBL1221";"SULCONAZOLE";"4.0";"397.76";"1";"6.52";"SULCONAZOLE";"Clc1ccc(CSC(Cn2ccnc2)c2ccc(Cl)cc2Cl)cc1";"Ki";"";"";"";"";"";"Inhibition < 50% @ 10 uM and thus dose-reponse curve not measured";"";"";"";"";"";"0";"CHEMBL1909126";"DRUGMATRIX: Chemokine CCR5 radioligand binding (ligand: [125I] MIP-1alpha)";"B";"BAO_0000249";"cell membrane format";"None";"None";"None";"HEK293";"Membrane";"";"";"";"CHEMBL274";"C-C chemokine receptor type 5";"Homo sapiens";"SINGLE PROTEIN";"CHEMBL1909046";"15";"DrugMatrix";"";"";"CHEMBL3307715";"";"";"Not Active";""
"CHEMBL2";"PRAZOSIN";"4.0";"383.41";"0";"1.78";"PRAZOSIN";"COc1cc2nc(N3CCN(C(=O)c4ccco4)CC3)nc(N)c2cc1OC";"Ki";"";"";"";"";"";"Inhibition < 50% @ 10 uM and thus dose-reponse curve not measured";"";"";"";"";"";"0";"CHEMBL1909126";"DRUGMATRIX: Chemokine CCR5 radioligand binding (ligand: [125I] MIP-1alpha)";"B";"BAO_0000249";"cell membrane format";"None";"None";"None";"HEK293";"Membrane";"";"";"";"CHEMBL274";"C-C chemokine receptor type 5";"Homo sapiens";"SINGLE PROTEIN";"CHEMBL1909046";"15";"DrugMatrix";"";"";"CHEMBL3307715";"";"";"Not Active";""
"CHEMBL432713";"";"None";"500.47";"2";"6.36";"34";"O=C(/C=C/c1ccc(Cl)c(Cl)c1)NCCCCCN1CCC(c2c[nH]c3ccc(O)cc23)CC1";"Ki";"'='";"4260.0";"nM";"5.37";"";"";"UO_0000065";"";"";"";"";"0";"CHEMBL650746";"Compound was evaluated for the antagonist activity against C-C chemokine receptor type 5";"F";"BAO_0000019";"assay format";"None";"None";"None";"None";"None";"";"";"";"CHEMBL274";"C-C chemokine receptor type 5";"Homo sapiens";"SINGLE PROTEIN";"CHEMBL1133268";"1";"Scientific Literature";"Bioorg Med Chem Lett";"2000";"None";"";"";"";"4260.0"
"CHEMBL622";"ETODOLAC";"4.0";"287.36";"0";"3.38";"ETODOLAC";"CCc1cccc2c3c([nH]c12)C(CC)(CC(=O)O)OCC3";"Ki";"";"";"";"";"";"Inhibition < 50% @ 10 uM and thus dose-reponse curve not measured";"";"";"";"";"";"0";"CHEMBL1909126";"DRUGMATRIX: Chemokine CCR5 radioligand binding (ligand: [125I] MIP-1alpha)";"B";"BAO_0000249";"cell membrane format";"None";"None";"None";"HEK293";"Membrane";"";"";"";"CHEMBL274";"C-C chemokine receptor type 5";"Homo sapiens";"SINGLE PROTEIN";"CHEMBL1909046";"15";"DrugMatrix";"";"";"CHEMBL3307715";"";"";"Not Active";""
"CHEMBL1714574";"TERCONAZOLE";"4.0";"532.47";"1";"4.46";"TERCONAZOLE";"CC(C)N1CCN(c2ccc(OCC3COC(Cn4cncn4)(c4ccc(Cl)cc4Cl)O3)cc2)CC1";"Ki";"";"";"";"";"";"Inhibition < 50% @ 10 uM and thus dose-reponse curve not measured";"";"";"";"";"";"0";"CHEMBL1909126";"DRUGMATRIX: Chemokine CCR5 radioligand binding (ligand: [125I] MIP-1alpha)";"B";"BAO_0000249";"cell membrane format";"None";"None";"None";"HEK293";"Membrane";"";"";"";"CHEMBL274";"C-C chemokine receptor type 5";"Homo sapiens";"SINGLE PROTEIN";"CHEMBL1909046";"15";"DrugMatrix";"";"";"CHEMBL3307715";"";"";"Not Active";""
"CHEMBL1909054";"CARBOXYMETHYLCELLULOSE";"None";"None";"None";"None";"CARBOXYMETHYLCELLULOSE";"";"Ki";"";"";"";"";"";"Inhibition < 50% @ 10 uM and thus dose-reponse curve not measured";"";"";"";"";"";"0";"CHEMBL1909126";"DRUGMATRIX: Chemokine CCR5 radioligand binding (ligand: [125I] MIP-1alpha)";"B";"BAO_0000249";"cell membrane format";"None";"None";"None";"HEK293";"Membrane";"";"";"";"CHEMBL274";"C-C chemokine receptor type 5";"Homo sapiens";"SINGLE PROTEIN";"CHEMBL1909046";"15";"DrugMatrix";"";"";"CHEMBL3307715";"";"";"Not Active";""
"CHEMBL1650";"CORTISONE ACETATE";"4.0";"402.49";"0";"2.56";"CORTISONE ACETATE";"CC(=O)OCC(=O)[C@@]1(O)CC[C@H]2[C@@H]3CCC4=CC(=O)CC[C@]4(C)[C@H]3C(=O)C[C@@]21C";"Ki";"";"";"";"";"";"Inhibition < 50% @ 10 uM and thus dose-reponse curve not measured";"";"";"";"";"";"0";"CHEMBL1909126";"DRUGMATRIX: Chemokine CCR5 radioligand binding (ligand: [125I] MIP-1alpha)";"B";"BAO_0000249";"cell membrane format";"None";"None";"None";"HEK293";"Membrane";"";"";"";"CHEMBL274";"C-C chemokine receptor type 5";"Homo sapiens";"SINGLE PROTEIN";"CHEMBL1909046";"15";"DrugMatrix";"";"";"CHEMBL3307715";"";"";"Not Active";""
"CHEMBL134";"CLONIDINE";"4.0";"230.10";"0";"2.36";"CLONIDINE";"Clc1cccc(Cl)c1NC1=NCCN1";"Ki";"";"";"";"";"";"Inhibition < 50% @ 10 uM and thus dose-reponse curve not measured";"";"";"";"";"";"0";"CHEMBL1909126";"DRUGMATRIX: Chemokine CCR5 radioligand binding (ligand: [125I] MIP-1alpha)";"B";"BAO_0000249";"cell membrane format";"None";"None";"None";"HEK293";"Membrane";"";"";"";"CHEMBL274";"C-C chemokine receptor type 5";"Homo sapiens";"SINGLE PROTEIN";"CHEMBL1909046";"15";"DrugMatrix";"";"";"CHEMBL3307715";"";"";"Not Active";""
"CHEMBL880";"FAMCICLOVIR";"4.0";"321.34";"0";"0.54";"FAMCICLOVIR";"CC(=O)OCC(CCn1cnc2cnc(N)nc21)COC(C)=O";"Ki";"";"";"";"";"";"Inhibition < 50% @ 10 uM and thus dose-reponse curve not measured";"";"";"";"";"";"0";"CHEMBL1909126";"DRUGMATRIX: Chemokine CCR5 radioligand binding (ligand: [125I] MIP-1alpha)";"B";"BAO_0000249";"cell membrane format";"None";"None";"None";"HEK293";"Membrane";"";"";"";"CHEMBL274";"C-C chemokine receptor type 5";"Homo sapiens";"SINGLE PROTEIN";"CHEMBL1909046";"15";"DrugMatrix";"";"";"CHEMBL3307715";"";"";"Not Active";""
"CHEMBL457299";"ETHYLENE GLYCOL";"None";"62.07";"0";"-1.03";"ETHYLENE GLYCOL";"OCCO";"Ki";"";"";"";"";"";"Inhibition < 50% @ 10 uM and thus dose-reponse curve not measured";"";"";"";"";"";"0";"CHEMBL1909126";"DRUGMATRIX: Chemokine CCR5 radioligand binding (ligand: [125I] MIP-1alpha)";"B";"BAO_0000249";"cell membrane format";"None";"None";"None";"HEK293";"Membrane";"";"";"";"CHEMBL274";"C-C chemokine receptor type 5";"Homo sapiens";"SINGLE PROTEIN";"CHEMBL1909046";"15";"DrugMatrix";"";"";"CHEMBL3307715";"";"";"Not Active";""
"CHEMBL1542";"AZATHIOPRINE";"4.0";"277.27";"0";"1.15";"AZATHIOPRINE";"Cn1cnc([N+](=O)[O-])c1Sc1ncnc2[nH]cnc12";"Ki";"";"";"";"";"";"Inhibition < 50% @ 10 uM and thus dose-reponse curve not measured";"";"";"";"";"";"0";"CHEMBL1909126";"DRUGMATRIX: Chemokine CCR5 radioligand binding (ligand: [125I] MIP-1alpha)";"B";"BAO_0000249";"cell membrane format";"None";"None";"None";"HEK293";"Membrane";"";"";"";"CHEMBL274";"C-C chemokine receptor type 5";"Homo sapiens";"SINGLE PROTEIN";"CHEMBL1909046";"15";"DrugMatrix";"";"";"CHEMBL3307715";"";"";"Not Active";""
"CHEMBL269732";"TACROLIMUS ANHYDROUS";"4.0";"804.03";"2";"4.64";"TACROLIMUS";"C=CC[C@@H]1/C=C(\C)C[C@H](C)C[C@H](OC)[C@H]2O[C@@](O)(C(=O)C(=O)N3CCCC[C@H]3C(=O)O[C@H](/C(C)=C/[C@@H]3CC[C@@H](O)[C@H](OC)C3)[C@H](C)[C@@H](O)CC1=O)[C@H](C)C[C@@H]2OC";"Ki";"";"";"";"";"";"Inhibition < 50% @ 10 uM and thus dose-reponse curve not measured";"";"";"";"";"";"0";"CHEMBL1909126";"DRUGMATRIX: Chemokine CCR5 radioligand binding (ligand: [125I] MIP-1alpha)";"B";"BAO_0000249";"cell membrane format";"None";"None";"None";"HEK293";"Membrane";"";"";"";"CHEMBL274";"C-C chemokine receptor type 5";"Homo sapiens";"SINGLE PROTEIN";"CHEMBL1909046";"15";"DrugMatrix";"";"";"CHEMBL3307715";"";"";"Not Active";""
"CHEMBL508338";"THIMEROSAL";"3.0";"404.82";"None";"None";"THIMEROSAL";"";"Ki";"";"";"";"";"";"Inhibition < 50% @ 10 uM and thus dose-reponse curve not measured";"";"";"";"";"";"0";"CHEMBL1909126";"DRUGMATRIX: Chemokine CCR5 radioligand binding (ligand: [125I] MIP-1alpha)";"B";"BAO_0000249";"cell membrane format";"None";"None";"None";"HEK293";"Membrane";"";"";"";"CHEMBL274";"C-C chemokine receptor type 5";"Homo sapiens";"SINGLE PROTEIN";"CHEMBL1909046";"15";"DrugMatrix";"";"";"CHEMBL3307715";"";"";"Not Active";""
"CHEMBL334255";"CETYLPYRIDINIUM BROMIDE";"None";"384.45";"1";"6.46";"Amphiphile CPB";"CCCCCCCCCCCCCCCC[n+]1ccccc1.[Br-]";"Ki";"";"";"";"";"";"Inhibition < 50% @ 10 uM and thus dose-reponse curve not measured";"";"";"";"";"";"0";"CHEMBL1909126";"DRUGMATRIX: Chemokine CCR5 radioligand binding (ligand: [125I] MIP-1alpha)";"B";"BAO_0000249";"cell membrane format";"None";"None";"None";"HEK293";"Membrane";"";"";"";"CHEMBL274";"C-C chemokine receptor type 5";"Homo sapiens";"SINGLE PROTEIN";"CHEMBL1909046";"15";"DrugMatrix";"";"";"CHEMBL3307715";"";"";"Not Active";""
"CHEMBL573";"NIACIN";"4.0";"123.11";"0";"0.78";"NIACIN";"O=C(O)c1cccnc1";"Ki";"";"";"";"";"";"Inhibition < 50% @ 10 uM and thus dose-reponse curve not measured";"";"";"";"";"";"0";"CHEMBL1909126";"DRUGMATRIX: Chemokine CCR5 radioligand binding (ligand: [125I] MIP-1alpha)";"B";"BAO_0000249";"cell membrane format";"None";"None";"None";"HEK293";"Membrane";"";"";"";"CHEMBL274";"C-C chemokine receptor type 5";"Homo sapiens";"SINGLE PROTEIN";"CHEMBL1909046";"15";"DrugMatrix";"";"";"CHEMBL3307715";"";"";"Not Active";""
"CHEMBL783";"NATEGLINIDE";"4.0";"317.43";"0";"3.26";"NATEGLINIDE";"CC(C)[C@H]1CC[C@H](C(=O)N[C@H](Cc2ccccc2)C(=O)O)CC1";"Ki";"";"";"";"";"";"Inhibition < 50% @ 10 uM and thus dose-reponse curve not measured";"";"";"";"";"";"0";"CHEMBL1909126";"DRUGMATRIX: Chemokine CCR5 radioligand binding (ligand: [125I] MIP-1alpha)";"B";"BAO_0000249";"cell membrane format";"None";"None";"None";"HEK293";"Membrane";"";"";"";"CHEMBL274";"C-C chemokine receptor type 5";"Homo sapiens";"SINGLE PROTEIN";"CHEMBL1909046";"15";"DrugMatrix";"";"";"CHEMBL3307715";"";"";"Not Active";""
"CHEMBL60889";"MOSAPRIDE";"3.0";"421.90";"0";"3.09";"MOSAPRIDE";"CCOc1cc(N)c(Cl)cc1C(=O)NCC1CN(Cc2ccc(F)cc2)CCO1";"Ki";"";"";"";"";"";"Inhibition < 50% @ 10 uM and thus dose-reponse curve not measured";"";"";"";"";"";"0";"CHEMBL1909126";"DRUGMATRIX: Chemokine CCR5 radioligand binding (ligand: [125I] MIP-1alpha)";"B";"BAO_0000249";"cell membrane format";"None";"None";"None";"HEK293";"Membrane";"";"";"";"CHEMBL274";"C-C chemokine receptor type 5";"Homo sapiens";"SINGLE PROTEIN";"CHEMBL1909046";"15";"DrugMatrix";"";"";"CHEMBL3307715";"";"";"Not Active";""
"CHEMBL934";"METYRAPONE";"4.0";"226.28";"0";"2.64";"METYRAPONE";"CC(C)(C(=O)c1cccnc1)c1cccnc1";"Ki";"";"";"";"";"";"Inhibition < 50% @ 10 uM and thus dose-reponse curve not measured";"";"";"";"";"";"0";"CHEMBL1909126";"DRUGMATRIX: Chemokine CCR5 radioligand binding (ligand: [125I] MIP-1alpha)";"B";"BAO_0000249";"cell membrane format";"None";"None";"None";"HEK293";"Membrane";"";"";"";"CHEMBL274";"C-C chemokine receptor type 5";"Homo sapiens";"SINGLE PROTEIN";"CHEMBL1909046";"15";"DrugMatrix";"";"";"CHEMBL3307715";"";"";"Not Active";""
"CHEMBL326020";"";"None";"561.51";"2";"5.07";"60";"Cc1cccc(O)c1C(=O)N1CCC(C)(N2CCN([C@@H](C)c3ccc(I)cc3)[C@@H](C)C2)CC1";"Ki";"'='";"7.0";"nM";"8.15";"";"";"UO_0000065";"14.52";"0.34";"3.08";"17.34";"0";"CHEMBL649945";"Inhibition of RANTES binding to the human C-C chemokine receptor type 5 (CCR5)";"B";"BAO_0000357";"single protein format";"None";"None";"None";"None";"None";"";"";"";"CHEMBL274";"C-C chemokine receptor type 5";"Homo sapiens";"SINGLE PROTEIN";"CHEMBL1144903";"1";"Scientific Literature";"J Med Chem";"2003";"None";"";"";"";"7.0"
"CHEMBL342452";"";"None";"512.49";"2";"5.65";"21";"Cc1cccc(C)c1C(=O)N1CCC(C)(N2CCC(/C(=N\O)c3ccc(Br)cc3)CC2)CC1";"Ki";"'='";"78.0";"nM";"7.11";"";"";"UO_0000065";"13.87";"0.29";"1.46";"12.66";"0";"CHEMBL649945";"Inhibition of RANTES binding to the human C-C chemokine receptor type 5 (CCR5)";"B";"BAO_0000357";"single protein format";"None";"None";"None";"None";"None";"";"";"";"CHEMBL274";"C-C chemokine receptor type 5";"Homo sapiens";"SINGLE PROTEIN";"CHEMBL1144903";"1";"Scientific Literature";"J Med Chem";"2003";"None";"";"";"";"78.0"
"CHEMBL1612004";"";"None";"123.15";"0";"1.28";"O-ANISIDINE";"COc1ccccc1N";"Ki";"";"";"";"";"";"Inhibition < 50% @ 10 uM and thus dose-reponse curve not measured";"";"";"";"";"";"0";"CHEMBL1909126";"DRUGMATRIX: Chemokine CCR5 radioligand binding (ligand: [125I] MIP-1alpha)";"B";"BAO_0000249";"cell membrane format";"None";"None";"None";"HEK293";"Membrane";"";"";"";"CHEMBL274";"C-C chemokine receptor type 5";"Homo sapiens";"SINGLE PROTEIN";"CHEMBL1909046";"15";"DrugMatrix";"";"";"CHEMBL3307715";"";"";"Not Active";""
"CHEMBL640";"PROCAINAMIDE";"4.0";"235.33";"0";"1.34";"PROCAINAMIDE";"CCN(CC)CCNC(=O)c1ccc(N)cc1";"Ki";"";"";"";"";"";"Inhibition < 50% @ 10 uM and thus dose-reponse curve not measured";"";"";"";"";"";"0";"CHEMBL1909126";"DRUGMATRIX: Chemokine CCR5 radioligand binding (ligand: [125I] MIP-1alpha)";"B";"BAO_0000249";"cell membrane format";"None";"None";"None";"HEK293";"Membrane";"";"";"";"CHEMBL274";"C-C chemokine receptor type 5";"Homo sapiens";"SINGLE PROTEIN";"CHEMBL1909046";"15";"DrugMatrix";"";"";"CHEMBL3307715";"";"";"Not Active";""
"CHEMBL13341";"NIMETAZEPAM";"2.0";"295.30";"0";"2.41";"NIMETAZEPAM";"CN1C(=O)CN=C(c2ccccc2)c2cc([N+](=O)[O-])ccc21";"Ki";"";"";"";"";"";"Inhibition < 50% @ 10 uM and thus dose-reponse curve not measured";"";"";"";"";"";"0";"CHEMBL1909126";"DRUGMATRIX: Chemokine CCR5 radioligand binding (ligand: [125I] MIP-1alpha)";"B";"BAO_0000249";"cell membrane format";"None";"None";"None";"HEK293";"Membrane";"";"";"";"CHEMBL274";"C-C chemokine receptor type 5";"Homo sapiens";"SINGLE PROTEIN";"CHEMBL1909046";"15";"DrugMatrix";"";"";"CHEMBL3307715";"";"";"Not Active";""
"CHEMBL1480987";"CYCLANDELATE";"2.0";"276.38";"0";"3.48";"CYCLANDELATE";"CC1CC(OC(=O)C(O)c2ccccc2)CC(C)(C)C1";"Ki";"";"";"";"";"";"Inhibition < 50% @ 10 uM and thus dose-reponse curve not measured";"";"";"";"";"";"0";"CHEMBL1909126";"DRUGMATRIX: Chemokine CCR5 radioligand binding (ligand: [125I] MIP-1alpha)";"B";"BAO_0000249";"cell membrane format";"None";"None";"None";"HEK293";"Membrane";"";"";"";"CHEMBL274";"C-C chemokine receptor type 5";"Homo sapiens";"SINGLE PROTEIN";"CHEMBL1909046";"15";"DrugMatrix";"";"";"CHEMBL3307715";"";"";"Not Active";""
"CHEMBL515914";"AZARIBINE";"4.0";"371.30";"1";"-1.74";"AZARIBINE";"CC(=O)OC[C@H]1O[C@@H](n2ncc(=O)[nH]c2=O)[C@H](OC(C)=O)[C@@H]1OC(C)=O";"Ki";"";"";"";"";"";"Inhibition < 50% @ 10 uM and thus dose-reponse curve not measured";"";"";"";"";"";"0";"CHEMBL1909126";"DRUGMATRIX: Chemokine CCR5 radioligand binding (ligand: [125I] MIP-1alpha)";"B";"BAO_0000249";"cell membrane format";"None";"None";"None";"HEK293";"Membrane";"";"";"";"CHEMBL274";"C-C chemokine receptor type 5";"Homo sapiens";"SINGLE PROTEIN";"CHEMBL1909046";"15";"DrugMatrix";"";"";"CHEMBL3307715";"";"";"Not Active";""
"CHEMBL264442";"";"None";"553.75";"2";"5.99";"4";"Cc1cccc(C)c1C(=O)N1CCC(N2CCN([C@@H](C)c3ccc(Cc4ccc5c(c4)OCO5)cc3)[C@@H](C)C2)CC1";"Ki";"'='";"18.0";"nM";"7.75";"";"";"UO_0000065";"13.99";"0.26";"1.75";"17.12";"0";"CHEMBL649954";"Inhibition of [125I]-labeled RANTES binding to C-C chemokine receptor type 5";"B";"BAO_0000357";"single protein format";"None";"None";"None";"None";"None";"";"";"";"CHEMBL274";"C-C chemokine receptor type 5";"Homo sapiens";"SINGLE PROTEIN";"CHEMBL1133909";"1";"Scientific Literature";"Bioorg Med Chem Lett";"2001";"None";"";"";"";"18.0"
"CHEMBL324643";"";"None";"540.55";"2";"6.21";"19a";"CCO/N=C(\c1ccc(Br)cc1)C1CCN(C2(C)CCN(C(=O)c3c(C)cccc3C)CC2)CC1";"Ki";"'='";"1.8";"nM";"8.74";"";"";"UO_0000065";"16.18";"0.34";"2.53";"19.37";"0";"CHEMBL649944";"Inhibition of RANTES binding to C-C chemokine receptor type 5";"B";"BAO_0000357";"single protein format";"None";"None";"None";"None";"None";"";"";"";"CHEMBL274";"C-C chemokine receptor type 5";"Homo sapiens";"SINGLE PROTEIN";"CHEMBL1134621";"1";"Scientific Literature";"J Med Chem";"2001";"None";"";"";"";"1.8"
"CHEMBL423000";"";"None";"598.48";"2";"6.75";"30";"CCO/N=C(/c1ccc(Br)cc1)C1CCN(C2(C)CCN(C(=O)c3c(F)cccc3C(F)(F)F)CC2)CC1";"Ki";"'='";"3.0";"nM";"8.52";"";"";"UO_0000065";"14.24";"0.31";"1.77";"18.88";"0";"CHEMBL649945";"Inhibition of RANTES binding to the human C-C chemokine receptor type 5 (CCR5)";"B";"BAO_0000357";"single protein format";"None";"None";"None";"None";"None";"";"";"";"CHEMBL274";"C-C chemokine receptor type 5";"Homo sapiens";"SINGLE PROTEIN";"CHEMBL1144903";"1";"Scientific Literature";"J Med Chem";"2003";"None";"";"";"";"3.0"
"CHEMBL10";"SB-203580";"None";"377.44";"0";"4.68";"SB-203580";"C[S+]([O-])c1ccc(-c2nc(-c3ccc(F)cc3)c(-c3ccncc3)[nH]2)cc1";"Ki";"";"";"";"";"";"Inhibition < 50% @ 10 uM and thus dose-reponse curve not measured";"";"";"";"";"";"0";"CHEMBL1909126";"DRUGMATRIX: Chemokine CCR5 radioligand binding (ligand: [125I] MIP-1alpha)";"B";"BAO_0000249";"cell membrane format";"None";"None";"None";"HEK293";"Membrane";"";"";"";"CHEMBL274";"C-C chemokine receptor type 5";"Homo sapiens";"SINGLE PROTEIN";"CHEMBL1909046";"15";"DrugMatrix";"";"";"CHEMBL3307715";"";"";"Not Active";""
"CHEMBL438";"SULFAMERAZINE";"4.0";"264.31";"0";"1.17";"sulfamerazine";"Cc1ccnc(NS(=O)(=O)c2ccc(N)cc2)n1";"Ki";"";"";"";"";"";"Inhibition < 50% @ 10 uM and thus dose-reponse curve not measured";"";"";"";"";"";"0";"CHEMBL1909126";"DRUGMATRIX: Chemokine CCR5 radioligand binding (ligand: [125I] MIP-1alpha)";"B";"BAO_0000249";"cell membrane format";"None";"None";"None";"HEK293";"Membrane";"";"";"";"CHEMBL274";"C-C chemokine receptor type 5";"Homo sapiens";"SINGLE PROTEIN";"CHEMBL1909046";"15";"DrugMatrix";"";"";"CHEMBL3307715";"";"";"Not Active";""
"CHEMBL698";"TETRACAINE";"4.0";"264.37";"0";"2.62";"TETRACAINE";"CCCCNc1ccc(C(=O)OCCN(C)C)cc1";"Ki";"";"";"";"";"";"Inhibition < 50% @ 10 uM and thus dose-reponse curve not measured";"";"";"";"";"";"0";"CHEMBL1909126";"DRUGMATRIX: Chemokine CCR5 radioligand binding (ligand: [125I] MIP-1alpha)";"B";"BAO_0000249";"cell membrane format";"None";"None";"None";"HEK293";"Membrane";"";"";"";"CHEMBL274";"C-C chemokine receptor type 5";"Homo sapiens";"SINGLE PROTEIN";"CHEMBL1909046";"15";"DrugMatrix";"";"";"CHEMBL3307715";"";"";"Not Active";""
"CHEMBL325276";"";"None";"523.04";"2";"5.70";"16a";"C[C@H]1CN(C2(C)CCN(C(=O)c3c(N)cccc3Cl)CC2)CCN1[C@@H](C)c1ccc(C(F)(F)F)cc1";"Ki";"'='";"5.0";"nM";"8.30";"";"";"UO_0000065";"15.87";"0.31";"2.60";"15.72";"0";"CHEMBL649956";"Binding affinity towards C-C chemokine receptor type 5";"B";"BAO_0000357";"single protein format";"None";"None";"None";"None";"None";"";"";"";"CHEMBL274";"C-C chemokine receptor type 5";"Homo sapiens";"SINGLE PROTEIN";"CHEMBL1134622";"1";"Scientific Literature";"J Med Chem";"2001";"None";"";"";"";"5.0"
"CHEMBL106247";"";"None";"483.49";"1";"6.02";"3";"Cc1cccc(C)c1C(=O)N1CCC(C)(N2CCC(Cc3ccc(Br)cc3)CC2)CC1";"Ki";"'='";"66.0";"nM";"7.18";"";"";"UO_0000065";"14.85";"0.32";"1.16";"30.49";"0";"CHEMBL649944";"Inhibition of RANTES binding to C-C chemokine receptor type 5";"B";"BAO_0000357";"single protein format";"None";"None";"None";"None";"None";"";"";"";"CHEMBL274";"C-C chemokine receptor type 5";"Homo sapiens";"SINGLE PROTEIN";"CHEMBL1134621";"1";"Scientific Literature";"J Med Chem";"2001";"None";"";"";"";"66.0"
"CHEMBL1504";"TRIAMCINOLONE ACETONIDE";"4.0";"434.50";"0";"2.42";"TRIAMCINOLONE ACETONIDE";"CC1(C)O[C@@H]2C[C@H]3[C@@H]4CCC5=CC(=O)C=C[C@]5(C)[C@@]4(F)[C@@H](O)C[C@]3(C)[C@]2(C(=O)CO)O1";"Ki";"";"";"";"";"";"Inhibition < 50% @ 10 uM and thus dose-reponse curve not measured";"";"";"";"";"";"0";"CHEMBL1909126";"DRUGMATRIX: Chemokine CCR5 radioligand binding (ligand: [125I] MIP-1alpha)";"B";"BAO_0000249";"cell membrane format";"None";"None";"None";"HEK293";"Membrane";"";"";"";"CHEMBL274";"C-C chemokine receptor type 5";"Homo sapiens";"SINGLE PROTEIN";"CHEMBL1909046";"15";"DrugMatrix";"";"";"CHEMBL3307715";"";"";"Not Active";""
"CHEMBL1909080";"STRONTIUM CHLORIDE HEXAHYDRATE";"None";"266.62";"None";"None";"STRONTIUM CHLORIDE HEXAHYDRATE";"O.O.O.O.O.O.[Cl-].[Cl-].[Sr+2]";"Ki";"";"";"";"";"";"Inhibition < 50% @ 10 uM and thus dose-reponse curve not measured";"";"";"";"";"";"0";"CHEMBL1909126";"DRUGMATRIX: Chemokine CCR5 radioligand binding (ligand: [125I] MIP-1alpha)";"B";"BAO_0000249";"cell membrane format";"None";"None";"None";"HEK293";"Membrane";"";"";"";"CHEMBL274";"C-C chemokine receptor type 5";"Homo sapiens";"SINGLE PROTEIN";"CHEMBL1909046";"15";"DrugMatrix";"";"";"CHEMBL3307715";"";"";"Not Active";""
"CHEMBL683";"CLOFIBRIC ACID";"2.0";"214.65";"0";"2.58";"1b";"CC(C)(Oc1ccc(Cl)cc1)C(=O)O";"Ki";"";"";"";"";"";"Inhibition < 50% @ 10 uM and thus dose-reponse curve not measured";"";"";"";"";"";"0";"CHEMBL1909126";"DRUGMATRIX: Chemokine CCR5 radioligand binding (ligand: [125I] MIP-1alpha)";"B";"BAO_0000249";"cell membrane format";"None";"None";"None";"HEK293";"Membrane";"";"";"";"CHEMBL274";"C-C chemokine receptor type 5";"Homo sapiens";"SINGLE PROTEIN";"CHEMBL1909046";"15";"DrugMatrix";"";"";"CHEMBL3307715";"";"";"Not Active";""
"CHEMBL325276";"";"None";"523.04";"2";"5.70";"62";"C[C@H]1CN(C2(C)CCN(C(=O)c3c(N)cccc3Cl)CC2)CCN1[C@@H](C)c1ccc(C(F)(F)F)cc1";"Ki";"'='";"5.0";"nM";"8.30";"";"";"UO_0000065";"15.87";"0.31";"2.60";"15.72";"1";"CHEMBL649945";"Inhibition of RANTES binding to the human C-C chemokine receptor type 5 (CCR5)";"B";"BAO_0000357";"single protein format";"None";"None";"None";"None";"None";"";"";"";"CHEMBL274";"C-C chemokine receptor type 5";"Homo sapiens";"SINGLE PROTEIN";"CHEMBL1144903";"1";"Scientific Literature";"J Med Chem";"2003";"None";"";"";"";"5.0"
"CHEMBL267044";"LEVOSULPIRIDE";"2.0";"341.43";"0";"0.56";"LEVOSULPIRIDE";"CCN1CCC[C@H]1CNC(=O)c1cc(S(N)(=O)=O)ccc1OC";"Ki";"";"";"";"";"";"Inhibition < 50% @ 10 uM and thus dose-reponse curve not measured";"";"";"";"";"";"0";"CHEMBL1909126";"DRUGMATRIX: Chemokine CCR5 radioligand binding (ligand: [125I] MIP-1alpha)";"B";"BAO_0000249";"cell membrane format";"None";"None";"None";"HEK293";"Membrane";"";"";"";"CHEMBL274";"C-C chemokine receptor type 5";"Homo sapiens";"SINGLE PROTEIN";"CHEMBL1909046";"15";"DrugMatrix";"";"";"CHEMBL3307715";"";"";"Not Active";""
"CHEMBL1384";"KANAMYCIN";"4.0";"484.50";"2";"-7.29";"KAN";"NC[C@H]1O[C@H](O[C@H]2[C@H](O)[C@@H](O[C@H]3O[C@H](CO)[C@@H](O)[C@H](N)[C@H]3O)[C@H](N)C[C@@H]2N)[C@H](O)[C@@H](O)[C@@H]1O";"Ki";"";"";"";"";"";"Inhibition < 50% @ 10 uM and thus dose-reponse curve not measured";"";"";"";"";"";"0";"CHEMBL1909126";"DRUGMATRIX: Chemokine CCR5 radioligand binding (ligand: [125I] MIP-1alpha)";"B";"BAO_0000249";"cell membrane format";"None";"None";"None";"HEK293";"Membrane";"";"";"";"CHEMBL274";"C-C chemokine receptor type 5";"Homo sapiens";"SINGLE PROTEIN";"CHEMBL1909046";"15";"DrugMatrix";"";"";"CHEMBL3307715";"";"";"Not Active";""
"CHEMBL918";"PHENACEMIDE";"4.0";"178.19";"0";"0.42";"PHENACEMIDE";"NC(=O)NC(=O)Cc1ccccc1";"Ki";"";"";"";"";"";"Inhibition < 50% @ 10 uM and thus dose-reponse curve not measured";"";"";"";"";"";"0";"CHEMBL1909126";"DRUGMATRIX: Chemokine CCR5 radioligand binding (ligand: [125I] MIP-1alpha)";"B";"BAO_0000249";"cell membrane format";"None";"None";"None";"HEK293";"Membrane";"";"";"";"CHEMBL274";"C-C chemokine receptor type 5";"Homo sapiens";"SINGLE PROTEIN";"CHEMBL1909046";"15";"DrugMatrix";"";"";"CHEMBL3307715";"";"";"Not Active";""
"CHEMBL1601669";"ALFACALCIDOL";"3.0";"400.65";"1";"6.59";"ALFACALCIDOL";"C=C1/C(=C\C=C2/CCC[C@]3(C)[C@@H]([C@H](C)CCCC(C)C)CC[C@@H]23)C[C@@H](O)C[C@@H]1O";"Ki";"";"";"";"";"";"Inhibition < 50% @ 10 uM and thus dose-reponse curve not measured";"";"";"";"";"";"0";"CHEMBL1909126";"DRUGMATRIX: Chemokine CCR5 radioligand binding (ligand: [125I] MIP-1alpha)";"B";"BAO_0000249";"cell membrane format";"None";"None";"None";"HEK293";"Membrane";"";"";"";"CHEMBL274";"C-C chemokine receptor type 5";"Homo sapiens";"SINGLE PROTEIN";"CHEMBL1909046";"15";"DrugMatrix";"";"";"CHEMBL3307715";"";"";"Not Active";""
"CHEMBL322251";"";"None";"518.62";"1";"4.72";"1";"Cc1cc[n+]([O-])c(C)c1C(=O)N1CCC(C)(N2CCN([C@@H](C)c3ccc(C(F)(F)F)cc3)[C@@H](C)C2)CC1";"Ki";"'='";"7.0";"nM";"8.15";"";"";"UO_0000065";"15.72";"0.30";"3.43";"15.18";"0";"CHEMBL650903";"Binding affinity at C-C chemokine receptor type 5";"B";"BAO_0000357";"single protein format";"None";"None";"None";"None";"None";"";"";"";"CHEMBL274";"C-C chemokine receptor type 5";"Homo sapiens";"SINGLE PROTEIN";"CHEMBL1134622";"1";"Scientific Literature";"J Med Chem";"2001";"None";"";"";"";"7.0"
"CHEMBL3697626";"";"None";"642.84";"2";"6.70";"BDBM160934";"Cc1nnc(C(C)C)n1C1CC2CCC(C1)N2CC[C@H](NC(=O)C1CCC(F)(F)CC1)c1ccc(NC(=O)COC(C)(C)C)cc1";"Ki";"'='";"15.3";"nM";"7.82";"";"304260";"UO_0000065";"12.16";"0.23";"1.12";"7.71";"0";"CHEMBL3706103";"Radioligand Binding Assay: Afterwards, the pharmacological profile of bivalent ligand 1 at the chemokine receptor CCR5 was characterized similarly. The competitive radioligand binding assay was conducted in CCR5 rhesus macaque membrane preparations from Chem-1 cells. Monovalent ligand 3 and compound 4, an analogue of maraviroc, were tested along under the same condition. Introduction of the 4-NH2 group onto the phenyl ring of maraviroc, as seen in compound 4, caused approximately 65-fold decrease in the binding affinity, compared to maraviroc. The decrease of the binding affinity was even more profound for bivalent ligand 1 and monovalent ligand 3, as their Ki values dropped to submicromolar range, respectively.";"B";"BAO_0000249";"cell membrane format";"None";"None";"None";"Chem-1";"None";"";"";"";"CHEMBL274";"C-C chemokine receptor type 5";"Homo sapiens";"SINGLE PROTEIN";"CHEMBL3638635";"37";"BindingDB Patent Bioactivity Data";"";"2015";"None";"";"";"";"15.3"
"CHEMBL1200604";"TROPICAMIDE";"4.0";"284.36";"0";"2.21";"TROPICAMIDE";"CCN(Cc1ccncc1)C(=O)C(CO)c1ccccc1";"Ki";"";"";"";"";"";"Inhibition < 50% @ 10 uM and thus dose-reponse curve not measured";"";"";"";"";"";"0";"CHEMBL1909126";"DRUGMATRIX: Chemokine CCR5 radioligand binding (ligand: [125I] MIP-1alpha)";"B";"BAO_0000249";"cell membrane format";"None";"None";"None";"HEK293";"Membrane";"";"";"";"CHEMBL274";"C-C chemokine receptor type 5";"Homo sapiens";"SINGLE PROTEIN";"CHEMBL1909046";"15";"DrugMatrix";"";"";"CHEMBL3307715";"";"";"Not Active";""
"CHEMBL13209";"NITRAZEPAM";"3.0";"281.27";"0";"2.38";"NITRAZEPAM";"O=C1CN=C(c2ccccc2)c2cc([N+](=O)[O-])ccc2N1";"Ki";"";"";"";"";"";"Inhibition < 50% @ 10 uM and thus dose-reponse curve not measured";"";"";"";"";"";"0";"CHEMBL1909126";"DRUGMATRIX: Chemokine CCR5 radioligand binding (ligand: [125I] MIP-1alpha)";"B";"BAO_0000249";"cell membrane format";"None";"None";"None";"HEK293";"Membrane";"";"";"";"CHEMBL274";"C-C chemokine receptor type 5";"Homo sapiens";"SINGLE PROTEIN";"CHEMBL1909046";"15";"DrugMatrix";"";"";"CHEMBL3307715";"";"";"Not Active";""
"CHEMBL118";"CELECOXIB";"4.0";"381.38";"0";"3.51";"CELECOXIB";"Cc1ccc(-c2cc(C(F)(F)F)nn2-c2ccc(S(N)(=O)=O)cc2)cc1";"Ki";"";"";"";"";"";"Inhibition < 50% @ 10 uM and thus dose-reponse curve not measured";"";"";"";"";"";"0";"CHEMBL1909126";"DRUGMATRIX: Chemokine CCR5 radioligand binding (ligand: [125I] MIP-1alpha)";"B";"BAO_0000249";"cell membrane format";"None";"None";"None";"HEK293";"Membrane";"";"";"";"CHEMBL274";"C-C chemokine receptor type 5";"Homo sapiens";"SINGLE PROTEIN";"CHEMBL1909046";"15";"DrugMatrix";"";"";"CHEMBL3307715";"";"";"Not Active";""
"CHEMBL25";"ASPIRIN";"4.0";"180.16";"0";"1.31";"ASPIRIN";"CC(=O)Oc1ccccc1C(=O)O";"Ki";"";"";"";"";"";"Inhibition < 50% @ 10 uM and thus dose-reponse curve not measured";"";"";"";"";"";"0";"CHEMBL1909126";"DRUGMATRIX: Chemokine CCR5 radioligand binding (ligand: [125I] MIP-1alpha)";"B";"BAO_0000249";"cell membrane format";"None";"None";"None";"HEK293";"Membrane";"";"";"";"CHEMBL274";"C-C chemokine receptor type 5";"Homo sapiens";"SINGLE PROTEIN";"CHEMBL1909046";"15";"DrugMatrix";"";"";"CHEMBL3307715";"";"";"Not Active";""
"CHEMBL131";"PREDNISOLONE";"4.0";"360.45";"0";"1.56";"PREDNISOLONE";"C[C@]12C=CC(=O)C=C1CC[C@@H]1[C@@H]2[C@@H](O)C[C@@]2(C)[C@H]1CC[C@]2(O)C(=O)CO";"Ki";"";"";"";"";"";"Inhibition < 50% @ 10 uM and thus dose-reponse curve not measured";"";"";"";"";"";"0";"CHEMBL1909126";"DRUGMATRIX: Chemokine CCR5 radioligand binding (ligand: [125I] MIP-1alpha)";"B";"BAO_0000249";"cell membrane format";"None";"None";"None";"HEK293";"Membrane";"";"";"";"CHEMBL274";"C-C chemokine receptor type 5";"Homo sapiens";"SINGLE PROTEIN";"CHEMBL1909046";"15";"DrugMatrix";"";"";"CHEMBL3307715";"";"";"Not Active";""
"CHEMBL549";"CITALOPRAM";"4.0";"324.40";"0";"3.81";"CITALOPRAM";"CN(C)CCCC1(c2ccc(F)cc2)OCc2cc(C#N)ccc21";"Ki";"";"";"";"";"";"Inhibition < 50% @ 10 uM and thus dose-reponse curve not measured";"";"";"";"";"";"0";"CHEMBL1909126";"DRUGMATRIX: Chemokine CCR5 radioligand binding (ligand: [125I] MIP-1alpha)";"B";"BAO_0000249";"cell membrane format";"None";"None";"None";"HEK293";"Membrane";"";"";"";"CHEMBL274";"C-C chemokine receptor type 5";"Homo sapiens";"SINGLE PROTEIN";"CHEMBL1909046";"15";"DrugMatrix";"";"";"CHEMBL3307715";"";"";"Not Active";""
"CHEMBL1308";"FOMEPIZOLE";"4.0";"82.11";"0";"0.72";"4-METHYLPYRAZOLE";"Cc1cn[nH]c1";"Ki";"";"";"";"";"";"Inhibition < 50% @ 10 uM and thus dose-reponse curve not measured";"";"";"";"";"";"0";"CHEMBL1909126";"DRUGMATRIX: Chemokine CCR5 radioligand binding (ligand: [125I] MIP-1alpha)";"B";"BAO_0000249";"cell membrane format";"None";"None";"None";"HEK293";"Membrane";"";"";"";"CHEMBL274";"C-C chemokine receptor type 5";"Homo sapiens";"SINGLE PROTEIN";"CHEMBL1909046";"15";"DrugMatrix";"";"";"CHEMBL3307715";"";"";"Not Active";""
"CHEMBL77675";"";"None";"211.27";"0";"3.15";"1,3-DIPHENYLGUANIDINE";"N=C(Nc1ccccc1)Nc1ccccc1";"Ki";"";"";"";"";"";"Inhibition < 50% @ 10 uM and thus dose-reponse curve not measured";"";"";"";"";"";"0";"CHEMBL1909126";"DRUGMATRIX: Chemokine CCR5 radioligand binding (ligand: [125I] MIP-1alpha)";"B";"BAO_0000249";"cell membrane format";"None";"None";"None";"HEK293";"Membrane";"";"";"";"CHEMBL274";"C-C chemokine receptor type 5";"Homo sapiens";"SINGLE PROTEIN";"CHEMBL1909046";"15";"DrugMatrix";"";"";"CHEMBL3307715";"";"";"Not Active";""
"CHEMBL107092";"";"None";"472.60";"1";"6.27";"4";"Cc1cccc(C)c1C(=O)N1CCC(C)(N2CCC(Cc3ccc(C(F)(F)F)cc3)CC2)CC1";"Ki";"'='";"25.0";"nM";"7.60";"";"";"UO_0000065";"16.09";"0.31";"1.33";"32.28";"0";"CHEMBL649945";"Inhibition of RANTES binding to the human C-C chemokine receptor type 5 (CCR5)";"B";"BAO_0000357";"single protein format";"None";"None";"None";"None";"None";"";"";"";"CHEMBL274";"C-C chemokine receptor type 5";"Homo sapiens";"SINGLE PROTEIN";"CHEMBL1144903";"1";"Scientific Literature";"J Med Chem";"2003";"None";"";"";"";"25.0"
"CHEMBL139559";"";"None";"527.51";"2";"5.22";"31";"CO/N=C(/c1ccc(Br)cc1)C1CCN(C2(C)CCN(C(=O)c3c(C)ccnc3C)CC2)CC1";"Ki";"'='";"1.1";"nM";"8.96";"";"";"UO_0000065";"16.98";"0.36";"3.74";"15.44";"0";"CHEMBL649945";"Inhibition of RANTES binding to the human C-C chemokine receptor type 5 (CCR5)";"B";"BAO_0000357";"single protein format";"None";"None";"None";"None";"None";"";"";"";"CHEMBL274";"C-C chemokine receptor type 5";"Homo sapiens";"SINGLE PROTEIN";"CHEMBL1144903";"1";"Scientific Literature";"J Med Chem";"2003";"None";"";"";"";"1.1"
"CHEMBL325556";"";"None";"545.51";"2";"5.11";"57";"Cc1cccc(C)c1C(=O)N1CCC(C)(N2CCN(Cc3ccc(I)cc3)[C@@H](C)C2)CC1";"Ki";"'='";"8.0";"nM";"8.10";"";"";"UO_0000065";"14.84";"0.35";"2.99";"30.22";"1";"CHEMBL649945";"Inhibition of RANTES binding to the human C-C chemokine receptor type 5 (CCR5)";"B";"BAO_0000357";"single protein format";"None";"None";"None";"None";"None";"";"";"";"CHEMBL274";"C-C chemokine receptor type 5";"Homo sapiens";"SINGLE PROTEIN";"CHEMBL1144903";"1";"Scientific Literature";"J Med Chem";"2003";"None";"";"";"";"8.0"
"CHEMBL1909050";"";"None";"293.41";"0";"4.09";"1-(2-METHYLBENZOYL)-4-(PHENYLMETHYL)-PIPERIDINE";"Cc1ccccc1C(=O)N1CCC(Cc2ccccc2)CC1";"Ki";"";"";"";"";"";"Inhibition < 50% @ 10 uM and thus dose-reponse curve not measured";"";"";"";"";"";"0";"CHEMBL1909126";"DRUGMATRIX: Chemokine CCR5 radioligand binding (ligand: [125I] MIP-1alpha)";"B";"BAO_0000249";"cell membrane format";"None";"None";"None";"HEK293";"Membrane";"";"";"";"CHEMBL274";"C-C chemokine receptor type 5";"Homo sapiens";"SINGLE PROTEIN";"CHEMBL1909046";"15";"DrugMatrix";"";"";"CHEMBL3307715";"";"";"Not Active";""
"CHEMBL80";"NALOXONE";"4.0";"327.38";"0";"1.30";"NALOXONE";"C=CCN1CC[C@]23c4c5ccc(O)c4O[C@H]2C(=O)CC[C@@]3(O)[C@H]1C5";"Ki";"";"";"";"";"";"Inhibition < 50% @ 10 uM and thus dose-reponse curve not measured";"";"";"";"";"";"0";"CHEMBL1909126";"DRUGMATRIX: Chemokine CCR5 radioligand binding (ligand: [125I] MIP-1alpha)";"B";"BAO_0000249";"cell membrane format";"None";"None";"None";"HEK293";"Membrane";"";"";"";"CHEMBL274";"C-C chemokine receptor type 5";"Homo sapiens";"SINGLE PROTEIN";"CHEMBL1909046";"15";"DrugMatrix";"";"";"CHEMBL3307715";"";"";"Not Active";""
"CHEMBL47";"ALPHA-TOCOPHEROL";"None";"430.72";"1";"8.84";"ALPHA-TOCOPHEROL";"Cc1c(C)c2c(c(C)c1O)CC[C@@](C)(CCC[C@H](C)CCC[C@H](C)CCCC(C)C)O2";"Ki";"";"";"";"";"";"Inhibition < 50% @ 10 uM and thus dose-reponse curve not measured";"";"";"";"";"";"0";"CHEMBL1909126";"DRUGMATRIX: Chemokine CCR5 radioligand binding (ligand: [125I] MIP-1alpha)";"B";"BAO_0000249";"cell membrane format";"None";"None";"None";"HEK293";"Membrane";"";"";"";"CHEMBL274";"C-C chemokine receptor type 5";"Homo sapiens";"SINGLE PROTEIN";"CHEMBL1909046";"15";"DrugMatrix";"";"";"CHEMBL3307715";"";"";"Not Active";""
"CHEMBL787";"MONTELUKAST";"4.0";"586.20";"2";"8.95";"MONTELUKAST";"CC(C)(O)c1ccccc1CC[C@@H](SCC1(CC(=O)O)CC1)c1cccc(/C=C/c2ccc3ccc(Cl)cc3n2)c1";"Ki";"";"";"";"";"";"Inhibition < 50% @ 10 uM and thus dose-reponse curve not measured";"";"";"";"";"";"0";"CHEMBL1909126";"DRUGMATRIX: Chemokine CCR5 radioligand binding (ligand: [125I] MIP-1alpha)";"B";"BAO_0000249";"cell membrane format";"None";"None";"None";"HEK293";"Membrane";"";"";"";"CHEMBL274";"C-C chemokine receptor type 5";"Homo sapiens";"SINGLE PROTEIN";"CHEMBL1909046";"15";"DrugMatrix";"";"";"CHEMBL3307715";"";"";"Not Active";""
"CHEMBL1444";"LETROZOLE";"4.0";"285.31";"0";"2.66";"LETROZOLE";"N#Cc1ccc(C(c2ccc(C#N)cc2)n2cncn2)cc1";"Ki";"";"";"";"";"";"Inhibition < 50% @ 10 uM and thus dose-reponse curve not measured";"";"";"";"";"";"0";"CHEMBL1909126";"DRUGMATRIX: Chemokine CCR5 radioligand binding (ligand: [125I] MIP-1alpha)";"B";"BAO_0000249";"cell membrane format";"None";"None";"None";"HEK293";"Membrane";"";"";"";"CHEMBL274";"C-C chemokine receptor type 5";"Homo sapiens";"SINGLE PROTEIN";"CHEMBL1909046";"15";"DrugMatrix";"";"";"CHEMBL3307715";"";"";"Not Active";""
"CHEMBL1730";"CEFOTAXIME";"4.0";"455.47";"1";"-0.62";"CEFOTAXIME";"CO/N=C(\C(=O)N[C@@H]1C(=O)N2C(C(=O)O)=C(COC(C)=O)CS[C@H]12)c1csc(N)n1";"Ki";"";"";"";"";"";"Inhibition < 50% @ 10 uM and thus dose-reponse curve not measured";"";"";"";"";"";"0";"CHEMBL1909126";"DRUGMATRIX: Chemokine CCR5 radioligand binding (ligand: [125I] MIP-1alpha)";"B";"BAO_0000249";"cell membrane format";"None";"None";"None";"HEK293";"Membrane";"";"";"";"CHEMBL274";"C-C chemokine receptor type 5";"Homo sapiens";"SINGLE PROTEIN";"CHEMBL1909046";"15";"DrugMatrix";"";"";"CHEMBL3307715";"";"";"Not Active";""
"CHEMBL768";"ESMOLOL";"4.0";"295.38";"0";"1.53";"ESMOLOL";"COC(=O)CCc1ccc(OCC(O)CNC(C)C)cc1";"Ki";"";"";"";"";"";"Inhibition < 50% @ 10 uM and thus dose-reponse curve not measured";"";"";"";"";"";"0";"CHEMBL1909126";"DRUGMATRIX: Chemokine CCR5 radioligand binding (ligand: [125I] MIP-1alpha)";"B";"BAO_0000249";"cell membrane format";"None";"None";"None";"HEK293";"Membrane";"";"";"";"CHEMBL274";"C-C chemokine receptor type 5";"Homo sapiens";"SINGLE PROTEIN";"CHEMBL1909046";"15";"DrugMatrix";"";"";"CHEMBL3307715";"";"";"Not Active";""
"CHEMBL140552";"";"None";"610.52";"2";"6.02";"93";"CCO/N=C(/c1ccc(Br)cc1)C1CCN(C2(C)CCN(C(=O)c3c(C)nc(C(F)(F)F)nc3C)CC2)CC1";"Ki";"'='";"3.2";"nM";"8.49";"";"";"UO_0000065";"13.91";"0.30";"2.47";"11.98";"0";"CHEMBL649945";"Inhibition of RANTES binding to the human C-C chemokine receptor type 5 (CCR5)";"B";"BAO_0000357";"single protein format";"None";"None";"None";"None";"None";"";"";"";"CHEMBL274";"C-C chemokine receptor type 5";"Homo sapiens";"SINGLE PROTEIN";"CHEMBL1144903";"1";"Scientific Literature";"J Med Chem";"2003";"None";"";"";"";"3.2"
"CHEMBL6";"INDOMETHACIN";"4.0";"357.79";"0";"3.93";"Indomethacin";"COc1ccc2c(c1)c(CC(=O)O)c(C)n2C(=O)c1ccc(Cl)cc1";"Ki";"";"";"";"";"";"Inhibition < 50% @ 10 uM and thus dose-reponse curve not measured";"";"";"";"";"";"0";"CHEMBL1909126";"DRUGMATRIX: Chemokine CCR5 radioligand binding (ligand: [125I] MIP-1alpha)";"B";"BAO_0000249";"cell membrane format";"None";"None";"None";"HEK293";"Membrane";"";"";"";"CHEMBL274";"C-C chemokine receptor type 5";"Homo sapiens";"SINGLE PROTEIN";"CHEMBL1909046";"15";"DrugMatrix";"";"";"CHEMBL3307715";"";"";"Not Active";""
"CHEMBL3350037";"";"None";"1019.26";"None";"None";"OCTREOTIDE";"C[C@@H](O)[C@H](CO)NC(=O)[C@@H]1CSSC[C@H](NC(=O)[C@H](N)Cc2ccccc2)C(=O)N[C@@H](Cc2ccccc2)C(=O)N[C@H](Cc2c[nH]c3ccccc23)C(=O)N[C@@H](CCCCN)C(=O)N[C@@H]([C@@H](C)O)C(=O)N1";"Ki";"";"";"";"";"";"Inhibition < 50% @ 10 uM and thus dose-reponse curve not measured";"";"";"";"";"";"0";"CHEMBL1909126";"DRUGMATRIX: Chemokine CCR5 radioligand binding (ligand: [125I] MIP-1alpha)";"B";"BAO_0000249";"cell membrane format";"None";"None";"None";"HEK293";"Membrane";"";"";"";"CHEMBL274";"C-C chemokine receptor type 5";"Homo sapiens";"SINGLE PROTEIN";"CHEMBL1909046";"15";"DrugMatrix";"";"";"CHEMBL3307715";"";"";"Not Active";""
"CHEMBL323172";"";"None";"527.51";"2";"5.22";"18e";"CO/N=C(\c1ccc(Br)cc1)C1CCN(C2(C)CCN(C(=O)c3c(C)ccnc3C)CC2)CC1";"Ki";"'='";"1.1";"nM";"8.96";"";"";"UO_0000065";"16.98";"0.36";"3.74";"15.44";"0";"CHEMBL649944";"Inhibition of RANTES binding to C-C chemokine receptor type 5";"B";"BAO_0000357";"single protein format";"None";"None";"None";"None";"None";"";"";"";"CHEMBL274";"C-C chemokine receptor type 5";"Homo sapiens";"SINGLE PROTEIN";"CHEMBL1134621";"1";"Scientific Literature";"J Med Chem";"2001";"None";"";"";"";"1.1"
"CHEMBL270299";"BAY-11-7085";"None";"249.34";"0";"2.80";"BAY-117085";"CC(C)(C)c1ccc(S(=O)(=O)/C=C/C#N)cc1";"Ki";"";"";"";"";"";"Inhibition < 50% @ 10 uM and thus dose-reponse curve not measured";"";"";"";"";"";"0";"CHEMBL1909126";"DRUGMATRIX: Chemokine CCR5 radioligand binding (ligand: [125I] MIP-1alpha)";"B";"BAO_0000249";"cell membrane format";"None";"None";"None";"HEK293";"Membrane";"";"";"";"CHEMBL274";"C-C chemokine receptor type 5";"Homo sapiens";"SINGLE PROTEIN";"CHEMBL1909046";"15";"DrugMatrix";"";"";"CHEMBL3307715";"";"";"Not Active";""
"CHEMBL503";"LOVASTATIN";"4.0";"404.55";"0";"4.20";"LOVASTATIN";"CC[C@H](C)C(=O)O[C@H]1C[C@@H](C)C=C2C=C[C@H](C)[C@H](CC[C@@H]3C[C@@H](O)CC(=O)O3)[C@H]21";"Ki";"";"";"";"";"";"Inhibition < 50% @ 10 uM and thus dose-reponse curve not measured";"";"";"";"";"";"0";"CHEMBL1909126";"DRUGMATRIX: Chemokine CCR5 radioligand binding (ligand: [125I] MIP-1alpha)";"B";"BAO_0000249";"cell membrane format";"None";"None";"None";"HEK293";"Membrane";"";"";"";"CHEMBL274";"C-C chemokine receptor type 5";"Homo sapiens";"SINGLE PROTEIN";"CHEMBL1909046";"15";"DrugMatrix";"";"";"CHEMBL3307715";"";"";"Not Active";""
"CHEMBL182";"GANCICLOVIR";"4.0";"255.23";"0";"-1.97";"GANCICLOVIR";"Nc1nc2c(ncn2COC(CO)CO)c(=O)[nH]1";"Ki";"";"";"";"";"";"Inhibition < 50% @ 10 uM and thus dose-reponse curve not measured";"";"";"";"";"";"0";"CHEMBL1909126";"DRUGMATRIX: Chemokine CCR5 radioligand binding (ligand: [125I] MIP-1alpha)";"B";"BAO_0000249";"cell membrane format";"None";"None";"None";"HEK293";"Membrane";"";"";"";"CHEMBL274";"C-C chemokine receptor type 5";"Homo sapiens";"SINGLE PROTEIN";"CHEMBL1909046";"15";"DrugMatrix";"";"";"CHEMBL3307715";"";"";"Not Active";""
"CHEMBL717";"MEDROXYPROGESTERONE ACETATE";"4.0";"386.53";"0";"4.66";"MEDROXYPROGESTERONE ACETATE";"CC(=O)O[C@]1(C(C)=O)CC[C@H]2[C@@H]3C[C@H](C)C4=CC(=O)CC[C@]4(C)[C@H]3CC[C@@]21C";"Ki";"";"";"";"";"";"Inhibition < 50% @ 10 uM and thus dose-reponse curve not measured";"";"";"";"";"";"0";"CHEMBL1909126";"DRUGMATRIX: Chemokine CCR5 radioligand binding (ligand: [125I] MIP-1alpha)";"B";"BAO_0000249";"cell membrane format";"None";"None";"None";"HEK293";"Membrane";"";"";"";"CHEMBL274";"C-C chemokine receptor type 5";"Homo sapiens";"SINGLE PROTEIN";"CHEMBL1909046";"15";"DrugMatrix";"";"";"CHEMBL3307715";"";"";"Not Active";""
"CHEMBL406";"INDAPAMIDE";"4.0";"365.84";"0";"2.08";"INDAPAMIDE";"CC1Cc2ccccc2N1NC(=O)c1ccc(Cl)c(S(N)(=O)=O)c1";"Ki";"";"";"";"";"";"Inhibition < 50% @ 10 uM and thus dose-reponse curve not measured";"";"";"";"";"";"0";"CHEMBL1909126";"DRUGMATRIX: Chemokine CCR5 radioligand binding (ligand: [125I] MIP-1alpha)";"B";"BAO_0000249";"cell membrane format";"None";"None";"None";"HEK293";"Membrane";"";"";"";"CHEMBL274";"C-C chemokine receptor type 5";"Homo sapiens";"SINGLE PROTEIN";"CHEMBL1909046";"15";"DrugMatrix";"";"";"CHEMBL3307715";"";"";"Not Active";""
"CHEMBL1201139";"MEGESTROL ACETATE";"4.0";"384.52";"0";"4.58";"MEGESTROL ACETATE";"CC(=O)O[C@]1(C(C)=O)CC[C@H]2[C@@H]3C=C(C)C4=CC(=O)CC[C@]4(C)[C@H]3CC[C@@]21C";"Ki";"";"";"";"";"";"Inhibition < 50% @ 10 uM and thus dose-reponse curve not measured";"";"";"";"";"";"0";"CHEMBL1909126";"DRUGMATRIX: Chemokine CCR5 radioligand binding (ligand: [125I] MIP-1alpha)";"B";"BAO_0000249";"cell membrane format";"None";"None";"None";"HEK293";"Membrane";"";"";"";"CHEMBL274";"C-C chemokine receptor type 5";"Homo sapiens";"SINGLE PROTEIN";"CHEMBL1909046";"15";"DrugMatrix";"";"";"CHEMBL3307715";"";"";"Not Active";""
"CHEMBL1712923";"IRSOGLADINE MALEATE";"1.0";"372.17";"0";"2.01";"IRSOGLADINE MALEATE";"Nc1nc(N)nc(-c2cc(Cl)ccc2Cl)n1.O=C(O)/C=C\C(=O)O";"Ki";"";"";"";"";"";"Inhibition < 50% @ 10 uM and thus dose-reponse curve not measured";"";"";"";"";"";"0";"CHEMBL1909126";"DRUGMATRIX: Chemokine CCR5 radioligand binding (ligand: [125I] MIP-1alpha)";"B";"BAO_0000249";"cell membrane format";"None";"None";"None";"HEK293";"Membrane";"";"";"";"CHEMBL274";"C-C chemokine receptor type 5";"Homo sapiens";"SINGLE PROTEIN";"CHEMBL1909046";"15";"DrugMatrix";"";"";"CHEMBL3307715";"";"";"Not Active";""
"CHEMBL1909065";"MADURAMICIN ACID";"2.0";"917.14";"2";"4.32";"LYSERGOL";"CO[C@@H]1[C@@H](OC)[C@H](C)[C@@](O)(CC(=O)O)O[C@H]1[C@H](C)[C@H]1O[C@@]2(CC[C@@](C)([C@H]3CC[C@@](C)([C@@H]4O[C@@H]([C@H]5O[C@](C)(O)[C@H](C)C[C@@H]5C)C[C@@H]4O[C@@H]4C[C@H](OC)[C@@H](OC)[C@H](C)O4)O3)O2)C[C@H](O)[C@H]1C";"Ki";"";"";"";"";"";"Inhibition < 50% @ 10 uM and thus dose-reponse curve not measured";"";"";"";"";"";"0";"CHEMBL1909126";"DRUGMATRIX: Chemokine CCR5 radioligand binding (ligand: [125I] MIP-1alpha)";"B";"BAO_0000249";"cell membrane format";"None";"None";"None";"HEK293";"Membrane";"";"";"";"CHEMBL274";"C-C chemokine receptor type 5";"Homo sapiens";"SINGLE PROTEIN";"CHEMBL1909046";"15";"DrugMatrix";"";"";"CHEMBL3307715";"";"";"Not Active";""
"CHEMBL631";"PROPAFENONE";"4.0";"341.45";"0";"3.24";"PROPAFENONE";"CCCNCC(O)COc1ccccc1C(=O)CCc1ccccc1";"Ki";"";"";"";"";"";"Inhibition < 50% @ 10 uM and thus dose-reponse curve not measured";"";"";"";"";"";"0";"CHEMBL1909126";"DRUGMATRIX: Chemokine CCR5 radioligand binding (ligand: [125I] MIP-1alpha)";"B";"BAO_0000249";"cell membrane format";"None";"None";"None";"HEK293";"Membrane";"";"";"";"CHEMBL274";"C-C chemokine receptor type 5";"Homo sapiens";"SINGLE PROTEIN";"CHEMBL1909046";"15";"DrugMatrix";"";"";"CHEMBL3307715";"";"";"Not Active";""
"CHEMBL1431";"METFORMIN";"4.0";"129.17";"0";"-1.03";"METFORMIN";"CN(C)C(=N)NC(=N)N";"Ki";"";"";"";"";"";"Inhibition < 50% @ 10 uM and thus dose-reponse curve not measured";"";"";"";"";"";"0";"CHEMBL1909126";"DRUGMATRIX: Chemokine CCR5 radioligand binding (ligand: [125I] MIP-1alpha)";"B";"BAO_0000249";"cell membrane format";"None";"None";"None";"HEK293";"Membrane";"";"";"";"CHEMBL274";"C-C chemokine receptor type 5";"Homo sapiens";"SINGLE PROTEIN";"CHEMBL1909046";"15";"DrugMatrix";"";"";"CHEMBL3307715";"";"";"Not Active";""
"CHEMBL998";"LORATADINE";"4.0";"382.89";"0";"4.89";"LORATADINE";"CCOC(=O)N1CCC(=C2c3ccc(Cl)cc3CCc3cccnc32)CC1";"Ki";"";"";"";"";"";"Inhibition < 50% @ 10 uM and thus dose-reponse curve not measured";"";"";"";"";"";"0";"CHEMBL1909126";"DRUGMATRIX: Chemokine CCR5 radioligand binding (ligand: [125I] MIP-1alpha)";"B";"BAO_0000249";"cell membrane format";"None";"None";"None";"HEK293";"Membrane";"";"";"";"CHEMBL274";"C-C chemokine receptor type 5";"Homo sapiens";"SINGLE PROTEIN";"CHEMBL1909046";"15";"DrugMatrix";"";"";"CHEMBL3307715";"";"";"Not Active";""
"CHEMBL140706";"";"None";"533.64";"1";"4.88";"21";"COc1nc(C)c(C(=O)N2CCC(C)(N3CCN([C@@H](C)c4ccc(C(F)(F)F)cc4)[C@@H](C)C3)CC2)c(C)n1";"Ki";"'='";"11.0";"nM";"7.96";"";"";"UO_0000065";"14.91";"0.29";"3.08";"12.88";"1";"CHEMBL649953";"Ability to inhibit [125I]-labeled RANTES binding to the CCR5 receptor expressed in membrane preparations from CHO cells";"B";"BAO_0000219";"cell-based format";"None";"None";"None";"CHO";"None";"";"";"";"CHEMBL274";"C-C chemokine receptor type 5";"Homo sapiens";"SINGLE PROTEIN";"CHEMBL1136572";"1";"Scientific Literature";"Bioorg Med Chem Lett";"2003";"CHEMBL3308072";"";"";"";"11.0"
"CHEMBL1544";"LIOTHYRONINE";"4.0";"650.98";"1";"3.95";"3,3',5-TRIIODO-L-THYRONINE";"N[C@@H](Cc1cc(I)c(Oc2ccc(O)c(I)c2)c(I)c1)C(=O)O";"Ki";"";"";"";"";"";"Inhibition < 50% @ 10 uM and thus dose-reponse curve not measured";"";"";"";"";"";"0";"CHEMBL1909126";"DRUGMATRIX: Chemokine CCR5 radioligand binding (ligand: [125I] MIP-1alpha)";"B";"BAO_0000249";"cell membrane format";"None";"None";"None";"HEK293";"Membrane";"";"";"";"CHEMBL274";"C-C chemokine receptor type 5";"Homo sapiens";"SINGLE PROTEIN";"CHEMBL1909046";"15";"DrugMatrix";"";"";"CHEMBL3307715";"";"";"Not Active";""
"CHEMBL174";"AMPICILLIN";"4.0";"349.41";"0";"0.32";"AMPICILLIN";"CC1(C)S[C@@H]2[C@H](NC(=O)[C@H](N)c3ccccc3)C(=O)N2[C@H]1C(=O)O";"Ki";"";"";"";"";"";"Inhibition < 50% @ 10 uM and thus dose-reponse curve not measured";"";"";"";"";"";"0";"CHEMBL1909126";"DRUGMATRIX: Chemokine CCR5 radioligand binding (ligand: [125I] MIP-1alpha)";"B";"BAO_0000249";"cell membrane format";"None";"None";"None";"HEK293";"Membrane";"";"";"";"CHEMBL274";"C-C chemokine receptor type 5";"Homo sapiens";"SINGLE PROTEIN";"CHEMBL1909046";"15";"DrugMatrix";"";"";"CHEMBL3307715";"";"";"Not Active";""
"CHEMBL1483";"ALBENDAZOLE";"4.0";"265.34";"0";"3.24";"ALBENDAZOLE";"CCCSc1ccc2[nH]c(NC(=O)OC)nc2c1";"Ki";"";"";"";"";"";"Inhibition < 50% @ 10 uM and thus dose-reponse curve not measured";"";"";"";"";"";"0";"CHEMBL1909126";"DRUGMATRIX: Chemokine CCR5 radioligand binding (ligand: [125I] MIP-1alpha)";"B";"BAO_0000249";"cell membrane format";"None";"None";"None";"HEK293";"Membrane";"";"";"";"CHEMBL274";"C-C chemokine receptor type 5";"Homo sapiens";"SINGLE PROTEIN";"CHEMBL1909046";"15";"DrugMatrix";"";"";"CHEMBL3307715";"";"";"Not Active";""
"CHEMBL728";"PROCHLORPERAZINE";"4.0";"373.95";"0";"4.58";"PROCHLORPERAZINE";"CN1CCN(CCCN2c3ccccc3Sc3ccc(Cl)cc32)CC1";"Ki";"";"";"";"";"";"Inhibition < 50% @ 10 uM and thus dose-reponse curve not measured";"";"";"";"";"";"0";"CHEMBL1909126";"DRUGMATRIX: Chemokine CCR5 radioligand binding (ligand: [125I] MIP-1alpha)";"B";"BAO_0000249";"cell membrane format";"None";"None";"None";"HEK293";"Membrane";"";"";"";"CHEMBL274";"C-C chemokine receptor type 5";"Homo sapiens";"SINGLE PROTEIN";"CHEMBL1909046";"15";"DrugMatrix";"";"";"CHEMBL3307715";"";"";"Not Active";""
"CHEMBL1055";"CHLORTHALIDONE";"4.0";"338.77";"0";"0.92";"CHLORTHALIDONE";"NS(=O)(=O)c1cc(C2(O)NC(=O)c3ccccc32)ccc1Cl";"Ki";"";"";"";"";"";"Inhibition < 50% @ 10 uM and thus dose-reponse curve not measured";"";"";"";"";"";"0";"CHEMBL1909126";"DRUGMATRIX: Chemokine CCR5 radioligand binding (ligand: [125I] MIP-1alpha)";"B";"BAO_0000249";"cell membrane format";"None";"None";"None";"HEK293";"Membrane";"";"";"";"CHEMBL274";"C-C chemokine receptor type 5";"Homo sapiens";"SINGLE PROTEIN";"CHEMBL1909046";"15";"DrugMatrix";"";"";"CHEMBL3307715";"";"";"Not Active";""
"CHEMBL140912";"";"None";"556.55";"2";"5.39";"16g";"Cc1ncnc(C)c1C(=O)N1CCC(C)(N2CCC(/C(=N\OC(C)C)c3ccc(Br)cc3)CC2)CC1";"Ki";"'='";"3.3";"nM";"8.48";"";"";"UO_0000065";"15.24";"0.32";"3.09";"11.96";"1";"CHEMBL650119";"Inhibition of [125I]RANTES binding to CCR5 receptor.";"B";"BAO_0000357";"single protein format";"None";"None";"None";"None";"None";"";"";"";"CHEMBL274";"C-C chemokine receptor type 5";"Homo sapiens";"SINGLE PROTEIN";"CHEMBL1136595";"1";"Scientific Literature";"Bioorg Med Chem Lett";"2003";"None";"";"";"";"3.3"
"CHEMBL342706";"";"None";"635.63";"1";"4.37";"17e";"CCO/N=C(/c1ccc(Br)cc1)C1CCN(C2(C)CCN(C(=O)c3c(C)nc(NS(C)(=O)=O)nc3C)CC2)CC1";"Ki";"'='";"315.0";"nM";"6.50";"";"";"UO_0000065";"10.23";"0.22";"2.13";"5.55";"1";"CHEMBL650119";"Inhibition of [125I]RANTES binding to CCR5 receptor.";"B";"BAO_0000357";"single protein format";"None";"None";"None";"None";"None";"";"";"";"CHEMBL274";"C-C chemokine receptor type 5";"Homo sapiens";"SINGLE PROTEIN";"CHEMBL1136595";"1";"Scientific Literature";"Bioorg Med Chem Lett";"2003";"None";"";"";"";"315.0"
"CHEMBL140552";"";"None";"610.52";"2";"6.02";"17b";"CCO/N=C(/c1ccc(Br)cc1)C1CCN(C2(C)CCN(C(=O)c3c(C)nc(C(F)(F)F)nc3C)CC2)CC1";"Ki";"'='";"3.2";"nM";"8.49";"";"";"UO_0000065";"13.91";"0.30";"2.47";"11.98";"1";"CHEMBL650119";"Inhibition of [125I]RANTES binding to CCR5 receptor.";"B";"BAO_0000357";"single protein format";"None";"None";"None";"None";"None";"";"";"";"CHEMBL274";"C-C chemokine receptor type 5";"Homo sapiens";"SINGLE PROTEIN";"CHEMBL1136595";"1";"Scientific Literature";"Bioorg Med Chem Lett";"2003";"None";"";"";"";"3.2"
"CHEMBL388590";"BENZBROMARONE";"4.0";"424.09";"1";"5.46";"BENZBROMARONE";"CCc1oc2ccccc2c1C(=O)c1cc(Br)c(O)c(Br)c1";"Ki";"";"";"";"";"";"Inhibition < 50% @ 10 uM and thus dose-reponse curve not measured";"";"";"";"";"";"0";"CHEMBL1909126";"DRUGMATRIX: Chemokine CCR5 radioligand binding (ligand: [125I] MIP-1alpha)";"B";"BAO_0000249";"cell membrane format";"None";"None";"None";"HEK293";"Membrane";"";"";"";"CHEMBL274";"C-C chemokine receptor type 5";"Homo sapiens";"SINGLE PROTEIN";"CHEMBL1909046";"15";"DrugMatrix";"";"";"CHEMBL3307715";"";"";"Not Active";""
"CHEMBL701";"BACLOFEN";"4.0";"213.66";"0";"1.86";"BACLOFEN";"NCC(CC(=O)O)c1ccc(Cl)cc1";"Ki";"";"";"";"";"";"Inhibition < 50% @ 10 uM and thus dose-reponse curve not measured";"";"";"";"";"";"0";"CHEMBL1909126";"DRUGMATRIX: Chemokine CCR5 radioligand binding (ligand: [125I] MIP-1alpha)";"B";"BAO_0000249";"cell membrane format";"None";"None";"None";"HEK293";"Membrane";"";"";"";"CHEMBL274";"C-C chemokine receptor type 5";"Homo sapiens";"SINGLE PROTEIN";"CHEMBL1909046";"15";"DrugMatrix";"";"";"CHEMBL3307715";"";"";"Not Active";""
"CHEMBL141345";"";"None";"496.63";"0";"4.22";"51";"CCO/N=C(/c1ccc(F)cc1)C1CCN(C2(C)CCN(C(=O)c3c(C)cc[n+]([O-])c3C)CC2)CC1";"Ki";"'='";"30.0";"nM";"7.52";"";"";"UO_0000065";"15.15";"0.29";"3.30";"10.44";"0";"CHEMBL649945";"Inhibition of RANTES binding to the human C-C chemokine receptor type 5 (CCR5)";"B";"BAO_0000357";"single protein format";"None";"None";"None";"None";"None";"";"";"";"CHEMBL274";"C-C chemokine receptor type 5";"Homo sapiens";"SINGLE PROTEIN";"CHEMBL1144903";"1";"Scientific Literature";"J Med Chem";"2003";"None";"";"";"";"30.0"
"CHEMBL106767";"";"None";"528.49";"2";"5.22";"18d";"CO/N=C(\c1ccc(Br)cc1)C1CCN(C2(C)CCN(C(=O)c3c(C)cccc3O)CC2)CC1";"Ki";"'='";"18.0";"nM";"7.75";"";"";"UO_0000065";"14.65";"0.31";"2.52";"11.85";"0";"CHEMBL649944";"Inhibition of RANTES binding to C-C chemokine receptor type 5";"B";"BAO_0000357";"single protein format";"None";"None";"None";"None";"None";"";"";"";"CHEMBL274";"C-C chemokine receptor type 5";"Homo sapiens";"SINGLE PROTEIN";"CHEMBL1134621";"1";"Scientific Literature";"J Med Chem";"2001";"None";"";"";"";"18.0"
"CHEMBL165";"RESVERATROL";"3.0";"228.25";"0";"2.97";"2, PDB ID:3FTS";"Oc1ccc(/C=C/c2cc(O)cc(O)c2)cc1";"Ki";"";"";"";"";"";"Inhibition < 50% @ 10 uM and thus dose-reponse curve not measured";"";"";"";"";"";"0";"CHEMBL1909126";"DRUGMATRIX: Chemokine CCR5 radioligand binding (ligand: [125I] MIP-1alpha)";"B";"BAO_0000249";"cell membrane format";"None";"None";"None";"HEK293";"Membrane";"";"";"";"CHEMBL274";"C-C chemokine receptor type 5";"Homo sapiens";"SINGLE PROTEIN";"CHEMBL1909046";"15";"DrugMatrix";"";"";"CHEMBL3307715";"";"";"Not Active";""
"CHEMBL926";"DOBUTAMINE";"4.0";"301.39";"0";"2.96";"DOBUTAMINE";"CC(CCc1ccc(O)cc1)NCCc1ccc(O)c(O)c1";"Ki";"";"";"";"";"";"Inhibition < 50% @ 10 uM and thus dose-reponse curve not measured";"";"";"";"";"";"0";"CHEMBL1909126";"DRUGMATRIX: Chemokine CCR5 radioligand binding (ligand: [125I] MIP-1alpha)";"B";"BAO_0000249";"cell membrane format";"None";"None";"None";"HEK293";"Membrane";"";"";"";"CHEMBL274";"C-C chemokine receptor type 5";"Homo sapiens";"SINGLE PROTEIN";"CHEMBL1909046";"15";"DrugMatrix";"";"";"CHEMBL3307715";"";"";"Not Active";""
"CHEMBL2111747";"";"None";"526.52";"2";"5.82";"16";"CON=C(c1ccc(Br)cc1)C1CCN(C2(C)CCN(C(=O)c3c(C)cccc3C)CC2)CC1";"Ki";"'='";"11.0";"nM";"7.96";"";"";"UO_0000065";"15.12";"0.32";"2.14";"17.63";"0";"CHEMBL649944";"Inhibition of RANTES binding to C-C chemokine receptor type 5";"B";"BAO_0000357";"single protein format";"None";"None";"None";"None";"None";"";"";"";"CHEMBL274";"C-C chemokine receptor type 5";"Homo sapiens";"SINGLE PROTEIN";"CHEMBL1134621";"1";"Scientific Literature";"J Med Chem";"2001";"None";"";"";"";"11.0"
"CHEMBL111998";"";"None";"503.61";"2";"5.48";"16b";"Cc1cccc(O)c1C(=O)N1CCC(C)(N2CCN([C@@H](C)c3ccc(C(F)(F)F)cc3)[C@@H](C)C2)CC1";"Ki";"'='";"5.0";"nM";"8.30";"";"";"UO_0000065";"16.48";"0.31";"2.82";"17.65";"0";"CHEMBL649956";"Binding affinity towards C-C chemokine receptor type 5";"B";"BAO_0000357";"single protein format";"None";"None";"None";"None";"None";"";"";"";"CHEMBL274";"C-C chemokine receptor type 5";"Homo sapiens";"SINGLE PROTEIN";"CHEMBL1134622";"1";"Scientific Literature";"J Med Chem";"2001";"None";"";"";"";"5.0"
"CHEMBL141802";"";"None";"598.58";"2";"5.76";"24";"CCOC(=O)CO/N=C(/c1ccc(Br)cc1)C1CCN(C2(C)CCN(C(=O)c3c(C)cccc3C)CC2)CC1";"Ki";"'='";"33.0";"nM";"7.48";"";"";"UO_0000065";"12.50";"0.26";"1.72";"10.47";"0";"CHEMBL649945";"Inhibition of RANTES binding to the human C-C chemokine receptor type 5 (CCR5)";"B";"BAO_0000357";"single protein format";"None";"None";"None";"None";"None";"";"";"";"CHEMBL274";"C-C chemokine receptor type 5";"Homo sapiens";"SINGLE PROTEIN";"CHEMBL1144903";"1";"Scientific Literature";"J Med Chem";"2003";"None";"";"";"";"33.0"
"CHEMBL325556";"";"None";"545.51";"2";"5.11";"8d";"Cc1cccc(C)c1C(=O)N1CCC(C)(N2CCN(Cc3ccc(I)cc3)[C@@H](C)C2)CC1";"Ki";"'='";"8.0";"nM";"8.10";"";"";"UO_0000065";"14.84";"0.35";"2.99";"30.22";"0";"CHEMBL649956";"Binding affinity towards C-C chemokine receptor type 5";"B";"BAO_0000357";"single protein format";"None";"None";"None";"None";"None";"";"";"";"CHEMBL274";"C-C chemokine receptor type 5";"Homo sapiens";"SINGLE PROTEIN";"CHEMBL1134622";"1";"Scientific Literature";"J Med Chem";"2001";"None";"";"";"";"8.0"
"CHEMBL496";"HEXACHLOROPHENE";"4.0";"406.91";"1";"6.61";"HEXACHLOROPHENE";"Oc1c(Cl)cc(Cl)c(Cl)c1Cc1c(O)c(Cl)cc(Cl)c1Cl";"Ki";"";"";"";"";"";"Inhibition < 50% @ 10 uM and thus dose-reponse curve not measured";"";"";"";"";"";"0";"CHEMBL1909126";"DRUGMATRIX: Chemokine CCR5 radioligand binding (ligand: [125I] MIP-1alpha)";"B";"BAO_0000249";"cell membrane format";"None";"None";"None";"HEK293";"Membrane";"";"";"";"CHEMBL274";"C-C chemokine receptor type 5";"Homo sapiens";"SINGLE PROTEIN";"CHEMBL1909046";"15";"DrugMatrix";"";"";"CHEMBL3307715";"";"";"Not Active";""
"CHEMBL221753";"BENZETHONIUM CHLORIDE";"2.0";"448.09";"1";"6.07";"BENZETHONIUM CHLORIDE";"CC(C)(C)CC(C)(C)c1ccc(OCCOCC[N+](C)(C)Cc2ccccc2)cc1.[Cl-]";"Ki";"";"";"";"";"";"Inhibition < 50% @ 10 uM and thus dose-reponse curve not measured";"";"";"";"";"";"0";"CHEMBL1909126";"DRUGMATRIX: Chemokine CCR5 radioligand binding (ligand: [125I] MIP-1alpha)";"B";"BAO_0000249";"cell membrane format";"None";"None";"None";"HEK293";"Membrane";"";"";"";"CHEMBL274";"C-C chemokine receptor type 5";"Homo sapiens";"SINGLE PROTEIN";"CHEMBL1909046";"15";"DrugMatrix";"";"";"CHEMBL3307715";"";"";"Not Active";""
"CHEMBL325957";"";"None";"419.61";"0";"4.68";"10";"Cc1cccc(C)c1C(=O)N1CCC(N2CCN([C@@H](C)c3ccccc3)[C@@H](C)C2)CC1";"Ki";"'='";"275.0";"nM";"6.56";"";"";"UO_0000065";"15.64";"0.29";"1.88";"24.49";"0";"CHEMBL649956";"Binding affinity towards C-C chemokine receptor type 5";"B";"BAO_0000357";"single protein format";"None";"None";"None";"None";"None";"";"";"";"CHEMBL274";"C-C chemokine receptor type 5";"Homo sapiens";"SINGLE PROTEIN";"CHEMBL1134622";"1";"Scientific Literature";"J Med Chem";"2001";"None";"";"";"";"275.0"
"CHEMBL326020";"";"None";"561.51";"2";"5.07";"8g";"Cc1cccc(O)c1C(=O)N1CCC(C)(N2CCN([C@@H](C)c3ccc(I)cc3)[C@@H](C)C2)CC1";"Ki";"'='";"12.0";"nM";"7.92";"";"";"UO_0000065";"14.11";"0.33";"2.85";"16.85";"0";"CHEMBL649956";"Binding affinity towards C-C chemokine receptor type 5";"B";"BAO_0000357";"single protein format";"None";"None";"None";"None";"None";"";"";"";"CHEMBL274";"C-C chemokine receptor type 5";"Homo sapiens";"SINGLE PROTEIN";"CHEMBL1134622";"1";"Scientific Literature";"J Med Chem";"2001";"None";"";"";"";"12.0"
"CHEMBL95";"TACRINE";"4.0";"198.27";"0";"2.70";"Tacrine";"Nc1c2c(nc3ccccc13)CCCC2";"Ki";"";"";"";"";"";"Inhibition < 50% @ 10 uM and thus dose-reponse curve not measured";"";"";"";"";"";"0";"CHEMBL1909126";"DRUGMATRIX: Chemokine CCR5 radioligand binding (ligand: [125I] MIP-1alpha)";"B";"BAO_0000249";"cell membrane format";"None";"None";"None";"HEK293";"Membrane";"";"";"";"CHEMBL274";"C-C chemokine receptor type 5";"Homo sapiens";"SINGLE PROTEIN";"CHEMBL1909046";"15";"DrugMatrix";"";"";"CHEMBL3307715";"";"";"Not Active";""
"CHEMBL106209";"";"None";"497.48";"1";"5.66";"15";"Cc1cccc(C)c1C(=O)N1CCC(C)(N2CCC(C(=O)c3ccc(Br)cc3)CC2)CC1";"Ki";"'='";"54.0";"nM";"7.27";"";"";"UO_0000065";"14.61";"0.31";"1.61";"17.89";"0";"CHEMBL649944";"Inhibition of RANTES binding to C-C chemokine receptor type 5";"B";"BAO_0000357";"single protein format";"None";"None";"None";"None";"None";"";"";"";"CHEMBL274";"C-C chemokine receptor type 5";"Homo sapiens";"SINGLE PROTEIN";"CHEMBL1134621";"1";"Scientific Literature";"J Med Chem";"2001";"None";"";"";"";"54.0"
"CHEMBL1071";"OXAPROZIN";"4.0";"293.32";"0";"4.03";"OXAPROZIN";"O=C(O)CCc1nc(-c2ccccc2)c(-c2ccccc2)o1";"Ki";"";"";"";"";"";"Inhibition < 50% @ 10 uM and thus dose-reponse curve not measured";"";"";"";"";"";"0";"CHEMBL1909126";"DRUGMATRIX: Chemokine CCR5 radioligand binding (ligand: [125I] MIP-1alpha)";"B";"BAO_0000249";"cell membrane format";"None";"None";"None";"HEK293";"Membrane";"";"";"";"CHEMBL274";"C-C chemokine receptor type 5";"Homo sapiens";"SINGLE PROTEIN";"CHEMBL1909046";"15";"DrugMatrix";"";"";"CHEMBL3307715";"";"";"Not Active";""
"CHEMBL510139";"CITRININ";"None";"250.25";"0";"1.72";"CITRININ";"CC1=C2C(=CO[C@H](C)[C@H]2C)C(O)=C(C(=O)O)C1=O";"Ki";"";"";"";"";"";"Inhibition < 50% @ 10 uM and thus dose-reponse curve not measured";"";"";"";"";"";"0";"CHEMBL1909126";"DRUGMATRIX: Chemokine CCR5 radioligand binding (ligand: [125I] MIP-1alpha)";"B";"BAO_0000249";"cell membrane format";"None";"None";"None";"HEK293";"Membrane";"";"";"";"CHEMBL274";"C-C chemokine receptor type 5";"Homo sapiens";"SINGLE PROTEIN";"CHEMBL1909046";"15";"DrugMatrix";"";"";"CHEMBL3307715";"";"";"Not Active";""
"CHEMBL521589";"BAMBUTEROL";"3.0";"367.45";"0";"2.23";"BAMBUTEROL";"CN(C)C(=O)Oc1cc(OC(=O)N(C)C)cc(C(O)CNC(C)(C)C)c1";"Ki";"";"";"";"";"";"Inhibition < 50% @ 10 uM and thus dose-reponse curve not measured";"";"";"";"";"";"0";"CHEMBL1909126";"DRUGMATRIX: Chemokine CCR5 radioligand binding (ligand: [125I] MIP-1alpha)";"B";"BAO_0000249";"cell membrane format";"None";"None";"None";"HEK293";"Membrane";"";"";"";"CHEMBL274";"C-C chemokine receptor type 5";"Homo sapiens";"SINGLE PROTEIN";"CHEMBL1909046";"15";"DrugMatrix";"";"";"CHEMBL3307715";"";"";"Not Active";""
"CHEMBL123292";"CYCLOHEXIMIDE";"2.0";"281.35";"0";"1.04";"CYCLOHEXIMIDE";"C[C@@H]1C[C@@H]([C@H](O)CC2CC(=O)NC(=O)C2)C(=O)[C@@H](C)C1";"Ki";"";"";"";"";"";"Inhibition < 50% @ 10 uM and thus dose-reponse curve not measured";"";"";"";"";"";"0";"CHEMBL1909126";"DRUGMATRIX: Chemokine CCR5 radioligand binding (ligand: [125I] MIP-1alpha)";"B";"BAO_0000249";"cell membrane format";"None";"None";"None";"HEK293";"Membrane";"";"";"";"CHEMBL274";"C-C chemokine receptor type 5";"Homo sapiens";"SINGLE PROTEIN";"CHEMBL1909046";"15";"DrugMatrix";"";"";"CHEMBL3307715";"";"";"Not Active";""
"CHEMBL954";"ENCLOMIPHENE";"3.0";"405.97";"1";"6.56";"CLOMIPHENE";"CCN(CC)CCOc1ccc(/C(=C(/Cl)c2ccccc2)c2ccccc2)cc1";"Ki";"";"";"";"";"";"Inhibition < 50% @ 10 uM and thus dose-reponse curve not measured";"";"";"";"";"";"0";"CHEMBL1909126";"DRUGMATRIX: Chemokine CCR5 radioligand binding (ligand: [125I] MIP-1alpha)";"B";"BAO_0000249";"cell membrane format";"None";"None";"None";"HEK293";"Membrane";"";"";"";"CHEMBL274";"C-C chemokine receptor type 5";"Homo sapiens";"SINGLE PROTEIN";"CHEMBL1909046";"15";"DrugMatrix";"";"";"CHEMBL3307715";"";"";"Not Active";""
"CHEMBL178";"DAUNORUBICIN";"4.0";"527.53";"2";"1.03";"DAUNORUBICIN";"COc1cccc2c1C(=O)c1c(O)c3c(c(O)c1C2=O)C[C@@](O)(C(C)=O)C[C@@H]3O[C@H]1C[C@H](N)[C@H](O)[C@H](C)O1";"Ki";"";"";"";"";"";"Inhibition < 50% @ 10 uM and thus dose-reponse curve not measured";"";"";"";"";"";"0";"CHEMBL1909126";"DRUGMATRIX: Chemokine CCR5 radioligand binding (ligand: [125I] MIP-1alpha)";"B";"BAO_0000249";"cell membrane format";"None";"None";"None";"HEK293";"Membrane";"";"";"";"CHEMBL274";"C-C chemokine receptor type 5";"Homo sapiens";"SINGLE PROTEIN";"CHEMBL1909046";"15";"DrugMatrix";"";"";"CHEMBL3307715";"";"";"Not Active";""
"CHEMBL441687";"GLYCYRRHIZIN";"2.0";"822.94";"3";"2.25";"GLYCYRRHIZIN";"CC1(C)[C@@H](O[C@H]2O[C@H](C(=O)O)[C@@H](O)[C@H](O)[C@H]2O[C@@H]2O[C@H](C(=O)O)[C@@H](O)[C@H](O)[C@H]2O)CC[C@]2(C)[C@H]3C(=O)C=C4[C@@H]5C[C@@](C)(C(=O)O)CC[C@]5(C)CC[C@@]4(C)[C@]3(C)CC[C@@H]12";"Ki";"";"";"";"";"";"Inhibition < 50% @ 10 uM and thus dose-reponse curve not measured";"";"";"";"";"";"0";"CHEMBL1909126";"DRUGMATRIX: Chemokine CCR5 radioligand binding (ligand: [125I] MIP-1alpha)";"B";"BAO_0000249";"cell membrane format";"None";"None";"None";"HEK293";"Membrane";"";"";"";"CHEMBL274";"C-C chemokine receptor type 5";"Homo sapiens";"SINGLE PROTEIN";"CHEMBL1909046";"15";"DrugMatrix";"";"";"CHEMBL3307715";"";"";"Not Active";""
"CHEMBL116";"AMPRENAVIR";"4.0";"505.64";"1";"2.40";"AMPRENAVIR";"CC(C)CN(C[C@@H](O)[C@H](Cc1ccccc1)NC(=O)O[C@H]1CCOC1)S(=O)(=O)c1ccc(N)cc1";"Ki";"";"";"";"";"";"Inhibition < 50% @ 10 uM and thus dose-reponse curve not measured";"";"";"";"";"";"0";"CHEMBL1909126";"DRUGMATRIX: Chemokine CCR5 radioligand binding (ligand: [125I] MIP-1alpha)";"B";"BAO_0000249";"cell membrane format";"None";"None";"None";"HEK293";"Membrane";"";"";"";"CHEMBL274";"C-C chemokine receptor type 5";"Homo sapiens";"SINGLE PROTEIN";"CHEMBL1909046";"15";"DrugMatrix";"";"";"CHEMBL3307715";"";"";"Not Active";""
"CHEMBL63560";"(R)-BICALUTAMIDE";"None";"430.38";"0";"2.88";"(R)-BICALUTAMIDE";"C[C@](O)(CS(=O)(=O)c1ccc(F)cc1)C(=O)Nc1ccc(C#N)c(C(F)(F)F)c1";"Ki";"";"";"";"";"";"Inhibition < 50% @ 10 uM and thus dose-reponse curve not measured";"";"";"";"";"";"0";"CHEMBL1909126";"DRUGMATRIX: Chemokine CCR5 radioligand binding (ligand: [125I] MIP-1alpha)";"B";"BAO_0000249";"cell membrane format";"None";"None";"None";"HEK293";"Membrane";"";"";"";"CHEMBL274";"C-C chemokine receptor type 5";"Homo sapiens";"SINGLE PROTEIN";"CHEMBL1909046";"15";"DrugMatrix";"";"";"CHEMBL3307715";"";"";"Not Active";""
"CHEMBL162880";"";"None";"687.27";"2";"5.76";"11f";"CCO/N=C(\c1ccc(Br)cc1)C1CCN(C2(C)CCN(C(=O)c3c(Br)c[n+]([O-])cc3Br)CC2)CC1";"Ki";"'='";"0.7";"nM";"9.15";"";"";"UO_0000065";"13.32";"0.35";"3.39";"12.70";"0";"CHEMBL650119";"Inhibition of [125I]RANTES binding to CCR5 receptor.";"B";"BAO_0000357";"single protein format";"None";"None";"None";"None";"None";"";"";"";"CHEMBL274";"C-C chemokine receptor type 5";"Homo sapiens";"SINGLE PROTEIN";"CHEMBL1136595";"1";"Scientific Literature";"Bioorg Med Chem Lett";"2003";"None";"";"";"";"0.7"
"CHEMBL113042";"";"None";"533.14";"1";"4.09";"17a";"C[C@H]1CN(C2(C)CCN(C(=O)c3c(N)cccc3Cl)CC2)CCN1[C@@H](C)c1ccc(S(C)(=O)=O)cc1";"Ki";"'='";"5.0";"nM";"8.30";"";"";"UO_0000065";"15.57";"0.31";"4.21";"9.55";"0";"CHEMBL649956";"Binding affinity towards C-C chemokine receptor type 5";"B";"BAO_0000357";"single protein format";"None";"None";"None";"None";"None";"";"";"";"CHEMBL274";"C-C chemokine receptor type 5";"Homo sapiens";"SINGLE PROTEIN";"CHEMBL1134622";"1";"Scientific Literature";"J Med Chem";"2001";"None";"";"";"";"5.0"
"CHEMBL562";"GRISEOFULVIN";"4.0";"352.77";"0";"2.81";"GRISEOFULVIN";"COC1=CC(=O)C[C@@H](C)[C@]12Oc1c(Cl)c(OC)cc(OC)c1C2=O";"Ki";"";"";"";"";"";"Inhibition < 50% @ 10 uM and thus dose-reponse curve not measured";"";"";"";"";"";"0";"CHEMBL1909126";"DRUGMATRIX: Chemokine CCR5 radioligand binding (ligand: [125I] MIP-1alpha)";"B";"BAO_0000249";"cell membrane format";"None";"None";"None";"HEK293";"Membrane";"";"";"";"CHEMBL274";"C-C chemokine receptor type 5";"Homo sapiens";"SINGLE PROTEIN";"CHEMBL1909046";"15";"DrugMatrix";"";"";"CHEMBL3307715";"";"";"Not Active";""
"CHEMBL106";"FLUCONAZOLE";"4.0";"306.28";"0";"0.74";"FLUCONAZOLE";"OC(Cn1cncn1)(Cn1cncn1)c1ccc(F)cc1F";"Ki";"";"";"";"";"";"Inhibition < 50% @ 10 uM and thus dose-reponse curve not measured";"";"";"";"";"";"0";"CHEMBL1909126";"DRUGMATRIX: Chemokine CCR5 radioligand binding (ligand: [125I] MIP-1alpha)";"B";"BAO_0000249";"cell membrane format";"None";"None";"None";"HEK293";"Membrane";"";"";"";"CHEMBL274";"C-C chemokine receptor type 5";"Homo sapiens";"SINGLE PROTEIN";"CHEMBL1909046";"15";"DrugMatrix";"";"";"CHEMBL3307715";"";"";"Not Active";""
"CHEMBL44884";"ETHAMBUTOL";"4.0";"204.31";"0";"-0.29";"ETHAMBUTOL";"CC[C@@H](CO)NCCN[C@@H](CC)CO";"Ki";"";"";"";"";"";"Inhibition < 50% @ 10 uM and thus dose-reponse curve not measured";"";"";"";"";"";"0";"CHEMBL1909126";"DRUGMATRIX: Chemokine CCR5 radioligand binding (ligand: [125I] MIP-1alpha)";"B";"BAO_0000249";"cell membrane format";"None";"None";"None";"HEK293";"Membrane";"";"";"";"CHEMBL274";"C-C chemokine receptor type 5";"Homo sapiens";"SINGLE PROTEIN";"CHEMBL1909046";"15";"DrugMatrix";"";"";"CHEMBL3307715";"";"";"Not Active";""
"CHEMBL1425";"MERCAPTOPURINE ANHYDROUS";"4.0";"152.18";"0";"0.64";"6-MERCAPTOPURINE";"Sc1ncnc2nc[nH]c12";"Ki";"";"";"";"";"";"Inhibition < 50% @ 10 uM and thus dose-reponse curve not measured";"";"";"";"";"";"0";"CHEMBL1909126";"DRUGMATRIX: Chemokine CCR5 radioligand binding (ligand: [125I] MIP-1alpha)";"B";"BAO_0000249";"cell membrane format";"None";"None";"None";"HEK293";"Membrane";"";"";"";"CHEMBL274";"C-C chemokine receptor type 5";"Homo sapiens";"SINGLE PROTEIN";"CHEMBL1909046";"15";"DrugMatrix";"";"";"CHEMBL3307715";"";"";"Not Active";""
"CHEMBL442";"ERGOTAMINE";"4.0";"581.67";"1";"1.99";"ERGOTAMINE";"CN1C[C@H](C(=O)N[C@]2(C)O[C@@]3(O)[C@@H]4CCCN4C(=O)[C@H](Cc4ccccc4)N3C2=O)C=C2c3cccc4[nH]cc(c34)C[C@H]21";"Ki";"";"";"";"";"";"Inhibition < 50% @ 10 uM and thus dose-reponse curve not measured";"";"";"";"";"";"0";"CHEMBL1909126";"DRUGMATRIX: Chemokine CCR5 radioligand binding (ligand: [125I] MIP-1alpha)";"B";"BAO_0000249";"cell membrane format";"None";"None";"None";"HEK293";"Membrane";"";"";"";"CHEMBL274";"C-C chemokine receptor type 5";"Homo sapiens";"SINGLE PROTEIN";"CHEMBL1909046";"15";"DrugMatrix";"";"";"CHEMBL3307715";"";"";"Not Active";""
"CHEMBL545";"ALCOHOL";"4.0";"46.07";"0";"0.00";"ETHANOL";"CCO";"Ki";"";"";"";"";"";"Inhibition < 50% @ 10 uM and thus dose-reponse curve not measured";"";"";"";"";"";"0";"CHEMBL1909126";"DRUGMATRIX: Chemokine CCR5 radioligand binding (ligand: [125I] MIP-1alpha)";"B";"BAO_0000249";"cell membrane format";"None";"None";"None";"HEK293";"Membrane";"";"";"";"CHEMBL274";"C-C chemokine receptor type 5";"Homo sapiens";"SINGLE PROTEIN";"CHEMBL1909046";"15";"DrugMatrix";"";"";"CHEMBL3307715";"";"";"Not Active";""
"CHEMBL267894";"AMOBARBITAL";"4.0";"226.28";"0";"1.18";"AMOBARBITAL";"CCC1(CCC(C)C)C(=O)NC(=O)NC1=O";"Ki";"";"";"";"";"";"Inhibition < 50% @ 10 uM and thus dose-reponse curve not measured";"";"";"";"";"";"0";"CHEMBL1909126";"DRUGMATRIX: Chemokine CCR5 radioligand binding (ligand: [125I] MIP-1alpha)";"B";"BAO_0000249";"cell membrane format";"None";"None";"None";"HEK293";"Membrane";"";"";"";"CHEMBL274";"C-C chemokine receptor type 5";"Homo sapiens";"SINGLE PROTEIN";"CHEMBL1909046";"15";"DrugMatrix";"";"";"CHEMBL3307715";"";"";"Not Active";""
"CHEMBL1200624";"ETHYNODIOL DIACETATE";"4.0";"384.52";"0";"4.43";"ETHYNODIOL DIACETATE";"C#C[C@]1(OC(C)=O)CC[C@H]2[C@@H]3CCC4=C[C@@H](OC(C)=O)CC[C@@H]4[C@H]3CC[C@@]21C";"Ki";"";"";"";"";"";"Inhibition < 50% @ 10 uM and thus dose-reponse curve not measured";"";"";"";"";"";"0";"CHEMBL1909126";"DRUGMATRIX: Chemokine CCR5 radioligand binding (ligand: [125I] MIP-1alpha)";"B";"BAO_0000249";"cell membrane format";"None";"None";"None";"HEK293";"Membrane";"";"";"";"CHEMBL274";"C-C chemokine receptor type 5";"Homo sapiens";"SINGLE PROTEIN";"CHEMBL1909046";"15";"DrugMatrix";"";"";"CHEMBL3307715";"";"";"Not Active";""
"CHEMBL1108";"DROPERIDOL";"4.0";"379.44";"0";"3.68";"Droperidol";"O=C(CCCN1CC=C(n2c(=O)[nH]c3ccccc32)CC1)c1ccc(F)cc1";"Ki";"";"";"";"";"";"Inhibition < 50% @ 10 uM and thus dose-reponse curve not measured";"";"";"";"";"";"0";"CHEMBL1909126";"DRUGMATRIX: Chemokine CCR5 radioligand binding (ligand: [125I] MIP-1alpha)";"B";"BAO_0000249";"cell membrane format";"None";"None";"None";"HEK293";"Membrane";"";"";"";"CHEMBL274";"C-C chemokine receptor type 5";"Homo sapiens";"SINGLE PROTEIN";"CHEMBL1909046";"15";"DrugMatrix";"";"";"CHEMBL3307715";"";"";"Not Active";""
"CHEMBL23";"DILTIAZEM";"4.0";"414.53";"0";"3.37";"DILTIAZEM";"COc1ccc([C@@H]2Sc3ccccc3N(CCN(C)C)C(=O)[C@@H]2OC(C)=O)cc1";"Ki";"";"";"";"";"";"Inhibition < 50% @ 10 uM and thus dose-reponse curve not measured";"";"";"";"";"";"0";"CHEMBL1909126";"DRUGMATRIX: Chemokine CCR5 radioligand binding (ligand: [125I] MIP-1alpha)";"B";"BAO_0000249";"cell membrane format";"None";"None";"None";"HEK293";"Membrane";"";"";"";"CHEMBL274";"C-C chemokine receptor type 5";"Homo sapiens";"SINGLE PROTEIN";"CHEMBL1909046";"15";"DrugMatrix";"";"";"CHEMBL3307715";"";"";"Not Active";""
"CHEMBL1428";"NIMODIPINE";"4.0";"418.45";"0";"2.97";"NIMODIPINE";"COCCOC(=O)C1=C(C)NC(C)=C(C(=O)OC(C)C)C1c1cccc([N+](=O)[O-])c1";"Ki";"";"";"";"";"";"Inhibition < 50% @ 10 uM and thus dose-reponse curve not measured";"";"";"";"";"";"0";"CHEMBL1909126";"DRUGMATRIX: Chemokine CCR5 radioligand binding (ligand: [125I] MIP-1alpha)";"B";"BAO_0000249";"cell membrane format";"None";"None";"None";"HEK293";"Membrane";"";"";"";"CHEMBL274";"C-C chemokine receptor type 5";"Homo sapiens";"SINGLE PROTEIN";"CHEMBL1909046";"15";"DrugMatrix";"";"";"CHEMBL3307715";"";"";"Not Active";""
"CHEMBL36715";"PIRACETAM";"3.0";"142.16";"0";"-0.91";"PIRACETAM";"NC(=O)CN1CCCC1=O";"Ki";"";"";"";"";"";"Inhibition < 50% @ 10 uM and thus dose-reponse curve not measured";"";"";"";"";"";"0";"CHEMBL1909126";"DRUGMATRIX: Chemokine CCR5 radioligand binding (ligand: [125I] MIP-1alpha)";"B";"BAO_0000249";"cell membrane format";"None";"None";"None";"HEK293";"Membrane";"";"";"";"CHEMBL274";"C-C chemokine receptor type 5";"Homo sapiens";"SINGLE PROTEIN";"CHEMBL1909046";"15";"DrugMatrix";"";"";"CHEMBL3307715";"";"";"Not Active";""
"CHEMBL54126";"NEOSTIGMINE BROMIDE";"2.0";"303.20";"0";"1.94";"NEOSTIGMINE BROMIDE";"CN(C)C(=O)Oc1cccc([N+](C)(C)C)c1.[Br-]";"Ki";"";"";"";"";"";"Inhibition < 50% @ 10 uM and thus dose-reponse curve not measured";"";"";"";"";"";"0";"CHEMBL1909126";"DRUGMATRIX: Chemokine CCR5 radioligand binding (ligand: [125I] MIP-1alpha)";"B";"BAO_0000249";"cell membrane format";"None";"None";"None";"HEK293";"Membrane";"";"";"";"CHEMBL274";"C-C chemokine receptor type 5";"Homo sapiens";"SINGLE PROTEIN";"CHEMBL1909046";"15";"DrugMatrix";"";"";"CHEMBL3307715";"";"";"Not Active";""
"CHEMBL56367";"NIMESULIDE";"4.0";"308.31";"0";"2.76";"NIMESULIDE";"CS(=O)(=O)Nc1ccc([N+](=O)[O-])cc1Oc1ccccc1";"Ki";"";"";"";"";"";"Inhibition < 50% @ 10 uM and thus dose-reponse curve not measured";"";"";"";"";"";"0";"CHEMBL1909126";"DRUGMATRIX: Chemokine CCR5 radioligand binding (ligand: [125I] MIP-1alpha)";"B";"BAO_0000249";"cell membrane format";"None";"None";"None";"HEK293";"Membrane";"";"";"";"CHEMBL274";"C-C chemokine receptor type 5";"Homo sapiens";"SINGLE PROTEIN";"CHEMBL1909046";"15";"DrugMatrix";"";"";"CHEMBL3307715";"";"";"Not Active";""
"CHEMBL490";"PAROXETINE";"4.0";"329.37";"0";"3.33";"PAROXETINE";"Fc1ccc([C@@H]2CCNC[C@H]2COc2ccc3c(c2)OCO3)cc1";"Ki";"";"";"";"";"";"Inhibition < 50% @ 10 uM and thus dose-reponse curve not measured";"";"";"";"";"";"0";"CHEMBL1909126";"DRUGMATRIX: Chemokine CCR5 radioligand binding (ligand: [125I] MIP-1alpha)";"B";"BAO_0000249";"cell membrane format";"None";"None";"None";"HEK293";"Membrane";"";"";"";"CHEMBL274";"C-C chemokine receptor type 5";"Homo sapiens";"SINGLE PROTEIN";"CHEMBL1909046";"15";"DrugMatrix";"";"";"CHEMBL3307715";"";"";"Not Active";""
"CHEMBL1349";"VALACYCLOVIR";"4.0";"324.34";"0";"-0.80";"VALACYCLOVIR";"CC(C)[C@H](N)C(=O)OCCOCn1cnc2c(=O)nc(N)[nH]c21";"Ki";"";"";"";"";"";"Inhibition < 50% @ 10 uM and thus dose-reponse curve not measured";"";"";"";"";"";"0";"CHEMBL1909126";"DRUGMATRIX: Chemokine CCR5 radioligand binding (ligand: [125I] MIP-1alpha)";"B";"BAO_0000249";"cell membrane format";"None";"None";"None";"HEK293";"Membrane";"";"";"";"CHEMBL274";"C-C chemokine receptor type 5";"Homo sapiens";"SINGLE PROTEIN";"CHEMBL1909046";"15";"DrugMatrix";"";"";"CHEMBL3307715";"";"";"Not Active";""
"CHEMBL506247";"TANNIC ACID";"4.0";"1701.21";"None";"None";"TANNIC ACID";"O=C(OC[C@H]1O[C@@H](OC(=O)c2cc(O)c(O)c(OC(=O)c3cc(O)c(O)c(O)c3)c2)[C@H](OC(=O)c2cc(O)c(O)c(OC(=O)c3cc(O)c(O)c(O)c3)c2)[C@@H](OC(=O)c2cc(O)c(O)c(OC(=O)c3cc(O)c(O)c(O)c3)c2)[C@@H]1OC(=O)c1cc(O)c(O)c(OC(=O)c2cc(O)c(O)c(O)c2)c1)c1cc(O)c(O)c(OC(=O)c2cc(O)c(O)c(O)c2)c1";"Ki";"";"";"";"";"";"Inhibition < 50% @ 10 uM and thus dose-reponse curve not measured";"";"";"";"";"";"0";"CHEMBL1909126";"DRUGMATRIX: Chemokine CCR5 radioligand binding (ligand: [125I] MIP-1alpha)";"B";"BAO_0000249";"cell membrane format";"None";"None";"None";"HEK293";"Membrane";"";"";"";"CHEMBL274";"C-C chemokine receptor type 5";"Homo sapiens";"SINGLE PROTEIN";"CHEMBL1909046";"15";"DrugMatrix";"";"";"CHEMBL3307715";"";"";"Not Active";""
"CHEMBL822";"TERBINAFINE";"4.0";"291.44";"0";"4.88";"TERBINAFINE";"CN(C/C=C/C#CC(C)(C)C)Cc1cccc2ccccc12";"Ki";"";"";"";"";"";"Inhibition < 50% @ 10 uM and thus dose-reponse curve not measured";"";"";"";"";"";"0";"CHEMBL1909126";"DRUGMATRIX: Chemokine CCR5 radioligand binding (ligand: [125I] MIP-1alpha)";"B";"BAO_0000249";"cell membrane format";"None";"None";"None";"HEK293";"Membrane";"";"";"";"CHEMBL274";"C-C chemokine receptor type 5";"Homo sapiens";"SINGLE PROTEIN";"CHEMBL1909046";"15";"DrugMatrix";"";"";"CHEMBL3307715";"";"";"Not Active";""
"CHEMBL1117";"IDARUBICIN";"4.0";"497.50";"0";"1.02";"IDARUBICIN";"CC(=O)[C@]1(O)Cc2c(O)c3c(c(O)c2[C@@H](O[C@H]2C[C@H](N)[C@H](O)[C@H](C)O2)C1)C(=O)c1ccccc1C3=O";"Ki";"";"";"";"";"";"Inhibition < 50% @ 10 uM and thus dose-reponse curve not measured";"";"";"";"";"";"0";"CHEMBL1909126";"DRUGMATRIX: Chemokine CCR5 radioligand binding (ligand: [125I] MIP-1alpha)";"B";"BAO_0000249";"cell membrane format";"None";"None";"None";"HEK293";"Membrane";"";"";"";"CHEMBL274";"C-C chemokine receptor type 5";"Homo sapiens";"SINGLE PROTEIN";"CHEMBL1909046";"15";"DrugMatrix";"";"";"CHEMBL3307715";"";"";"Not Active";""
"CHEMBL1614641";"FLUNOXAPROFEN";"2.0";"285.27";"0";"3.82";"FLUNOXAPROFEN";"C[C@H](C(=O)O)c1ccc2oc(-c3ccc(F)cc3)nc2c1";"Ki";"";"";"";"";"";"Inhibition < 50% @ 10 uM and thus dose-reponse curve not measured";"";"";"";"";"";"0";"CHEMBL1909126";"DRUGMATRIX: Chemokine CCR5 radioligand binding (ligand: [125I] MIP-1alpha)";"B";"BAO_0000249";"cell membrane format";"None";"None";"None";"HEK293";"Membrane";"";"";"";"CHEMBL274";"C-C chemokine receptor type 5";"Homo sapiens";"SINGLE PROTEIN";"CHEMBL1909046";"15";"DrugMatrix";"";"";"CHEMBL3307715";"";"";"Not Active";""
"CHEMBL897";"PROBENECID";"4.0";"285.37";"0";"2.20";"PROBENECID";"CCCN(CCC)S(=O)(=O)c1ccc(C(=O)O)cc1";"Ki";"";"";"";"";"";"Inhibition < 50% @ 10 uM and thus dose-reponse curve not measured";"";"";"";"";"";"0";"CHEMBL1909126";"DRUGMATRIX: Chemokine CCR5 radioligand binding (ligand: [125I] MIP-1alpha)";"B";"BAO_0000249";"cell membrane format";"None";"None";"None";"HEK293";"Membrane";"";"";"";"CHEMBL274";"C-C chemokine receptor type 5";"Homo sapiens";"SINGLE PROTEIN";"CHEMBL1909046";"15";"DrugMatrix";"";"";"CHEMBL3307715";"";"";"Not Active";""
"CHEMBL1732";"DIHYDROERGOTAMINE";"4.0";"583.69";"1";"2.08";"DIHYDROERGOTAMINE";"CN1C[C@H](C(=O)N[C@]2(C)O[C@@]3(O)[C@@H]4CCCN4C(=O)[C@H](Cc4ccccc4)N3C2=O)C[C@@H]2c3cccc4[nH]cc(c34)C[C@H]21";"Ki";"";"";"";"";"";"Inhibition < 50% @ 10 uM and thus dose-reponse curve not measured";"";"";"";"";"";"0";"CHEMBL1909126";"DRUGMATRIX: Chemokine CCR5 radioligand binding (ligand: [125I] MIP-1alpha)";"B";"BAO_0000249";"cell membrane format";"None";"None";"None";"HEK293";"Membrane";"";"";"";"CHEMBL274";"C-C chemokine receptor type 5";"Homo sapiens";"SINGLE PROTEIN";"CHEMBL1909046";"15";"DrugMatrix";"";"";"CHEMBL3307715";"";"";"Not Active";""
"CHEMBL516";"CYPROHEPTADINE";"4.0";"287.41";"0";"4.70";"CYPROHEPTADINE";"CN1CCC(=C2c3ccccc3C=Cc3ccccc32)CC1";"Ki";"";"";"";"";"";"Inhibition < 50% @ 10 uM and thus dose-reponse curve not measured";"";"";"";"";"";"0";"CHEMBL1909126";"DRUGMATRIX: Chemokine CCR5 radioligand binding (ligand: [125I] MIP-1alpha)";"B";"BAO_0000249";"cell membrane format";"None";"None";"None";"HEK293";"Membrane";"";"";"";"CHEMBL274";"C-C chemokine receptor type 5";"Homo sapiens";"SINGLE PROTEIN";"CHEMBL1909046";"15";"DrugMatrix";"";"";"CHEMBL3307715";"";"";"Not Active";""
"CHEMBL295416";"PIRINIXIC ACID";"2.0";"323.81";"0";"3.67";"PIRINIXIC ACID";"Cc1cccc(Nc2cc(Cl)nc(SCC(=O)O)n2)c1C";"Ki";"";"";"";"";"";"Inhibition < 50% @ 10 uM and thus dose-reponse curve not measured";"";"";"";"";"";"0";"CHEMBL1909126";"DRUGMATRIX: Chemokine CCR5 radioligand binding (ligand: [125I] MIP-1alpha)";"B";"BAO_0000249";"cell membrane format";"None";"None";"None";"HEK293";"Membrane";"";"";"";"CHEMBL274";"C-C chemokine receptor type 5";"Homo sapiens";"SINGLE PROTEIN";"CHEMBL1909046";"15";"DrugMatrix";"";"";"CHEMBL3307715";"";"";"Not Active";""
"CHEMBL891";"CLOXACILLIN";"4.0";"435.89";"0";"2.55";"CLOXACILLIN";"Cc1onc(-c2ccccc2Cl)c1C(=O)N[C@@H]1C(=O)N2[C@@H]1SC(C)(C)[C@@H]2C(=O)O";"Ki";"";"";"";"";"";"Inhibition < 50% @ 10 uM and thus dose-reponse curve not measured";"";"";"";"";"";"0";"CHEMBL1909126";"DRUGMATRIX: Chemokine CCR5 radioligand binding (ligand: [125I] MIP-1alpha)";"B";"BAO_0000249";"cell membrane format";"None";"None";"None";"HEK293";"Membrane";"";"";"";"CHEMBL274";"C-C chemokine receptor type 5";"Homo sapiens";"SINGLE PROTEIN";"CHEMBL1909046";"15";"DrugMatrix";"";"";"CHEMBL3307715";"";"";"Not Active";""
"CHEMBL1200528";"CHROMIC CHLORIDE";"4.0";"158.36";"None";"None";"CHROMIUM(III) CHLORIDE";"";"Ki";"";"";"";"";"";"Inhibition < 50% @ 10 uM and thus dose-reponse curve not measured";"";"";"";"";"";"0";"CHEMBL1909126";"DRUGMATRIX: Chemokine CCR5 radioligand binding (ligand: [125I] MIP-1alpha)";"B";"BAO_0000249";"cell membrane format";"None";"None";"None";"HEK293";"Membrane";"";"";"";"CHEMBL274";"C-C chemokine receptor type 5";"Homo sapiens";"SINGLE PROTEIN";"CHEMBL1909046";"15";"DrugMatrix";"";"";"CHEMBL3307715";"";"";"Not Active";""
"CHEMBL1200406";"DIMENHYDRINATE";"4.0";"469.97";"None";"None";"DIMENHYDRINATE";"CN(C)CCOC(c1ccccc1)c1ccccc1.Cn1c(=O)c2[nH]c(Cl)nc2n(C)c1=O";"Ki";"";"";"";"";"";"Inhibition < 50% @ 10 uM and thus dose-reponse curve not measured";"";"";"";"";"";"0";"CHEMBL1909126";"DRUGMATRIX: Chemokine CCR5 radioligand binding (ligand: [125I] MIP-1alpha)";"B";"BAO_0000249";"cell membrane format";"None";"None";"None";"HEK293";"Membrane";"";"";"";"CHEMBL274";"C-C chemokine receptor type 5";"Homo sapiens";"SINGLE PROTEIN";"CHEMBL1909046";"15";"DrugMatrix";"";"";"CHEMBL3307715";"";"";"Not Active";""
"CHEMBL757";"NANDROLONE";"3.0";"274.40";"0";"3.49";"NANDROLONE";"C[C@]12CC[C@H]3[C@@H](CCC4=CC(=O)CC[C@@H]43)[C@@H]1CC[C@@H]2O";"Ki";"";"";"";"";"";"Inhibition < 50% @ 10 uM and thus dose-reponse curve not measured";"";"";"";"";"";"0";"CHEMBL1909126";"DRUGMATRIX: Chemokine CCR5 radioligand binding (ligand: [125I] MIP-1alpha)";"B";"BAO_0000249";"cell membrane format";"None";"None";"None";"HEK293";"Membrane";"";"";"";"CHEMBL274";"C-C chemokine receptor type 5";"Homo sapiens";"SINGLE PROTEIN";"CHEMBL1909046";"15";"DrugMatrix";"";"";"CHEMBL3307715";"";"";"Not Active";""
"CHEMBL3545252";"DOCETAXEL";"4.0";"861.94";"2";"3.26";"SID494081";"CC(=O)O[C@@]12CO[C@@H]1C[C@H](O)[C@@]1(C)C(=O)[C@H](O)C3=C(C)[C@@H](OC(=O)[C@H](O)[C@@H](NC(=O)OC(C)(C)C)c4ccccc4)C[C@@](O)([C@@H](OC(=O)c4ccccc4)[C@H]21)C3(C)C.O.O.O";"Ki";"";"";"";"";"";"Inhibition < 50% @ 10 uM and thus dose-reponse curve not measured";"";"";"";"";"";"0";"CHEMBL1909126";"DRUGMATRIX: Chemokine CCR5 radioligand binding (ligand: [125I] MIP-1alpha)";"B";"BAO_0000249";"cell membrane format";"None";"None";"None";"HEK293";"Membrane";"";"";"";"CHEMBL274";"C-C chemokine receptor type 5";"Homo sapiens";"SINGLE PROTEIN";"CHEMBL1909046";"15";"DrugMatrix";"";"";"CHEMBL3307715";"";"";"Not Active";""
"CHEMBL4";"OFLOXACIN";"4.0";"361.37";"0";"1.54";"OFLOXACIN";"CC1COc2c(N3CCN(C)CC3)c(F)cc3c(=O)c(C(=O)O)cn1c23";"Ki";"";"";"";"";"";"Inhibition < 50% @ 10 uM and thus dose-reponse curve not measured";"";"";"";"";"";"0";"CHEMBL1909126";"DRUGMATRIX: Chemokine CCR5 radioligand binding (ligand: [125I] MIP-1alpha)";"B";"BAO_0000249";"cell membrane format";"None";"None";"None";"HEK293";"Membrane";"";"";"";"CHEMBL274";"C-C chemokine receptor type 5";"Homo sapiens";"SINGLE PROTEIN";"CHEMBL1909046";"15";"DrugMatrix";"";"";"CHEMBL3307715";"";"";"Not Active";""
"CHEMBL471";"SOTALOL";"4.0";"272.37";"0";"1.09";"1";"CC(C)NCC(O)c1ccc(NS(C)(=O)=O)cc1";"Ki";"";"";"";"";"";"Inhibition < 50% @ 10 uM and thus dose-reponse curve not measured";"";"";"";"";"";"0";"CHEMBL1909126";"DRUGMATRIX: Chemokine CCR5 radioligand binding (ligand: [125I] MIP-1alpha)";"B";"BAO_0000249";"cell membrane format";"None";"None";"None";"HEK293";"Membrane";"";"";"";"CHEMBL274";"C-C chemokine receptor type 5";"Homo sapiens";"SINGLE PROTEIN";"CHEMBL1909046";"15";"DrugMatrix";"";"";"CHEMBL3307715";"";"";"Not Active";""
"CHEMBL139701";"";"None";"584.60";"2";"6.13";"97";"CCO/N=C(/c1ccc(Br)cc1)C1CCN(C2(C)CCN(C(=O)c3c(C)nc(C(C)C)nc3C)CC2)CC1";"Ki";"'='";"43.0";"nM";"7.37";"";"";"UO_0000065";"12.60";"0.26";"1.24";"10.39";"0";"CHEMBL649945";"Inhibition of RANTES binding to the human C-C chemokine receptor type 5 (CCR5)";"B";"BAO_0000357";"single protein format";"None";"None";"None";"None";"None";"";"";"";"CHEMBL274";"C-C chemokine receptor type 5";"Homo sapiens";"SINGLE PROTEIN";"CHEMBL1144903";"1";"Scientific Literature";"J Med Chem";"2003";"None";"";"";"";"43.0"
"CHEMBL1235242";"";"None";"183.18";"0";"0.78";"4-FLUORO-L-PHENYLALANINE";"N[C@@H](Cc1ccc(F)cc1)C(=O)O";"Ki";"";"";"";"";"";"Inhibition < 50% @ 10 uM and thus dose-reponse curve not measured";"";"";"";"";"";"0";"CHEMBL1909126";"DRUGMATRIX: Chemokine CCR5 radioligand binding (ligand: [125I] MIP-1alpha)";"B";"BAO_0000249";"cell membrane format";"None";"None";"None";"HEK293";"Membrane";"";"";"";"CHEMBL274";"C-C chemokine receptor type 5";"Homo sapiens";"SINGLE PROTEIN";"CHEMBL1909046";"15";"DrugMatrix";"";"";"CHEMBL3307715";"";"";"Not Active";""
"CHEMBL49";"BUSPIRONE";"4.0";"385.51";"0";"2.09";"BUSPIRONE";"O=C1CC2(CCCC2)CC(=O)N1CCCCN1CCN(c2ncccn2)CC1";"Ki";"";"";"";"";"";"Inhibition < 50% @ 10 uM and thus dose-reponse curve not measured";"";"";"";"";"";"0";"CHEMBL1909126";"DRUGMATRIX: Chemokine CCR5 radioligand binding (ligand: [125I] MIP-1alpha)";"B";"BAO_0000249";"cell membrane format";"None";"None";"None";"HEK293";"Membrane";"";"";"";"CHEMBL274";"C-C chemokine receptor type 5";"Homo sapiens";"SINGLE PROTEIN";"CHEMBL1909046";"15";"DrugMatrix";"";"";"CHEMBL3307715";"";"";"Not Active";""
"CHEMBL1236282";"THIAMPHENICOL";"2.0";"356.23";"0";"0.40";"THIAMPHENICOL";"CS(=O)(=O)c1ccc([C@@H](O)[C@@H](CO)NC(=O)C(Cl)Cl)cc1";"Ki";"";"";"";"";"";"Inhibition < 50% @ 10 uM and thus dose-reponse curve not measured";"";"";"";"";"";"0";"CHEMBL1909126";"DRUGMATRIX: Chemokine CCR5 radioligand binding (ligand: [125I] MIP-1alpha)";"B";"BAO_0000249";"cell membrane format";"None";"None";"None";"HEK293";"Membrane";"";"";"";"CHEMBL274";"C-C chemokine receptor type 5";"Homo sapiens";"SINGLE PROTEIN";"CHEMBL1909046";"15";"DrugMatrix";"";"";"CHEMBL3307715";"";"";"Not Active";""
"CHEMBL37858";"SARAFLOXACIN";"2.0";"385.37";"0";"2.38";"SARAFLOXACIN";"O=C(O)c1cn(-c2ccc(F)cc2)c2cc(N3CCNCC3)c(F)cc2c1=O";"Ki";"";"";"";"";"";"Inhibition < 50% @ 10 uM and thus dose-reponse curve not measured";"";"";"";"";"";"0";"CHEMBL1909126";"DRUGMATRIX: Chemokine CCR5 radioligand binding (ligand: [125I] MIP-1alpha)";"B";"BAO_0000249";"cell membrane format";"None";"None";"None";"HEK293";"Membrane";"";"";"";"CHEMBL274";"C-C chemokine receptor type 5";"Homo sapiens";"SINGLE PROTEIN";"CHEMBL1909046";"15";"DrugMatrix";"";"";"CHEMBL3307715";"";"";"Not Active";""
"CHEMBL1054";"TRICHLORMETHIAZIDE";"4.0";"380.66";"0";"0.82";"TRICHLORMETHIAZIDE";"NS(=O)(=O)c1cc2c(cc1Cl)NC(C(Cl)Cl)NS2(=O)=O";"Ki";"";"";"";"";"";"Inhibition < 50% @ 10 uM and thus dose-reponse curve not measured";"";"";"";"";"";"0";"CHEMBL1909126";"DRUGMATRIX: Chemokine CCR5 radioligand binding (ligand: [125I] MIP-1alpha)";"B";"BAO_0000249";"cell membrane format";"None";"None";"None";"HEK293";"Membrane";"";"";"";"CHEMBL274";"C-C chemokine receptor type 5";"Homo sapiens";"SINGLE PROTEIN";"CHEMBL1909046";"15";"DrugMatrix";"";"";"CHEMBL3307715";"";"";"Not Active";""
"CHEMBL1200629";"VECURONIUM BROMIDE";"4.0";"637.74";"2";"5.97";"VECURONIUM BROMIDE";"CC(=O)O[C@H]1C[C@@H]2CC[C@@H]3[C@H](CC[C@@]4(C)[C@H]3C[C@H]([N+]3(C)CCCCC3)[C@@H]4OC(C)=O)[C@@]2(C)C[C@@H]1N1CCCCC1.[Br-]";"Ki";"";"";"";"";"";"Inhibition < 50% @ 10 uM and thus dose-reponse curve not measured";"";"";"";"";"";"0";"CHEMBL1909126";"DRUGMATRIX: Chemokine CCR5 radioligand binding (ligand: [125I] MIP-1alpha)";"B";"BAO_0000249";"cell membrane format";"None";"None";"None";"HEK293";"Membrane";"";"";"";"CHEMBL274";"C-C chemokine receptor type 5";"Homo sapiens";"SINGLE PROTEIN";"CHEMBL1909046";"15";"DrugMatrix";"";"";"CHEMBL3307715";"";"";"Not Active";""
"CHEMBL28079";"ZAPRINAST";"2.0";"271.28";"0";"1.50";"ZAPRINAST";"CCCOc1ccccc1-c1nc2[nH]nnc2c(=O)[nH]1";"Ki";"";"";"";"";"";"Inhibition < 50% @ 10 uM and thus dose-reponse curve not measured";"";"";"";"";"";"0";"CHEMBL1909126";"DRUGMATRIX: Chemokine CCR5 radioligand binding (ligand: [125I] MIP-1alpha)";"B";"BAO_0000249";"cell membrane format";"None";"None";"None";"HEK293";"Membrane";"";"";"";"CHEMBL274";"C-C chemokine receptor type 5";"Homo sapiens";"SINGLE PROTEIN";"CHEMBL1909046";"15";"DrugMatrix";"";"";"CHEMBL3307715";"";"";"Not Active";""
"CHEMBL1909079";"STANNOUS FLUORIDE";"3.0";"156.71";"None";"None";"STANNOUS FLUORIDE";"";"Ki";"";"";"";"";"";"Inhibition < 50% @ 10 uM and thus dose-reponse curve not measured";"";"";"";"";"";"0";"CHEMBL1909126";"DRUGMATRIX: Chemokine CCR5 radioligand binding (ligand: [125I] MIP-1alpha)";"B";"BAO_0000249";"cell membrane format";"None";"None";"None";"HEK293";"Membrane";"";"";"";"CHEMBL274";"C-C chemokine receptor type 5";"Homo sapiens";"SINGLE PROTEIN";"CHEMBL1909046";"15";"DrugMatrix";"";"";"CHEMBL3307715";"";"";"Not Active";""
"CHEMBL2252949";"(-)-CAMPHOR";"None";"152.24";"0";"2.40";"L-CAMPHOR";"CC1(C)[C@H]2CC[C@]1(C)C(=O)C2";"Ki";"";"";"";"";"";"Inhibition < 50% @ 10 uM and thus dose-reponse curve not measured";"";"";"";"";"";"0";"CHEMBL1909126";"DRUGMATRIX: Chemokine CCR5 radioligand binding (ligand: [125I] MIP-1alpha)";"B";"BAO_0000249";"cell membrane format";"None";"None";"None";"HEK293";"Membrane";"";"";"";"CHEMBL274";"C-C chemokine receptor type 5";"Homo sapiens";"SINGLE PROTEIN";"CHEMBL1909046";"15";"DrugMatrix";"";"";"CHEMBL3307715";"";"";"Not Active";""
"CHEMBL86304";"MOCLOBEMIDE";"4.0";"268.74";"0";"1.40";"MOCLOBEMIDE";"O=C(NCCN1CCOCC1)c1ccc(Cl)cc1";"Ki";"";"";"";"";"";"Inhibition < 50% @ 10 uM and thus dose-reponse curve not measured";"";"";"";"";"";"0";"CHEMBL1909126";"DRUGMATRIX: Chemokine CCR5 radioligand binding (ligand: [125I] MIP-1alpha)";"B";"BAO_0000249";"cell membrane format";"None";"None";"None";"HEK293";"Membrane";"";"";"";"CHEMBL274";"C-C chemokine receptor type 5";"Homo sapiens";"SINGLE PROTEIN";"CHEMBL1909046";"15";"DrugMatrix";"";"";"CHEMBL3307715";"";"";"Not Active";""
"CHEMBL511";"PYRILAMINE";"4.0";"285.39";"0";"2.66";"PYRILAMINE";"COc1ccc(CN(CCN(C)C)c2ccccn2)cc1";"Ki";"";"";"";"";"";"Inhibition < 50% @ 10 uM and thus dose-reponse curve not measured";"";"";"";"";"";"0";"CHEMBL1909126";"DRUGMATRIX: Chemokine CCR5 radioligand binding (ligand: [125I] MIP-1alpha)";"B";"BAO_0000249";"cell membrane format";"None";"None";"None";"HEK293";"Membrane";"";"";"";"CHEMBL274";"C-C chemokine receptor type 5";"Homo sapiens";"SINGLE PROTEIN";"CHEMBL1909046";"15";"DrugMatrix";"";"";"CHEMBL3307715";"";"";"Not Active";""
"CHEMBL1200431";"GADOPENTETATE DIMEGLUMINE";"4.0";"742.79";"None";"None";"GADOPENTETATE DIMEGLUMINE";"";"Ki";"";"";"";"";"";"Inhibition < 50% @ 10 uM and thus dose-reponse curve not measured";"";"";"";"";"";"0";"CHEMBL1909126";"DRUGMATRIX: Chemokine CCR5 radioligand binding (ligand: [125I] MIP-1alpha)";"B";"BAO_0000249";"cell membrane format";"None";"None";"None";"HEK293";"Membrane";"";"";"";"CHEMBL274";"C-C chemokine receptor type 5";"Homo sapiens";"SINGLE PROTEIN";"CHEMBL1909046";"15";"DrugMatrix";"";"";"CHEMBL3307715";"";"";"Not Active";""
"CHEMBL1201195";"CEFMETAZOLE";"4.0";"471.55";"1";"-0.73";"CEFMETAZOLE";"CO[C@@]1(NC(=O)CSCC#N)C(=O)N2C(C(=O)O)=C(CSc3nnnn3C)CS[C@@H]21";"Ki";"";"";"";"";"";"Inhibition < 50% @ 10 uM and thus dose-reponse curve not measured";"";"";"";"";"";"0";"CHEMBL1909126";"DRUGMATRIX: Chemokine CCR5 radioligand binding (ligand: [125I] MIP-1alpha)";"B";"BAO_0000249";"cell membrane format";"None";"None";"None";"HEK293";"Membrane";"";"";"";"CHEMBL274";"C-C chemokine receptor type 5";"Homo sapiens";"SINGLE PROTEIN";"CHEMBL1909046";"15";"DrugMatrix";"";"";"CHEMBL3307715";"";"";"Not Active";""
"CHEMBL902";"FAMOTIDINE";"4.0";"337.46";"0";"-0.77";"FAMOTIDINE";"NC(N)=Nc1nc(CSCC/C(N)=N/S(N)(=O)=O)cs1";"Ki";"";"";"";"";"";"Inhibition < 50% @ 10 uM and thus dose-reponse curve not measured";"";"";"";"";"";"0";"CHEMBL1909126";"DRUGMATRIX: Chemokine CCR5 radioligand binding (ligand: [125I] MIP-1alpha)";"B";"BAO_0000249";"cell membrane format";"None";"None";"None";"HEK293";"Membrane";"";"";"";"CHEMBL274";"C-C chemokine receptor type 5";"Homo sapiens";"SINGLE PROTEIN";"CHEMBL1909046";"15";"DrugMatrix";"";"";"CHEMBL3307715";"";"";"Not Active";""
"CHEMBL5314404";"AJMALINE";"3.0";"326.44";"0";"1.55";"AJMALINE";"CC[C@H]1[C@@H]2C[C@H]3[C@@H]4N(C)c5ccccc5[C@]45C[C@@H]([C@@H]2[C@H]5O)N3[C@@H]1O";"Ki";"";"";"";"";"";"Inhibition < 50% @ 10 uM and thus dose-reponse curve not measured";"";"";"";"";"";"0";"CHEMBL1909126";"DRUGMATRIX: Chemokine CCR5 radioligand binding (ligand: [125I] MIP-1alpha)";"B";"BAO_0000249";"cell membrane format";"None";"None";"None";"HEK293";"Membrane";"";"";"";"CHEMBL274";"C-C chemokine receptor type 5";"Homo sapiens";"SINGLE PROTEIN";"CHEMBL1909046";"15";"DrugMatrix";"";"";"CHEMBL3307715";"";"";"Not Active";""
"CHEMBL788";"IDOXURIDINE";"4.0";"354.10";"0";"-1.22";"5-I-2'-d Urd";"O=c1[nH]c(=O)n([C@H]2C[C@H](O)[C@@H](CO)O2)cc1I";"Ki";"";"";"";"";"";"Inhibition < 50% @ 10 uM and thus dose-reponse curve not measured";"";"";"";"";"";"0";"CHEMBL1909126";"DRUGMATRIX: Chemokine CCR5 radioligand binding (ligand: [125I] MIP-1alpha)";"B";"BAO_0000249";"cell membrane format";"None";"None";"None";"HEK293";"Membrane";"";"";"";"CHEMBL274";"C-C chemokine receptor type 5";"Homo sapiens";"SINGLE PROTEIN";"CHEMBL1909046";"15";"DrugMatrix";"";"";"CHEMBL3307715";"";"";"Not Active";""
"CHEMBL1567463";"";"None";"257.22";"0";"-1.45";"CHOLINE ALFOSCERATE";"C[N+](C)(C)CCOP(=O)([O-])OC[C@H](O)CO";"Ki";"";"";"";"";"";"Inhibition < 50% @ 10 uM and thus dose-reponse curve not measured";"";"";"";"";"";"0";"CHEMBL1909126";"DRUGMATRIX: Chemokine CCR5 radioligand binding (ligand: [125I] MIP-1alpha)";"B";"BAO_0000249";"cell membrane format";"None";"None";"None";"HEK293";"Membrane";"";"";"";"CHEMBL274";"C-C chemokine receptor type 5";"Homo sapiens";"SINGLE PROTEIN";"CHEMBL1909046";"15";"DrugMatrix";"";"";"CHEMBL3307715";"";"";"Not Active";""
"CHEMBL26260";"BETA-NAPHTHOFLAVONE";"None";"272.30";"0";"4.61";"BETA-NAPHTHOFLAVONE";"O=c1cc(-c2ccccc2)oc2ccc3ccccc3c12";"Ki";"";"";"";"";"";"Inhibition < 50% @ 10 uM and thus dose-reponse curve not measured";"";"";"";"";"";"0";"CHEMBL1909126";"DRUGMATRIX: Chemokine CCR5 radioligand binding (ligand: [125I] MIP-1alpha)";"B";"BAO_0000249";"cell membrane format";"None";"None";"None";"HEK293";"Membrane";"";"";"";"CHEMBL274";"C-C chemokine receptor type 5";"Homo sapiens";"SINGLE PROTEIN";"CHEMBL1909046";"15";"DrugMatrix";"";"";"CHEMBL3307715";"";"";"Not Active";""
"CHEMBL106264";"";"None";"480.70";"1";"6.92";"11";"Cc1cccc(C)c1C(=O)N1CCC(C)(N2CCC(Cc3ccc(-c4ccccc4)cc3)CC2)CC1";"Ki";"'='";"360.0";"nM";"6.44";"";"";"UO_0000065";"13.40";"0.24";"-0.48";"27.36";"0";"CHEMBL649945";"Inhibition of RANTES binding to the human C-C chemokine receptor type 5 (CCR5)";"B";"BAO_0000357";"single protein format";"None";"None";"None";"None";"None";"";"";"";"CHEMBL274";"C-C chemokine receptor type 5";"Homo sapiens";"SINGLE PROTEIN";"CHEMBL1144903";"1";"Scientific Literature";"J Med Chem";"2003";"None";"";"";"";"360.0"
"CHEMBL945";"AMILORIDE";"4.0";"229.63";"0";"-1.08";"AMILORIDE";"N=C(N)NC(=O)c1nc(Cl)c(N)nc1N";"Ki";"";"";"";"";"";"Inhibition < 50% @ 10 uM and thus dose-reponse curve not measured";"";"";"";"";"";"0";"CHEMBL1909126";"DRUGMATRIX: Chemokine CCR5 radioligand binding (ligand: [125I] MIP-1alpha)";"B";"BAO_0000249";"cell membrane format";"None";"None";"None";"HEK293";"Membrane";"";"";"";"CHEMBL274";"C-C chemokine receptor type 5";"Homo sapiens";"SINGLE PROTEIN";"CHEMBL1909046";"15";"DrugMatrix";"";"";"CHEMBL3307715";"";"";"Not Active";""
"CHEMBL1370561";"AMINOPHYLLINE";"4.0";"420.43";"0";"-1.04";"AMINOPHYLLINE";"Cn1c(=O)c2[nH]cnc2n(C)c1=O.Cn1c(=O)c2[nH]cnc2n(C)c1=O.NCCN";"Ki";"";"";"";"";"";"Inhibition < 50% @ 10 uM and thus dose-reponse curve not measured";"";"";"";"";"";"0";"CHEMBL1909126";"DRUGMATRIX: Chemokine CCR5 radioligand binding (ligand: [125I] MIP-1alpha)";"B";"BAO_0000249";"cell membrane format";"None";"None";"None";"HEK293";"Membrane";"";"";"";"CHEMBL274";"C-C chemokine receptor type 5";"Homo sapiens";"SINGLE PROTEIN";"CHEMBL1909046";"15";"DrugMatrix";"";"";"CHEMBL3307715";"";"";"Not Active";""
"CHEMBL115716";"";"None";"559.54";"2";"5.67";"58";"Cc1cccc(C)c1C(=O)N1CCC(C)(N2CCN([C@@H](C)c3ccc(I)cc3)[C@@H](C)C2)CC1";"Ki";"'='";"5.0";"nM";"8.30";"";"";"UO_0000065";"14.84";"0.34";"2.63";"30.99";"1";"CHEMBL649945";"Inhibition of RANTES binding to the human C-C chemokine receptor type 5 (CCR5)";"B";"BAO_0000357";"single protein format";"None";"None";"None";"None";"None";"";"";"";"CHEMBL274";"C-C chemokine receptor type 5";"Homo sapiens";"SINGLE PROTEIN";"CHEMBL1144903";"1";"Scientific Literature";"J Med Chem";"2003";"None";"";"";"";"5.0"
"CHEMBL337364";"";"None";"568.60";"2";"6.99";"22";"Cc1cccc(C)c1C(=O)N1CCC(C)(N2CCC(/C(=N\OC(C)(C)C)c3ccc(Br)cc3)CC2)CC1";"Ki";"'='";"9.0";"nM";"8.05";"";"";"UO_0000065";"14.15";"0.30";"1.06";"17.82";"0";"CHEMBL649945";"Inhibition of RANTES binding to the human C-C chemokine receptor type 5 (CCR5)";"B";"BAO_0000357";"single protein format";"None";"None";"None";"None";"None";"";"";"";"CHEMBL274";"C-C chemokine receptor type 5";"Homo sapiens";"SINGLE PROTEIN";"CHEMBL1144903";"1";"Scientific Literature";"J Med Chem";"2003";"None";"";"";"";"9.0"
"CHEMBL311795";"";"None";"503.61";"1";"4.87";"3";"Cc1ncnc(C)c1C(=O)N1CCC(C)(N2CCN([C@@H](C)c3ccc(C(F)(F)F)cc3)[C@@H](C)C2)CC1";"Ki";"'='";"2.8";"nM";"8.55";"";"";"UO_0000065";"";"";"";"";"0";"CHEMBL649943";"Antagonistic activity against C-C chemokine receptor type 5";"F";"BAO_0000019";"assay format";"None";"None";"None";"None";"None";"";"";"";"CHEMBL274";"C-C chemokine receptor type 5";"Homo sapiens";"SINGLE PROTEIN";"CHEMBL1148299";"1";"Scientific Literature";"J Med Chem";"2004";"None";"";"";"";"2.8"
"CHEMBL67172";"";"None";"575.73";"1";"4.29";"13e";"Cc1cccc(C)c1C(=O)N1CCC(N2CCN(Cc3ccc(S(=O)(=O)c4ccc5c(c4)OCO5)cc3)CC2)CC1";"Ki";"'>'";"1300.0";"nM";"";"";"";"UO_0000065";"";"";"";"";"0";"CHEMBL649954";"Inhibition of [125I]-labeled RANTES binding to C-C chemokine receptor type 5";"B";"BAO_0000357";"single protein format";"None";"None";"None";"None";"None";"";"";"";"CHEMBL274";"C-C chemokine receptor type 5";"Homo sapiens";"SINGLE PROTEIN";"CHEMBL1133909";"1";"Scientific Literature";"Bioorg Med Chem Lett";"2001";"None";"";"";"";"1300.0"
"CHEMBL334470";"";"None";"559.46";"2";"5.41";"68";"C[C@H]1CN(C2(C)CCN(C(=O)c3c(Cl)c[n+]([O-])cc3Cl)CC2)CCN1[C@@H](C)c1ccc(C(F)(F)F)cc1";"Ki";"'='";"2.7";"nM";"8.57";"";"";"UO_0000065";"15.32";"0.32";"3.16";"15.95";"0";"CHEMBL649945";"Inhibition of RANTES binding to the human C-C chemokine receptor type 5 (CCR5)";"B";"BAO_0000357";"single protein format";"None";"None";"None";"None";"None";"";"";"";"CHEMBL274";"C-C chemokine receptor type 5";"Homo sapiens";"SINGLE PROTEIN";"CHEMBL1144903";"1";"Scientific Literature";"J Med Chem";"2003";"None";"";"";"";"2.7"
"CHEMBL138285";"";"None";"541.53";"2";"5.61";"32";"CCO/N=C(/c1ccc(Br)cc1)C1CCN(C2(C)CCN(C(=O)c3c(C)ccnc3C)CC2)CC1";"Ki";"'='";"1.1";"nM";"8.96";"";"";"UO_0000065";"16.54";"0.35";"3.35";"15.44";"0";"CHEMBL649945";"Inhibition of RANTES binding to the human C-C chemokine receptor type 5 (CCR5)";"B";"BAO_0000357";"single protein format";"None";"None";"None";"None";"None";"";"";"";"CHEMBL274";"C-C chemokine receptor type 5";"Homo sapiens";"SINGLE PROTEIN";"CHEMBL1144903";"1";"Scientific Literature";"J Med Chem";"2003";"None";"";"";"";"1.1"
"CHEMBL164484";"";"None";"598.37";"2";"5.54";"11d";"CCO/N=C(\c1ccc(Br)cc1)C1CCN(C2(C)CCN(C(=O)c3c(Cl)c[n+]([O-])cc3Cl)CC2)CC1";"Ki";"'='";"1.2";"nM";"8.92";"";"";"UO_0000065";"14.91";"0.34";"3.38";"12.38";"0";"CHEMBL650119";"Inhibition of [125I]RANTES binding to CCR5 receptor.";"B";"BAO_0000357";"single protein format";"None";"None";"None";"None";"None";"";"";"";"CHEMBL274";"C-C chemokine receptor type 5";"Homo sapiens";"SINGLE PROTEIN";"CHEMBL1136595";"1";"Scientific Literature";"Bioorg Med Chem Lett";"2003";"None";"";"";"";"1.2"
"CHEMBL113042";"";"None";"533.14";"1";"4.09";"65";"C[C@H]1CN(C2(C)CCN(C(=O)c3c(N)cccc3Cl)CC2)CCN1[C@@H](C)c1ccc(S(C)(=O)=O)cc1";"Ki";"'='";"5.0";"nM";"8.30";"";"";"UO_0000065";"15.57";"0.31";"4.21";"9.55";"1";"CHEMBL649945";"Inhibition of RANTES binding to the human C-C chemokine receptor type 5 (CCR5)";"B";"BAO_0000357";"single protein format";"None";"None";"None";"None";"None";"";"";"";"CHEMBL274";"C-C chemokine receptor type 5";"Homo sapiens";"SINGLE PROTEIN";"CHEMBL1144903";"1";"Scientific Literature";"J Med Chem";"2003";"None";"";"";"";"5.0"
"CHEMBL140706";"";"None";"533.64";"1";"4.88";"75";"COc1nc(C)c(C(=O)N2CCC(C)(N3CCN([C@@H](C)c4ccc(C(F)(F)F)cc4)[C@@H](C)C3)CC2)c(C)n1";"Ki";"'='";"11.0";"nM";"7.96";"";"";"UO_0000065";"14.91";"0.29";"3.08";"12.88";"0";"CHEMBL649945";"Inhibition of RANTES binding to the human C-C chemokine receptor type 5 (CCR5)";"B";"BAO_0000357";"single protein format";"None";"None";"None";"None";"None";"";"";"";"CHEMBL274";"C-C chemokine receptor type 5";"Homo sapiens";"SINGLE PROTEIN";"CHEMBL1144903";"1";"Scientific Literature";"J Med Chem";"2003";"None";"";"";"";"11.0"
"CHEMBL141683";"";"None";"557.54";"1";"4.59";"17c";"CCO/N=C(/c1ccc(Br)cc1)C1CCN(C2(C)CCN(C(=O)c3c(C)nc(N)nc3C)CC2)CC1";"Ki";"'='";"5.7";"nM";"8.24";"";"";"UO_0000065";"14.79";"0.31";"3.65";"8.50";"1";"CHEMBL650119";"Inhibition of [125I]RANTES binding to CCR5 receptor.";"B";"BAO_0000357";"single protein format";"None";"None";"None";"None";"None";"";"";"";"CHEMBL274";"C-C chemokine receptor type 5";"Homo sapiens";"SINGLE PROTEIN";"CHEMBL1136595";"1";"Scientific Literature";"Bioorg Med Chem Lett";"2003";"None";"";"";"";"5.7"
"CHEMBL113436";"";"None";"502.63";"2";"5.48";"2";"Cc1ccnc(C)c1C(=O)N1CCC(C)(N2CCN([C@@H](C)c3ccc(C(F)(F)F)cc3)[C@@H](C)C2)CC1";"Ki";"'='";"2.0";"nM";"8.70";"";"";"UO_0000065";"17.31";"0.33";"3.22";"21.92";"0";"CHEMBL649953";"Ability to inhibit [125I]-labeled RANTES binding to the CCR5 receptor expressed in membrane preparations from CHO cells";"B";"BAO_0000219";"cell-based format";"None";"None";"None";"CHO";"None";"";"";"";"CHEMBL274";"C-C chemokine receptor type 5";"Homo sapiens";"SINGLE PROTEIN";"CHEMBL1136572";"1";"Scientific Literature";"Bioorg Med Chem Lett";"2003";"CHEMBL3308072";"";"";"";"2.0"
"CHEMBL141699";"";"None";"518.62";"1";"4.72";"table 1";"Cc1c[n+]([O-])cc(C)c1C(=O)N1CCC(C)(N2CCN([C@@H](C)c3ccc(C(F)(F)F)cc3)[C@@H](C)C2)CC1";"Ki";"'='";"18.0";"nM";"7.75";"";"";"UO_0000065";"14.93";"0.29";"3.02";"14.41";"1";"CHEMBL649953";"Ability to inhibit [125I]-labeled RANTES binding to the CCR5 receptor expressed in membrane preparations from CHO cells";"B";"BAO_0000219";"cell-based format";"None";"None";"None";"CHO";"None";"";"";"";"CHEMBL274";"C-C chemokine receptor type 5";"Homo sapiens";"SINGLE PROTEIN";"CHEMBL1136572";"1";"Scientific Literature";"Bioorg Med Chem Lett";"2003";"CHEMBL3308072";"";"";"";"18.0"
"CHEMBL1679";"LEUCOVORIN";"4.0";"473.45";"1";"-0.73";"LEUCOVORIN";"Nc1nc(=O)c2c([nH]1)NCC(CNc1ccc(C(=O)N[C@@H](CCC(=O)O)C(=O)O)cc1)N2C=O";"Ki";"";"";"";"";"";"Inhibition < 50% @ 10 uM and thus dose-reponse curve not measured";"";"";"";"";"";"0";"CHEMBL1909126";"DRUGMATRIX: Chemokine CCR5 radioligand binding (ligand: [125I] MIP-1alpha)";"B";"BAO_0000249";"cell membrane format";"None";"None";"None";"HEK293";"Membrane";"";"";"";"CHEMBL274";"C-C chemokine receptor type 5";"Homo sapiens";"SINGLE PROTEIN";"CHEMBL1909046";"15";"DrugMatrix";"";"";"CHEMBL3307715";"";"";"Not Active";""
"CHEMBL140490";"";"None";"518.63";"1";"4.46";"22";"Cc1nc(N)nc(C)c1C(=O)N1CCC(C)(N2CCN([C@@H](C)c3ccc(C(F)(F)F)cc3)[C@@H](C)C2)CC1";"Ki";"'='";"38.0";"nM";"7.42";"";"";"UO_0000065";"14.31";"0.27";"2.96";"9.44";"1";"CHEMBL649953";"Ability to inhibit [125I]-labeled RANTES binding to the CCR5 receptor expressed in membrane preparations from CHO cells";"B";"BAO_0000219";"cell-based format";"None";"None";"None";"CHO";"None";"";"";"";"CHEMBL274";"C-C chemokine receptor type 5";"Homo sapiens";"SINGLE PROTEIN";"CHEMBL1136572";"1";"Scientific Literature";"Bioorg Med Chem Lett";"2003";"CHEMBL3308072";"";"";"";"38.0"
"CHEMBL2338392";"";"None";"526.44";"1";"4.30";"20";"CO[C@@H]1COCC[C@@H]1NC1CCN(C(=O)c2nc(CF)nc(Nc3ccc(Cl)c(Cl)c3)c2C)CC1";"Ki";"'='";"31.0";"nM";"7.51";"";"";"UO_0000065";"14.26";"0.29";"3.21";"8.47";"0";"CHEMBL2344606";"Displacement of [125I]RANTES from human CCR5 expressed in CHO cell membranes coexpressing Gal6 after 6 hrs by scintillation counting analysis";"B";"BAO_0000219";"cell-based format";"Homo sapiens";"None";"None";"CHO";"None";"";"";"";"CHEMBL274";"C-C chemokine receptor type 5";"Homo sapiens";"SINGLE PROTEIN";"CHEMBL2331291";"1";"Scientific Literature";"ACS Med Chem Lett";"2013";"CHEMBL3308072";"";"";"";"31.0"
"CHEMBL1751";"DIGOXIN";"4.0";"780.95";"3";"2.22";"digoxin";"C[C@H]1O[C@@H](O[C@H]2[C@@H](O)C[C@H](O[C@H]3[C@@H](O)C[C@H](O[C@H]4CC[C@@]5(C)[C@H](CC[C@@H]6[C@@H]5C[C@@H](O)[C@]5(C)[C@@H](C7=CC(=O)OC7)CC[C@]65O)C4)O[C@@H]3C)O[C@@H]2C)C[C@H](O)[C@@H]1O";"Ki";"";"";"";"";"";"Inhibition < 50% @ 10 uM and thus dose-reponse curve not measured";"";"";"";"";"";"0";"CHEMBL1909126";"DRUGMATRIX: Chemokine CCR5 radioligand binding (ligand: [125I] MIP-1alpha)";"B";"BAO_0000249";"cell membrane format";"None";"None";"None";"HEK293";"Membrane";"";"";"";"CHEMBL274";"C-C chemokine receptor type 5";"Homo sapiens";"SINGLE PROTEIN";"CHEMBL1909046";"15";"DrugMatrix";"";"";"CHEMBL3307715";"";"";"Not Active";""
"CHEMBL666";"FOSCARNET";"4.0";"126.00";"0";"-0.16";"FOSCARNET";"O=C(O)P(=O)(O)O";"Ki";"";"";"";"";"";"Inhibition < 50% @ 10 uM and thus dose-reponse curve not measured";"";"";"";"";"";"0";"CHEMBL1909126";"DRUGMATRIX: Chemokine CCR5 radioligand binding (ligand: [125I] MIP-1alpha)";"B";"BAO_0000249";"cell membrane format";"None";"None";"None";"HEK293";"Membrane";"";"";"";"CHEMBL274";"C-C chemokine receptor type 5";"Homo sapiens";"SINGLE PROTEIN";"CHEMBL1909046";"15";"DrugMatrix";"";"";"CHEMBL3307715";"";"";"Not Active";""
"CHEMBL509";"MECLOFENAMIC ACID";"4.0";"296.15";"0";"4.74";"MECLOFENAMIC ACID";"Cc1ccc(Cl)c(Nc2ccccc2C(=O)O)c1Cl";"Ki";"";"";"";"";"";"Inhibition < 50% @ 10 uM and thus dose-reponse curve not measured";"";"";"";"";"";"0";"CHEMBL1909126";"DRUGMATRIX: Chemokine CCR5 radioligand binding (ligand: [125I] MIP-1alpha)";"B";"BAO_0000249";"cell membrane format";"None";"None";"None";"HEK293";"Membrane";"";"";"";"CHEMBL274";"C-C chemokine receptor type 5";"Homo sapiens";"SINGLE PROTEIN";"CHEMBL1909046";"15";"DrugMatrix";"";"";"CHEMBL3307715";"";"";"Not Active";""
"CHEMBL547";"ISOTRETINOIN";"4.0";"300.44";"1";"5.60";"ISOTRETINOIN";"CC1=C(/C=C/C(C)=C/C=C/C(C)=C\C(=O)O)C(C)(C)CCC1";"Ki";"";"";"";"";"";"Inhibition < 50% @ 10 uM and thus dose-reponse curve not measured";"";"";"";"";"";"0";"CHEMBL1909126";"DRUGMATRIX: Chemokine CCR5 radioligand binding (ligand: [125I] MIP-1alpha)";"B";"BAO_0000249";"cell membrane format";"None";"None";"None";"HEK293";"Membrane";"";"";"";"CHEMBL274";"C-C chemokine receptor type 5";"Homo sapiens";"SINGLE PROTEIN";"CHEMBL1909046";"15";"DrugMatrix";"";"";"CHEMBL3307715";"";"";"Not Active";""
"CHEMBL374478";"RIFAMPIN";"4.0";"822.95";"3";"4.34";"Rif";"CO[C@H]1/C=C/O[C@@]2(C)Oc3c(C)c(O)c4c(O)c(c(/C=N/N5CCN(C)CC5)c(O)c4c3C2=O)NC(=O)/C(C)=C\C=C\[C@H](C)[C@H](O)[C@@H](C)[C@@H](O)[C@@H](C)[C@H](OC(C)=O)[C@@H]1C";"Ki";"";"";"";"";"";"Inhibition < 50% @ 10 uM and thus dose-reponse curve not measured";"";"";"";"";"";"0";"CHEMBL1909126";"DRUGMATRIX: Chemokine CCR5 radioligand binding (ligand: [125I] MIP-1alpha)";"B";"BAO_0000249";"cell membrane format";"None";"None";"None";"HEK293";"Membrane";"";"";"";"CHEMBL274";"C-C chemokine receptor type 5";"Homo sapiens";"SINGLE PROTEIN";"CHEMBL1909046";"15";"DrugMatrix";"";"";"CHEMBL3307715";"";"";"Not Active";""
"CHEMBL38737";"THIOACETAMIDE";"None";"75.14";"0";"0.91";"THIOACETAMIDE";"CC(=N)S";"Ki";"";"";"";"";"";"Inhibition < 50% @ 10 uM and thus dose-reponse curve not measured";"";"";"";"";"";"0";"CHEMBL1909126";"DRUGMATRIX: Chemokine CCR5 radioligand binding (ligand: [125I] MIP-1alpha)";"B";"BAO_0000249";"cell membrane format";"None";"None";"None";"HEK293";"Membrane";"";"";"";"CHEMBL274";"C-C chemokine receptor type 5";"Homo sapiens";"SINGLE PROTEIN";"CHEMBL1909046";"15";"DrugMatrix";"";"";"CHEMBL3307715";"";"";"Not Active";""
"CHEMBL12089";"BERBERINE CHLORIDE";"1.0";"371.82";"0";"3.10";"BERBERINE CHLORIDE";"COc1ccc2cc3[n+](cc2c1OC)CCc1cc2c(cc1-3)OCO2.[Cl-]";"Ki";"";"";"";"";"";"Inhibition < 50% @ 10 uM and thus dose-reponse curve not measured";"";"";"";"";"";"0";"CHEMBL1909126";"DRUGMATRIX: Chemokine CCR5 radioligand binding (ligand: [125I] MIP-1alpha)";"B";"BAO_0000249";"cell membrane format";"None";"None";"None";"HEK293";"Membrane";"";"";"";"CHEMBL274";"C-C chemokine receptor type 5";"Homo sapiens";"SINGLE PROTEIN";"CHEMBL1909046";"15";"DrugMatrix";"";"";"CHEMBL3307715";"";"";"Not Active";""
"CHEMBL177";"AMIKACIN";"4.0";"585.61";"3";"-8.42";"AMIKACIN";"NCC[C@H](O)C(=O)N[C@@H]1C[C@H](N)[C@@H](O[C@H]2O[C@H](CN)[C@@H](O)[C@H](O)[C@H]2O)[C@H](O)[C@H]1O[C@H]1O[C@H](CO)[C@@H](O)[C@H](N)[C@H]1O";"Ki";"";"";"";"";"";"Inhibition < 50% @ 10 uM and thus dose-reponse curve not measured";"";"";"";"";"";"0";"CHEMBL1909126";"DRUGMATRIX: Chemokine CCR5 radioligand binding (ligand: [125I] MIP-1alpha)";"B";"BAO_0000249";"cell membrane format";"None";"None";"None";"HEK293";"Membrane";"";"";"";"CHEMBL274";"C-C chemokine receptor type 5";"Homo sapiens";"SINGLE PROTEIN";"CHEMBL1909046";"15";"DrugMatrix";"";"";"CHEMBL3307715";"";"";"Not Active";""
"CHEMBL1487";"ATORVASTATIN";"4.0";"558.65";"2";"6.31";"ATORVASTATIN";"CC(C)c1c(C(=O)Nc2ccccc2)c(-c2ccccc2)c(-c2ccc(F)cc2)n1CC[C@@H](O)C[C@@H](O)CC(=O)O";"Ki";"";"";"";"";"";"Inhibition < 50% @ 10 uM and thus dose-reponse curve not measured";"";"";"";"";"";"0";"CHEMBL1909126";"DRUGMATRIX: Chemokine CCR5 radioligand binding (ligand: [125I] MIP-1alpha)";"B";"BAO_0000249";"cell membrane format";"None";"None";"None";"HEK293";"Membrane";"";"";"";"CHEMBL274";"C-C chemokine receptor type 5";"Homo sapiens";"SINGLE PROTEIN";"CHEMBL1909046";"15";"DrugMatrix";"";"";"CHEMBL3307715";"";"";"Not Active";""
"CHEMBL40583";"3-METHYLCHOLANTHRENE";"None";"268.36";"1";"5.55";"3-METHYLCHOLANTHRENE";"Cc1ccc2cc3c(ccc4ccccc43)c3c2c1CC3";"Ki";"";"";"";"";"";"Inhibition < 50% @ 10 uM and thus dose-reponse curve not measured";"";"";"";"";"";"0";"CHEMBL1909126";"DRUGMATRIX: Chemokine CCR5 radioligand binding (ligand: [125I] MIP-1alpha)";"B";"BAO_0000249";"cell membrane format";"None";"None";"None";"HEK293";"Membrane";"";"";"";"CHEMBL274";"C-C chemokine receptor type 5";"Homo sapiens";"SINGLE PROTEIN";"CHEMBL1909046";"15";"DrugMatrix";"";"";"CHEMBL3307715";"";"";"Not Active";""
"CHEMBL1140";"NIACINAMIDE";"4.0";"122.13";"0";"0.18";"NIACINAMIDE";"NC(=O)c1cccnc1";"Ki";"";"";"";"";"";"Inhibition < 50% @ 10 uM and thus dose-reponse curve not measured";"";"";"";"";"";"0";"CHEMBL1909126";"DRUGMATRIX: Chemokine CCR5 radioligand binding (ligand: [125I] MIP-1alpha)";"B";"BAO_0000249";"cell membrane format";"None";"None";"None";"HEK293";"Membrane";"";"";"";"CHEMBL274";"C-C chemokine receptor type 5";"Homo sapiens";"SINGLE PROTEIN";"CHEMBL1909046";"15";"DrugMatrix";"";"";"CHEMBL3307715";"";"";"Not Active";""
"CHEMBL1726";"NISOLDIPINE";"4.0";"388.42";"0";"3.20";"NISOLDIPINE";"COC(=O)C1=C(C)NC(C)=C(C(=O)OCC(C)C)C1c1ccccc1[N+](=O)[O-]";"Ki";"";"";"";"";"";"Inhibition < 50% @ 10 uM and thus dose-reponse curve not measured";"";"";"";"";"";"0";"CHEMBL1909126";"DRUGMATRIX: Chemokine CCR5 radioligand binding (ligand: [125I] MIP-1alpha)";"B";"BAO_0000249";"cell membrane format";"None";"None";"None";"HEK293";"Membrane";"";"";"";"CHEMBL274";"C-C chemokine receptor type 5";"Homo sapiens";"SINGLE PROTEIN";"CHEMBL1909046";"15";"DrugMatrix";"";"";"CHEMBL3307715";"";"";"Not Active";""
"CHEMBL283196";"ALPHA-NAPHTHOFLAVONE";"None";"272.30";"0";"4.61";"ALPHA-NAPHTHOFLAVONE";"O=c1cc(-c2ccccc2)oc2c1ccc1ccccc12";"Ki";"";"";"";"";"";"Inhibition < 50% @ 10 uM and thus dose-reponse curve not measured";"";"";"";"";"";"0";"CHEMBL1909126";"DRUGMATRIX: Chemokine CCR5 radioligand binding (ligand: [125I] MIP-1alpha)";"B";"BAO_0000249";"cell membrane format";"None";"None";"None";"HEK293";"Membrane";"";"";"";"CHEMBL274";"C-C chemokine receptor type 5";"Homo sapiens";"SINGLE PROTEIN";"CHEMBL1909046";"15";"DrugMatrix";"";"";"CHEMBL3307715";"";"";"Not Active";""
"CHEMBL30327";"2,3,7,8-TETRACHLORODIBENZO-P-DIOXIN";"None";"321.97";"1";"6.20";"2,3,7,8-TETRACHLORODIBENZO-P-DIOXIN";"Clc1cc2c(cc1Cl)Oc1cc(Cl)c(Cl)cc1O2";"Ki";"";"";"";"";"";"Inhibition < 50% @ 10 uM and thus dose-reponse curve not measured";"";"";"";"";"";"0";"CHEMBL1909126";"DRUGMATRIX: Chemokine CCR5 radioligand binding (ligand: [125I] MIP-1alpha)";"B";"BAO_0000249";"cell membrane format";"None";"None";"None";"HEK293";"Membrane";"";"";"";"CHEMBL274";"C-C chemokine receptor type 5";"Homo sapiens";"SINGLE PROTEIN";"CHEMBL1909046";"15";"DrugMatrix";"";"";"CHEMBL3307715";"";"";"Not Active";""
"CHEMBL34431";"CILOSTAMIDE";"2.0";"342.44";"0";"3.48";"CILOSTAMIDE";"CN(C(=O)CCCOc1ccc2[nH]c(=O)ccc2c1)C1CCCCC1";"Ki";"";"";"";"";"";"Inhibition < 50% @ 10 uM and thus dose-reponse curve not measured";"";"";"";"";"";"0";"CHEMBL1909126";"DRUGMATRIX: Chemokine CCR5 radioligand binding (ligand: [125I] MIP-1alpha)";"B";"BAO_0000249";"cell membrane format";"None";"None";"None";"HEK293";"Membrane";"";"";"";"CHEMBL274";"C-C chemokine receptor type 5";"Homo sapiens";"SINGLE PROTEIN";"CHEMBL1909046";"15";"DrugMatrix";"";"";"CHEMBL3307715";"";"";"Not Active";""
"CHEMBL138640";"";"None";"598.37";"2";"5.54";"83";"CCO/N=C(/c1ccc(Br)cc1)C1CCN(C2(C)CCN(C(=O)c3c(Cl)c[n+]([O-])cc3Cl)CC2)CC1";"Ki";"'='";"1.2";"nM";"8.92";"";"";"UO_0000065";"14.91";"0.34";"3.38";"12.38";"0";"CHEMBL649945";"Inhibition of RANTES binding to the human C-C chemokine receptor type 5 (CCR5)";"B";"BAO_0000357";"single protein format";"None";"None";"None";"None";"None";"";"";"";"CHEMBL274";"C-C chemokine receptor type 5";"Homo sapiens";"SINGLE PROTEIN";"CHEMBL1144903";"1";"Scientific Literature";"J Med Chem";"2003";"None";"";"";"";"1.2"
"CHEMBL8";"CIPROFLOXACIN";"4.0";"331.35";"0";"1.58";"CIPROFLOXACIN";"O=C(O)c1cn(C2CC2)c2cc(N3CCNCC3)c(F)cc2c1=O";"Ki";"";"";"";"";"";"Inhibition < 50% @ 10 uM and thus dose-reponse curve not measured";"";"";"";"";"";"0";"CHEMBL1909126";"DRUGMATRIX: Chemokine CCR5 radioligand binding (ligand: [125I] MIP-1alpha)";"B";"BAO_0000249";"cell membrane format";"None";"None";"None";"HEK293";"Membrane";"";"";"";"CHEMBL274";"C-C chemokine receptor type 5";"Homo sapiens";"SINGLE PROTEIN";"CHEMBL1909046";"15";"DrugMatrix";"";"";"CHEMBL3307715";"";"";"Not Active";""
"CHEMBL1873703";"DIELDRIN";"2.0";"380.91";"0";"4.48";"DIELDRIN";"ClC1=C(Cl)[C@]2(Cl)[C@@H]3[C@@H]4C[C@@H]([C@H]5O[C@@H]45)[C@@H]3[C@@]1(Cl)C2(Cl)Cl";"Ki";"";"";"";"";"";"Inhibition < 50% @ 10 uM and thus dose-reponse curve not measured";"";"";"";"";"";"0";"CHEMBL1909126";"DRUGMATRIX: Chemokine CCR5 radioligand binding (ligand: [125I] MIP-1alpha)";"B";"BAO_0000249";"cell membrane format";"None";"None";"None";"HEK293";"Membrane";"";"";"";"CHEMBL274";"C-C chemokine receptor type 5";"Homo sapiens";"SINGLE PROTEIN";"CHEMBL1909046";"15";"DrugMatrix";"";"";"CHEMBL3307715";"";"";"Not Active";""
"CHEMBL42";"CLOZAPINE";"4.0";"326.83";"0";"3.72";"CLOZAPINE";"CN1CCN(C2=Nc3cc(Cl)ccc3Nc3ccccc32)CC1";"Ki";"";"";"";"";"";"Inhibition < 50% @ 10 uM and thus dose-reponse curve not measured";"";"";"";"";"";"0";"CHEMBL1909126";"DRUGMATRIX: Chemokine CCR5 radioligand binding (ligand: [125I] MIP-1alpha)";"B";"BAO_0000249";"cell membrane format";"None";"None";"None";"HEK293";"Membrane";"";"";"";"CHEMBL274";"C-C chemokine receptor type 5";"Homo sapiens";"SINGLE PROTEIN";"CHEMBL1909046";"15";"DrugMatrix";"";"";"CHEMBL3307715";"";"";"Not Active";""
"CHEMBL222863";"OUABAIN";"-1.0";"584.66";"3";"-1.51";"OUABAIN";"C[C@@H]1O[C@@H](O[C@H]2C[C@@H](O)[C@]3(CO)[C@H]4[C@H](O)C[C@]5(C)[C@@H](C6=CC(=O)OC6)CC[C@]5(O)[C@@H]4CC[C@]3(O)C2)[C@H](O)[C@H](O)[C@H]1O";"Ki";"";"";"";"";"";"Inhibition < 50% @ 10 uM and thus dose-reponse curve not measured";"";"";"";"";"";"0";"CHEMBL1909126";"DRUGMATRIX: Chemokine CCR5 radioligand binding (ligand: [125I] MIP-1alpha)";"B";"BAO_0000249";"cell membrane format";"None";"None";"None";"HEK293";"Membrane";"";"";"";"CHEMBL274";"C-C chemokine receptor type 5";"Homo sapiens";"SINGLE PROTEIN";"CHEMBL1909046";"15";"DrugMatrix";"";"";"CHEMBL3307715";"";"";"Not Active";""
"CHEMBL1479";"DANAZOL";"4.0";"337.46";"0";"4.22";"DANAZOL";"C#C[C@]1(O)CC[C@H]2[C@@H]3CCC4=Cc5oncc5C[C@]4(C)[C@H]3CC[C@@]21C";"Ki";"";"";"";"";"";"Inhibition < 50% @ 10 uM and thus dose-reponse curve not measured";"";"";"";"";"";"0";"CHEMBL1909126";"DRUGMATRIX: Chemokine CCR5 radioligand binding (ligand: [125I] MIP-1alpha)";"B";"BAO_0000249";"cell membrane format";"None";"None";"None";"HEK293";"Membrane";"";"";"";"CHEMBL274";"C-C chemokine receptor type 5";"Homo sapiens";"SINGLE PROTEIN";"CHEMBL1909046";"15";"DrugMatrix";"";"";"CHEMBL3307715";"";"";"Not Active";""
"CHEMBL52440";"DEXTROMETHORPHAN";"4.0";"271.40";"0";"3.38";"DEXTROMETHORPHAN";"COc1ccc2c(c1)[C@]13CCCC[C@@H]1[C@H](C2)N(C)CC3";"Ki";"";"";"";"";"";"Inhibition < 50% @ 10 uM and thus dose-reponse curve not measured";"";"";"";"";"";"0";"CHEMBL1909126";"DRUGMATRIX: Chemokine CCR5 radioligand binding (ligand: [125I] MIP-1alpha)";"B";"BAO_0000249";"cell membrane format";"None";"None";"None";"HEK293";"Membrane";"";"";"";"CHEMBL274";"C-C chemokine receptor type 5";"Homo sapiens";"SINGLE PROTEIN";"CHEMBL1909046";"15";"DrugMatrix";"";"";"CHEMBL3307715";"";"";"Not Active";""
"CHEMBL1201203";"BENZTROPINE";"4.0";"307.44";"0";"4.42";"BENZTROPINE";"CN1[C@@H]2CC[C@H]1C[C@@H](OC(c1ccccc1)c1ccccc1)C2";"Ki";"";"";"";"";"";"Inhibition < 50% @ 10 uM and thus dose-reponse curve not measured";"";"";"";"";"";"0";"CHEMBL1909126";"DRUGMATRIX: Chemokine CCR5 radioligand binding (ligand: [125I] MIP-1alpha)";"B";"BAO_0000249";"cell membrane format";"None";"None";"None";"HEK293";"Membrane";"";"";"";"CHEMBL274";"C-C chemokine receptor type 5";"Homo sapiens";"SINGLE PROTEIN";"CHEMBL1909046";"15";"DrugMatrix";"";"";"CHEMBL3307715";"";"";"Not Active";""
"CHEMBL1162";"NORETHINDRONE";"4.0";"298.43";"0";"3.49";"NORETHINDRONE";"C#C[C@]1(O)CC[C@H]2[C@@H]3CCC4=CC(=O)CC[C@@H]4[C@H]3CC[C@@]21C";"Ki";"";"";"";"";"";"Inhibition < 50% @ 10 uM and thus dose-reponse curve not measured";"";"";"";"";"";"0";"CHEMBL1909126";"DRUGMATRIX: Chemokine CCR5 radioligand binding (ligand: [125I] MIP-1alpha)";"B";"BAO_0000249";"cell membrane format";"None";"None";"None";"HEK293";"Membrane";"";"";"";"CHEMBL274";"C-C chemokine receptor type 5";"Homo sapiens";"SINGLE PROTEIN";"CHEMBL1909046";"15";"DrugMatrix";"";"";"CHEMBL3307715";"";"";"Not Active";""
"CHEMBL5465559";"NYSTATIN";"4.0";"None";"None";"None";"NYSTATIN";"";"Ki";"";"";"";"";"";"Inhibition < 50% @ 10 uM and thus dose-reponse curve not measured";"";"";"";"";"";"0";"CHEMBL1909126";"DRUGMATRIX: Chemokine CCR5 radioligand binding (ligand: [125I] MIP-1alpha)";"B";"BAO_0000249";"cell membrane format";"None";"None";"None";"HEK293";"Membrane";"";"";"";"CHEMBL274";"C-C chemokine receptor type 5";"Homo sapiens";"SINGLE PROTEIN";"CHEMBL1909046";"15";"DrugMatrix";"";"";"CHEMBL3307715";"";"";"Not Active";""
"CHEMBL608";"PROBUCOL";"4.0";"516.86";"2";"9.91";"PROBUCOL";"CC(C)(Sc1cc(C(C)(C)C)c(O)c(C(C)(C)C)c1)Sc1cc(C(C)(C)C)c(O)c(C(C)(C)C)c1";"Ki";"";"";"";"";"";"Inhibition < 50% @ 10 uM and thus dose-reponse curve not measured";"";"";"";"";"";"0";"CHEMBL1909126";"DRUGMATRIX: Chemokine CCR5 radioligand binding (ligand: [125I] MIP-1alpha)";"B";"BAO_0000249";"cell membrane format";"None";"None";"None";"HEK293";"Membrane";"";"";"";"CHEMBL274";"C-C chemokine receptor type 5";"Homo sapiens";"SINGLE PROTEIN";"CHEMBL1909046";"15";"DrugMatrix";"";"";"CHEMBL3307715";"";"";"Not Active";""
"CHEMBL1255837";"DIHYDROERGOCRISTINE MESYLATE";"None";"707.85";"1";"2.72";"DIHYDROERGOCRISTINE MESYLATE";"CC(C)[C@@]1(NC(=O)[C@@H]2C[C@@H]3c4cccc5[nH]cc(c45)C[C@H]3N(C)C2)O[C@@]2(O)[C@@H]3CCCN3C(=O)[C@H](Cc3ccccc3)N2C1=O.CS(=O)(=O)O";"Ki";"";"";"";"";"";"Inhibition < 50% @ 10 uM and thus dose-reponse curve not measured";"";"";"";"";"";"0";"CHEMBL1909126";"DRUGMATRIX: Chemokine CCR5 radioligand binding (ligand: [125I] MIP-1alpha)";"B";"BAO_0000249";"cell membrane format";"None";"None";"None";"HEK293";"Membrane";"";"";"";"CHEMBL274";"C-C chemokine receptor type 5";"Homo sapiens";"SINGLE PROTEIN";"CHEMBL1909046";"15";"DrugMatrix";"";"";"CHEMBL3307715";"";"";"Not Active";""
"CHEMBL1909067";"";"None";"None";"None";"None";"MC 258714";"";"Ki";"";"";"";"";"";"Inhibition < 50% @ 10 uM and thus dose-reponse curve not measured";"";"";"";"";"";"0";"CHEMBL1909126";"DRUGMATRIX: Chemokine CCR5 radioligand binding (ligand: [125I] MIP-1alpha)";"B";"BAO_0000249";"cell membrane format";"None";"None";"None";"HEK293";"Membrane";"";"";"";"CHEMBL274";"C-C chemokine receptor type 5";"Homo sapiens";"SINGLE PROTEIN";"CHEMBL1909046";"15";"DrugMatrix";"";"";"CHEMBL3307715";"";"";"Not Active";""
"CHEMBL389621";"HYDROCORTISONE";"4.0";"362.47";"0";"1.78";"HYDROCORTISONE";"C[C@]12CCC(=O)C=C1CC[C@@H]1[C@@H]2[C@@H](O)C[C@@]2(C)[C@H]1CC[C@]2(O)C(=O)CO";"Ki";"";"";"";"";"";"Inhibition < 50% @ 10 uM and thus dose-reponse curve not measured";"";"";"";"";"";"0";"CHEMBL1909126";"DRUGMATRIX: Chemokine CCR5 radioligand binding (ligand: [125I] MIP-1alpha)";"B";"BAO_0000249";"cell membrane format";"None";"None";"None";"HEK293";"Membrane";"";"";"";"CHEMBL274";"C-C chemokine receptor type 5";"Homo sapiens";"SINGLE PROTEIN";"CHEMBL1909046";"15";"DrugMatrix";"";"";"CHEMBL3307715";"";"";"Not Active";""
"CHEMBL1024";"IFOSFAMIDE";"4.0";"261.09";"0";"1.88";"IFOSFAMIDE";"O=P1(NCCCl)OCCCN1CCCl";"Ki";"";"";"";"";"";"Inhibition < 50% @ 10 uM and thus dose-reponse curve not measured";"";"";"";"";"";"0";"CHEMBL1909126";"DRUGMATRIX: Chemokine CCR5 radioligand binding (ligand: [125I] MIP-1alpha)";"B";"BAO_0000249";"cell membrane format";"None";"None";"None";"HEK293";"Membrane";"";"";"";"CHEMBL274";"C-C chemokine receptor type 5";"Homo sapiens";"SINGLE PROTEIN";"CHEMBL1909046";"15";"DrugMatrix";"";"";"CHEMBL3307715";"";"";"Not Active";""
"CHEMBL337340";"";"None";"547.93";"2";"5.44";"27";"CO/N=C(/c1ccc(Br)cc1)C1CCN(C2(C)CCN(C(=O)c3c(N)cccc3Cl)CC2)CC1";"Ki";"'='";"3.4";"nM";"8.47";"";"";"UO_0000065";"15.46";"0.34";"3.03";"11.90";"0";"CHEMBL649945";"Inhibition of RANTES binding to the human C-C chemokine receptor type 5 (CCR5)";"B";"BAO_0000357";"single protein format";"None";"None";"None";"None";"None";"";"";"";"CHEMBL274";"C-C chemokine receptor type 5";"Homo sapiens";"SINGLE PROTEIN";"CHEMBL1144903";"1";"Scientific Literature";"J Med Chem";"2003";"None";"";"";"";"3.4"
"CHEMBL138975";"";"None";"554.57";"2";"6.60";"23";"Cc1cccc(C)c1C(=O)N1CCC(C)(N2CCC(/C(=N\OC(C)C)c3ccc(Br)cc3)CC2)CC1";"Ki";"'='";"4.0";"nM";"8.40";"";"";"UO_0000065";"15.14";"0.32";"1.80";"18.60";"0";"CHEMBL649945";"Inhibition of RANTES binding to the human C-C chemokine receptor type 5 (CCR5)";"B";"BAO_0000357";"single protein format";"None";"None";"None";"None";"None";"";"";"";"CHEMBL274";"C-C chemokine receptor type 5";"Homo sapiens";"SINGLE PROTEIN";"CHEMBL1144903";"1";"Scientific Literature";"J Med Chem";"2003";"None";"";"";"";"4.0"
"CHEMBL112299";"";"None";"513.70";"1";"3.87";"17b";"Cc1cccc(O)c1C(=O)N1CCC(C)(N2CCN([C@@H](C)c3ccc(S(C)(=O)=O)cc3)[C@@H](C)C2)CC1";"Ki";"'='";"15.0";"nM";"7.82";"";"";"UO_0000065";"15.23";"0.30";"3.95";"9.64";"0";"CHEMBL649956";"Binding affinity towards C-C chemokine receptor type 5";"B";"BAO_0000357";"single protein format";"None";"None";"None";"None";"None";"";"";"";"CHEMBL274";"C-C chemokine receptor type 5";"Homo sapiens";"SINGLE PROTEIN";"CHEMBL1134622";"1";"Scientific Literature";"J Med Chem";"2001";"None";"";"";"";"15.0"
"CHEMBL322251";"";"None";"518.62";"1";"4.72";"1";"Cc1cc[n+]([O-])c(C)c1C(=O)N1CCC(C)(N2CCN([C@@H](C)c3ccc(C(F)(F)F)cc3)[C@@H](C)C2)CC1";"Ki";"'='";"7.0";"nM";"8.15";"";"";"UO_0000065";"15.72";"0.30";"3.43";"15.18";"1";"CHEMBL649953";"Ability to inhibit [125I]-labeled RANTES binding to the CCR5 receptor expressed in membrane preparations from CHO cells";"B";"BAO_0000219";"cell-based format";"None";"None";"None";"CHO";"None";"";"";"";"CHEMBL274";"C-C chemokine receptor type 5";"Homo sapiens";"SINGLE PROTEIN";"CHEMBL1136572";"1";"Scientific Literature";"Bioorg Med Chem Lett";"2003";"CHEMBL3308072";"";"";"";"7.0"
"CHEMBL418971";"BISPHENOL A";"None";"228.29";"0";"3.42";"BISPHENOL A";"CC(C)(c1ccc(O)cc1)c1ccc(O)cc1";"Ki";"";"";"";"";"";"Inhibition < 50% @ 10 uM and thus dose-reponse curve not measured";"";"";"";"";"";"0";"CHEMBL1909126";"DRUGMATRIX: Chemokine CCR5 radioligand binding (ligand: [125I] MIP-1alpha)";"B";"BAO_0000249";"cell membrane format";"None";"None";"None";"HEK293";"Membrane";"";"";"";"CHEMBL274";"C-C chemokine receptor type 5";"Homo sapiens";"SINGLE PROTEIN";"CHEMBL1909046";"15";"DrugMatrix";"";"";"CHEMBL3307715";"";"";"Not Active";""
"CHEMBL716";"QUETIAPINE";"4.0";"383.52";"0";"2.86";"QUETIAPINE";"OCCOCCN1CCN(C2=Nc3ccccc3Sc3ccccc32)CC1";"Ki";"";"";"";"";"";"Inhibition < 50% @ 10 uM and thus dose-reponse curve not measured";"";"";"";"";"";"0";"CHEMBL1909126";"DRUGMATRIX: Chemokine CCR5 radioligand binding (ligand: [125I] MIP-1alpha)";"B";"BAO_0000249";"cell membrane format";"None";"None";"None";"HEK293";"Membrane";"";"";"";"CHEMBL274";"C-C chemokine receptor type 5";"Homo sapiens";"SINGLE PROTEIN";"CHEMBL1909046";"15";"DrugMatrix";"";"";"CHEMBL3307715";"";"";"Not Active";""
"CHEMBL1630579";"MYRTECAINE";"2.0";"265.44";"0";"3.73";"MYRTECAINE";"CCN(CC)CCOCCC1=CCC2CC1C2(C)C";"Ki";"";"";"";"";"";"Inhibition < 50% @ 10 uM and thus dose-reponse curve not measured";"";"";"";"";"";"0";"CHEMBL1909126";"DRUGMATRIX: Chemokine CCR5 radioligand binding (ligand: [125I] MIP-1alpha)";"B";"BAO_0000249";"cell membrane format";"None";"None";"None";"HEK293";"Membrane";"";"";"";"CHEMBL274";"C-C chemokine receptor type 5";"Homo sapiens";"SINGLE PROTEIN";"CHEMBL1909046";"15";"DrugMatrix";"";"";"CHEMBL3307715";"";"";"Not Active";""
"CHEMBL565";"CLOFIBRATE";"4.0";"242.70";"0";"3.06";"CLOFIBRATE";"CCOC(=O)C(C)(C)Oc1ccc(Cl)cc1";"Ki";"";"";"";"";"";"Inhibition < 50% @ 10 uM and thus dose-reponse curve not measured";"";"";"";"";"";"0";"CHEMBL1909126";"DRUGMATRIX: Chemokine CCR5 radioligand binding (ligand: [125I] MIP-1alpha)";"B";"BAO_0000249";"cell membrane format";"None";"None";"None";"HEK293";"Membrane";"";"";"";"CHEMBL274";"C-C chemokine receptor type 5";"Homo sapiens";"SINGLE PROTEIN";"CHEMBL1909046";"15";"DrugMatrix";"";"";"CHEMBL3307715";"";"";"Not Active";""
"CHEMBL1198";"PRAMOXINE";"4.0";"293.41";"0";"2.97";"PRAMOXINE";"CCCCOc1ccc(OCCCN2CCOCC2)cc1";"Ki";"";"";"";"";"";"Inhibition < 50% @ 10 uM and thus dose-reponse curve not measured";"";"";"";"";"";"0";"CHEMBL1909126";"DRUGMATRIX: Chemokine CCR5 radioligand binding (ligand: [125I] MIP-1alpha)";"B";"BAO_0000249";"cell membrane format";"None";"None";"None";"HEK293";"Membrane";"";"";"";"CHEMBL274";"C-C chemokine receptor type 5";"Homo sapiens";"SINGLE PROTEIN";"CHEMBL1909046";"15";"DrugMatrix";"";"";"CHEMBL3307715";"";"";"Not Active";""
"CHEMBL1619";"CLADRIBINE";"4.0";"285.69";"0";"-0.30";"CLADRIBINE";"Nc1nc(Cl)nc2c1ncn2[C@H]1C[C@H](O)[C@@H](CO)O1";"Ki";"";"";"";"";"";"Inhibition < 50% @ 10 uM and thus dose-reponse curve not measured";"";"";"";"";"";"0";"CHEMBL1909126";"DRUGMATRIX: Chemokine CCR5 radioligand binding (ligand: [125I] MIP-1alpha)";"B";"BAO_0000249";"cell membrane format";"None";"None";"None";"HEK293";"Membrane";"";"";"";"CHEMBL274";"C-C chemokine receptor type 5";"Homo sapiens";"SINGLE PROTEIN";"CHEMBL1909046";"15";"DrugMatrix";"";"";"CHEMBL3307715";"";"";"Not Active";""
"CHEMBL433257";"HARRINGTONINE";"None";"531.60";"1";"2.19";"HARRINGTONINE";"COC(=O)C[C@](O)(CCC(C)(C)O)C(=O)O[C@@H]1C(OC)=C[C@]23CCCN2CCc2cc4c(cc2[C@H]13)OCO4";"Ki";"";"";"";"";"";"Inhibition < 50% @ 10 uM and thus dose-reponse curve not measured";"";"";"";"";"";"0";"CHEMBL1909126";"DRUGMATRIX: Chemokine CCR5 radioligand binding (ligand: [125I] MIP-1alpha)";"B";"BAO_0000249";"cell membrane format";"None";"None";"None";"HEK293";"Membrane";"";"";"";"CHEMBL274";"C-C chemokine receptor type 5";"Homo sapiens";"SINGLE PROTEIN";"CHEMBL1909046";"15";"DrugMatrix";"";"";"CHEMBL3307715";"";"";"Not Active";""
"CHEMBL1201216";"DAPIPRAZOLE";"4.0";"325.46";"0";"2.29";"DAPIPRAZOLE";"Cc1ccccc1N1CCN(CCc2nnc3n2CCCC3)CC1";"Ki";"";"";"";"";"";"Inhibition < 50% @ 10 uM and thus dose-reponse curve not measured";"";"";"";"";"";"0";"CHEMBL1909126";"DRUGMATRIX: Chemokine CCR5 radioligand binding (ligand: [125I] MIP-1alpha)";"B";"BAO_0000249";"cell membrane format";"None";"None";"None";"HEK293";"Membrane";"";"";"";"CHEMBL274";"C-C chemokine receptor type 5";"Homo sapiens";"SINGLE PROTEIN";"CHEMBL1909046";"15";"DrugMatrix";"";"";"CHEMBL3307715";"";"";"Not Active";""
"CHEMBL458019";"PARAQUAT DICHLORIDE";"None";"257.16";"0";"1.00";"PARAQUAT DICHLORIDE";"C[n+]1ccc(-c2cc[n+](C)cc2)cc1.[Cl-].[Cl-]";"Ki";"";"";"";"";"";"Inhibition < 50% @ 10 uM and thus dose-reponse curve not measured";"";"";"";"";"";"0";"CHEMBL1909126";"DRUGMATRIX: Chemokine CCR5 radioligand binding (ligand: [125I] MIP-1alpha)";"B";"BAO_0000249";"cell membrane format";"None";"None";"None";"HEK293";"Membrane";"";"";"";"CHEMBL274";"C-C chemokine receptor type 5";"Homo sapiens";"SINGLE PROTEIN";"CHEMBL1909046";"15";"DrugMatrix";"";"";"CHEMBL3307715";"";"";"Not Active";""
"CHEMBL1201012";"FLURANDRENOLIDE";"4.0";"436.52";"0";"2.50";"FLURANDRENOLIDE";"CC1(C)O[C@@H]2C[C@H]3[C@@H]4C[C@H](F)C5=CC(=O)CC[C@]5(C)[C@H]4[C@@H](O)C[C@]3(C)[C@]2(C(=O)CO)O1";"Ki";"";"";"";"";"";"Inhibition < 50% @ 10 uM and thus dose-reponse curve not measured";"";"";"";"";"";"0";"CHEMBL1909126";"DRUGMATRIX: Chemokine CCR5 radioligand binding (ligand: [125I] MIP-1alpha)";"B";"BAO_0000249";"cell membrane format";"None";"None";"None";"HEK293";"Membrane";"";"";"";"CHEMBL274";"C-C chemokine receptor type 5";"Homo sapiens";"SINGLE PROTEIN";"CHEMBL1909046";"15";"DrugMatrix";"";"";"CHEMBL3307715";"";"";"Not Active";""
"CHEMBL1754";"DOXAPRAM";"4.0";"378.52";"0";"3.17";"DOXAPRAM";"CCN1CC(CCN2CCOCC2)C(c2ccccc2)(c2ccccc2)C1=O";"Ki";"";"";"";"";"";"Inhibition < 50% @ 10 uM and thus dose-reponse curve not measured";"";"";"";"";"";"0";"CHEMBL1909126";"DRUGMATRIX: Chemokine CCR5 radioligand binding (ligand: [125I] MIP-1alpha)";"B";"BAO_0000249";"cell membrane format";"None";"None";"None";"HEK293";"Membrane";"";"";"";"CHEMBL274";"C-C chemokine receptor type 5";"Homo sapiens";"SINGLE PROTEIN";"CHEMBL1909046";"15";"DrugMatrix";"";"";"CHEMBL3307715";"";"";"Not Active";""
"CHEMBL107";"COLCHICINE";"4.0";"399.44";"0";"2.87";"SID49718107";"COc1cc2c(c(OC)c1OC)-c1ccc(OC)c(=O)cc1[C@@H](NC(C)=O)CC2";"Ki";"";"";"";"";"";"Inhibition < 50% @ 10 uM and thus dose-reponse curve not measured";"";"";"";"";"";"0";"CHEMBL1909126";"DRUGMATRIX: Chemokine CCR5 radioligand binding (ligand: [125I] MIP-1alpha)";"B";"BAO_0000249";"cell membrane format";"None";"None";"None";"HEK293";"Membrane";"";"";"";"CHEMBL274";"C-C chemokine receptor type 5";"Homo sapiens";"SINGLE PROTEIN";"CHEMBL1909046";"15";"DrugMatrix";"";"";"CHEMBL3307715";"";"";"Not Active";""
"CHEMBL428880";"CROMOLYN";"4.0";"468.37";"0";"2.11";"CROMOLYN";"O=C(O)c1cc(=O)c2c(OCC(O)COc3cccc4oc(C(=O)O)cc(=O)c34)cccc2o1";"Ki";"";"";"";"";"";"Inhibition < 50% @ 10 uM and thus dose-reponse curve not measured";"";"";"";"";"";"0";"CHEMBL1909126";"DRUGMATRIX: Chemokine CCR5 radioligand binding (ligand: [125I] MIP-1alpha)";"B";"BAO_0000249";"cell membrane format";"None";"None";"None";"HEK293";"Membrane";"";"";"";"CHEMBL274";"C-C chemokine receptor type 5";"Homo sapiens";"SINGLE PROTEIN";"CHEMBL1909046";"15";"DrugMatrix";"";"";"CHEMBL3307715";"";"";"Not Active";""
"CHEMBL47244";"PICROTOXININ";"None";"292.29";"0";"-0.06";"COCCULIN";"C=C(C)[C@@H]1[C@H]2OC(=O)[C@@H]1[C@]1(O)C[C@H]3O[C@]34C(=O)O[C@H]2[C@]14C";"Ki";"";"";"";"";"";"Inhibition < 50% @ 10 uM and thus dose-reponse curve not measured";"";"";"";"";"";"0";"CHEMBL1909126";"DRUGMATRIX: Chemokine CCR5 radioligand binding (ligand: [125I] MIP-1alpha)";"B";"BAO_0000249";"cell membrane format";"None";"None";"None";"HEK293";"Membrane";"";"";"";"CHEMBL274";"C-C chemokine receptor type 5";"Homo sapiens";"SINGLE PROTEIN";"CHEMBL1909046";"15";"DrugMatrix";"";"";"CHEMBL3307715";"";"";"Not Active";""
"CHEMBL1752";"DYPHYLLINE";"4.0";"254.25";"0";"-2.21";"DYPHYLLINE";"Cn1c(=O)c2c(ncn2CC(O)CO)n(C)c1=O";"Ki";"";"";"";"";"";"Inhibition < 50% @ 10 uM and thus dose-reponse curve not measured";"";"";"";"";"";"0";"CHEMBL1909126";"DRUGMATRIX: Chemokine CCR5 radioligand binding (ligand: [125I] MIP-1alpha)";"B";"BAO_0000249";"cell membrane format";"None";"None";"None";"HEK293";"Membrane";"";"";"";"CHEMBL274";"C-C chemokine receptor type 5";"Homo sapiens";"SINGLE PROTEIN";"CHEMBL1909046";"15";"DrugMatrix";"";"";"CHEMBL3307715";"";"";"Not Active";""
"CHEMBL35";"FUROSEMIDE";"4.0";"330.75";"0";"1.89";"FUROSEMIDE";"NS(=O)(=O)c1cc(C(=O)O)c(NCc2ccco2)cc1Cl";"Ki";"";"";"";"";"";"Inhibition < 50% @ 10 uM and thus dose-reponse curve not measured";"";"";"";"";"";"0";"CHEMBL1909126";"DRUGMATRIX: Chemokine CCR5 radioligand binding (ligand: [125I] MIP-1alpha)";"B";"BAO_0000249";"cell membrane format";"None";"None";"None";"HEK293";"Membrane";"";"";"";"CHEMBL274";"C-C chemokine receptor type 5";"Homo sapiens";"SINGLE PROTEIN";"CHEMBL1909046";"15";"DrugMatrix";"";"";"CHEMBL3307715";"";"";"Not Active";""
"CHEMBL1200585";"OXYMETHOLONE";"4.0";"332.48";"0";"4.40";"OXYMETHOLONE";"C[C@]12C/C(=C/O)C(=O)C[C@@H]1CC[C@@H]1[C@@H]2CC[C@@]2(C)[C@H]1CC[C@]2(C)O";"Ki";"";"";"";"";"";"Inhibition < 50% @ 10 uM and thus dose-reponse curve not measured";"";"";"";"";"";"0";"CHEMBL1909126";"DRUGMATRIX: Chemokine CCR5 radioligand binding (ligand: [125I] MIP-1alpha)";"B";"BAO_0000249";"cell membrane format";"None";"None";"None";"HEK293";"Membrane";"";"";"";"CHEMBL274";"C-C chemokine receptor type 5";"Homo sapiens";"SINGLE PROTEIN";"CHEMBL1909046";"15";"DrugMatrix";"";"";"CHEMBL3307715";"";"";"Not Active";""
"CHEMBL241694";"ETHISTERONE";"3.0";"312.45";"0";"3.88";"ETHISTERONE";"C#C[C@]1(O)CC[C@H]2[C@@H]3CCC4=CC(=O)CC[C@]4(C)[C@H]3CC[C@@]21C";"Ki";"";"";"";"";"";"Inhibition < 50% @ 10 uM and thus dose-reponse curve not measured";"";"";"";"";"";"0";"CHEMBL1909126";"DRUGMATRIX: Chemokine CCR5 radioligand binding (ligand: [125I] MIP-1alpha)";"B";"BAO_0000249";"cell membrane format";"None";"None";"None";"HEK293";"Membrane";"";"";"";"CHEMBL274";"C-C chemokine receptor type 5";"Homo sapiens";"SINGLE PROTEIN";"CHEMBL1909046";"15";"DrugMatrix";"";"";"CHEMBL3307715";"";"";"Not Active";""
"CHEMBL254219";"DIGITOXIN";"4.0";"764.95";"2";"3.25";"DIGITOXIN";"C[C@H]1O[C@@H](O[C@H]2[C@@H](O)C[C@H](O[C@H]3[C@@H](O)C[C@H](O[C@H]4CC[C@@]5(C)[C@H](CC[C@@H]6[C@@H]5CC[C@]5(C)[C@@H](C7=CC(=O)OC7)CC[C@]65O)C4)O[C@@H]3C)O[C@@H]2C)C[C@H](O)[C@@H]1O";"Ki";"";"";"";"";"";"Inhibition < 50% @ 10 uM and thus dose-reponse curve not measured";"";"";"";"";"";"0";"CHEMBL1909126";"DRUGMATRIX: Chemokine CCR5 radioligand binding (ligand: [125I] MIP-1alpha)";"B";"BAO_0000249";"cell membrane format";"None";"None";"None";"HEK293";"Membrane";"";"";"";"CHEMBL274";"C-C chemokine receptor type 5";"Homo sapiens";"SINGLE PROTEIN";"CHEMBL1909046";"15";"DrugMatrix";"";"";"CHEMBL3307715";"";"";"Not Active";""
"CHEMBL1200623";"ETHYLESTRENOL";"4.0";"288.48";"1";"5.09";"ETHYLESTRENOL";"CC[C@]1(O)CC[C@H]2[C@@H]3CCC4=CCCC[C@@H]4[C@H]3CC[C@@]21C";"Ki";"";"";"";"";"";"Inhibition < 50% @ 10 uM and thus dose-reponse curve not measured";"";"";"";"";"";"0";"CHEMBL1909126";"DRUGMATRIX: Chemokine CCR5 radioligand binding (ligand: [125I] MIP-1alpha)";"B";"BAO_0000249";"cell membrane format";"None";"None";"None";"HEK293";"Membrane";"";"";"";"CHEMBL274";"C-C chemokine receptor type 5";"Homo sapiens";"SINGLE PROTEIN";"CHEMBL1909046";"15";"DrugMatrix";"";"";"CHEMBL3307715";"";"";"Not Active";""
"CHEMBL710";"FINASTERIDE";"4.0";"372.55";"0";"3.81";"FINASTERIDE";"CC(C)(C)NC(=O)[C@H]1CC[C@H]2[C@@H]3CC[C@H]4NC(=O)C=C[C@]4(C)[C@H]3CC[C@]12C";"Ki";"";"";"";"";"";"Inhibition < 50% @ 10 uM and thus dose-reponse curve not measured";"";"";"";"";"";"0";"CHEMBL1909126";"DRUGMATRIX: Chemokine CCR5 radioligand binding (ligand: [125I] MIP-1alpha)";"B";"BAO_0000249";"cell membrane format";"None";"None";"None";"HEK293";"Membrane";"";"";"";"CHEMBL274";"C-C chemokine receptor type 5";"Homo sapiens";"SINGLE PROTEIN";"CHEMBL1909046";"15";"DrugMatrix";"";"";"CHEMBL3307715";"";"";"Not Active";""
"CHEMBL515";"CHLORAMBUCIL";"4.0";"304.22";"0";"3.38";"CHLORAMBUCIL";"O=C(O)CCCc1ccc(N(CCCl)CCCl)cc1";"Ki";"";"";"";"";"";"Inhibition < 50% @ 10 uM and thus dose-reponse curve not measured";"";"";"";"";"";"0";"CHEMBL1909126";"DRUGMATRIX: Chemokine CCR5 radioligand binding (ligand: [125I] MIP-1alpha)";"B";"BAO_0000249";"cell membrane format";"None";"None";"None";"HEK293";"Membrane";"";"";"";"CHEMBL274";"C-C chemokine receptor type 5";"Homo sapiens";"SINGLE PROTEIN";"CHEMBL1909046";"15";"DrugMatrix";"";"";"CHEMBL3307715";"";"";"Not Active";""
"CHEMBL9";"NORFLOXACIN";"4.0";"319.34";"0";"1.27";"NORFLOXACIN";"CCn1cc(C(=O)O)c(=O)c2cc(F)c(N3CCNCC3)cc21";"Ki";"";"";"";"";"";"Inhibition < 50% @ 10 uM and thus dose-reponse curve not measured";"";"";"";"";"";"0";"CHEMBL1909126";"DRUGMATRIX: Chemokine CCR5 radioligand binding (ligand: [125I] MIP-1alpha)";"B";"BAO_0000249";"cell membrane format";"None";"None";"None";"HEK293";"Membrane";"";"";"";"CHEMBL274";"C-C chemokine receptor type 5";"Homo sapiens";"SINGLE PROTEIN";"CHEMBL1909046";"15";"DrugMatrix";"";"";"CHEMBL3307715";"";"";"Not Active";""
"CHEMBL1413";"CICLOPIROX";"4.0";"207.27";"0";"2.44";"CICLOPIROX";"Cc1cc(C2CCCCC2)n(O)c(=O)c1";"Ki";"";"";"";"";"";"Inhibition < 50% @ 10 uM and thus dose-reponse curve not measured";"";"";"";"";"";"0";"CHEMBL1909126";"DRUGMATRIX: Chemokine CCR5 radioligand binding (ligand: [125I] MIP-1alpha)";"B";"BAO_0000249";"cell membrane format";"None";"None";"None";"HEK293";"Membrane";"";"";"";"CHEMBL274";"C-C chemokine receptor type 5";"Homo sapiens";"SINGLE PROTEIN";"CHEMBL1909046";"15";"DrugMatrix";"";"";"CHEMBL3307715";"";"";"Not Active";""
"CHEMBL472";"GLYBURIDE";"4.0";"494.01";"0";"3.64";"GLYBURIDE";"COc1ccc(Cl)cc1C(=O)NCCc1ccc(S(=O)(=O)NC(=O)NC2CCCCC2)cc1";"Ki";"";"";"";"";"";"Inhibition < 50% @ 10 uM and thus dose-reponse curve not measured";"";"";"";"";"";"0";"CHEMBL1909126";"DRUGMATRIX: Chemokine CCR5 radioligand binding (ligand: [125I] MIP-1alpha)";"B";"BAO_0000249";"cell membrane format";"None";"None";"None";"HEK293";"Membrane";"";"";"";"CHEMBL274";"C-C chemokine receptor type 5";"Homo sapiens";"SINGLE PROTEIN";"CHEMBL1909046";"15";"DrugMatrix";"";"";"CHEMBL3307715";"";"";"Not Active";""
"CHEMBL1902627";"CLORPRENALINE";"2.0";"213.71";"0";"2.37";"CLORPRENALINE";"CC(C)NCC(O)c1ccccc1Cl";"Ki";"";"";"";"";"";"Inhibition < 50% @ 10 uM and thus dose-reponse curve not measured";"";"";"";"";"";"0";"CHEMBL1909126";"DRUGMATRIX: Chemokine CCR5 radioligand binding (ligand: [125I] MIP-1alpha)";"B";"BAO_0000249";"cell membrane format";"None";"None";"None";"HEK293";"Membrane";"";"";"";"CHEMBL274";"C-C chemokine receptor type 5";"Homo sapiens";"SINGLE PROTEIN";"CHEMBL1909046";"15";"DrugMatrix";"";"";"CHEMBL3307715";"";"";"Not Active";""
"CHEMBL160";"CYCLOSPORINE";"4.0";"1202.63";"None";"None";"CYCLOSPORIN A";"C/C=C/C[C@@H](C)[C@@H](O)[C@H]1C(=O)N[C@@H](CC)C(=O)N(C)CC(=O)N(C)[C@@H](CC(C)C)C(=O)N[C@@H](C(C)C)C(=O)N(C)[C@@H](CC(C)C)C(=O)N[C@@H](C)C(=O)N[C@H](C)C(=O)N(C)[C@@H](CC(C)C)C(=O)N(C)[C@@H](CC(C)C)C(=O)N(C)[C@@H](C(C)C)C(=O)N1C";"Ki";"";"";"";"";"";"Inhibition < 50% @ 10 uM and thus dose-reponse curve not measured";"";"";"";"";"";"0";"CHEMBL1909126";"DRUGMATRIX: Chemokine CCR5 radioligand binding (ligand: [125I] MIP-1alpha)";"B";"BAO_0000249";"cell membrane format";"None";"None";"None";"HEK293";"Membrane";"";"";"";"CHEMBL274";"C-C chemokine receptor type 5";"Homo sapiens";"SINGLE PROTEIN";"CHEMBL1909046";"15";"DrugMatrix";"";"";"CHEMBL3307715";"";"";"Not Active";""
"CHEMBL1554";"DACTINOMYCIN";"4.0";"1255.44";"None";"None";"DACTINOMYCIN";"Cc1c2oc3c(C)ccc(C(=O)N[C@@H]4C(=O)N[C@H](C(C)C)C(=O)N5CCC[C@H]5C(=O)N(C)CC(=O)N(C)[C@@H](C(C)C)C(=O)O[C@@H]4C)c3nc-2c(C(=O)N[C@@H]2C(=O)N[C@H](C(C)C)C(=O)N3CCC[C@H]3C(=O)N(C)CC(=O)N(C)[C@@H](C(C)C)C(=O)O[C@@H]2C)c(N)c1=O";"Ki";"";"";"";"";"";"Inhibition < 50% @ 10 uM and thus dose-reponse curve not measured";"";"";"";"";"";"0";"CHEMBL1909126";"DRUGMATRIX: Chemokine CCR5 radioligand binding (ligand: [125I] MIP-1alpha)";"B";"BAO_0000249";"cell membrane format";"None";"None";"None";"HEK293";"Membrane";"";"";"";"CHEMBL274";"C-C chemokine receptor type 5";"Homo sapiens";"SINGLE PROTEIN";"CHEMBL1909046";"15";"DrugMatrix";"";"";"CHEMBL3307715";"";"";"Not Active";""
"CHEMBL404271";"ACARBOSE";"4.0";"645.61";"3";"-8.56";"ACARBOSE";"C[C@H]1O[C@H](O[C@H]2[C@H](O)[C@@H](O)[C@@H](O[C@H]3[C@H](O)[C@@H](O)C(O)O[C@@H]3CO)O[C@@H]2CO)[C@H](O)[C@@H](O)[C@@H]1N[C@H]1C=C(CO)[C@@H](O)[C@H](O)[C@H]1O";"Ki";"";"";"";"";"";"Inhibition < 50% @ 10 uM and thus dose-reponse curve not measured";"";"";"";"";"";"0";"CHEMBL1909126";"DRUGMATRIX: Chemokine CCR5 radioligand binding (ligand: [125I] MIP-1alpha)";"B";"BAO_0000249";"cell membrane format";"None";"None";"None";"HEK293";"Membrane";"";"";"";"CHEMBL274";"C-C chemokine receptor type 5";"Homo sapiens";"SINGLE PROTEIN";"CHEMBL1909046";"15";"DrugMatrix";"";"";"CHEMBL3307715";"";"";"Not Active";""
"CHEMBL67563";"";"None";"589.76";"1";"4.85";"13d";"Cc1cccc(C)c1C(=O)N1CCC(N2CCN([C@@H](C)c3ccc(S(=O)(=O)c4ccc5c(c4)OCO5)cc3)CC2)CC1";"Ki";"'='";"442.0";"nM";"6.36";"";"";"UO_0000065";"10.77";"0.21";"1.50";"8.00";"0";"CHEMBL649954";"Inhibition of [125I]-labeled RANTES binding to C-C chemokine receptor type 5";"B";"BAO_0000357";"single protein format";"None";"None";"None";"None";"None";"";"";"";"CHEMBL274";"C-C chemokine receptor type 5";"Homo sapiens";"SINGLE PROTEIN";"CHEMBL1133909";"1";"Scientific Literature";"Bioorg Med Chem Lett";"2001";"None";"";"";"";"442.0"
"CHEMBL878";"METOLAZONE";"4.0";"365.84";"0";"2.71";"METOLAZONE";"Cc1ccccc1N1C(=O)c2cc(S(N)(=O)=O)c(Cl)cc2NC1C";"Ki";"";"";"";"";"";"Inhibition < 50% @ 10 uM and thus dose-reponse curve not measured";"";"";"";"";"";"0";"CHEMBL1909126";"DRUGMATRIX: Chemokine CCR5 radioligand binding (ligand: [125I] MIP-1alpha)";"B";"BAO_0000249";"cell membrane format";"None";"None";"None";"HEK293";"Membrane";"";"";"";"CHEMBL274";"C-C chemokine receptor type 5";"Homo sapiens";"SINGLE PROTEIN";"CHEMBL1909046";"15";"DrugMatrix";"";"";"CHEMBL3307715";"";"";"Not Active";""
"CHEMBL498";"CHLORPROPAMIDE";"4.0";"276.75";"0";"1.74";"CHLORPROPAMIDE";"CCCNC(=O)NS(=O)(=O)c1ccc(Cl)cc1";"Ki";"";"";"";"";"";"Inhibition < 50% @ 10 uM and thus dose-reponse curve not measured";"";"";"";"";"";"0";"CHEMBL1909126";"DRUGMATRIX: Chemokine CCR5 radioligand binding (ligand: [125I] MIP-1alpha)";"B";"BAO_0000249";"cell membrane format";"None";"None";"None";"HEK293";"Membrane";"";"";"";"CHEMBL274";"C-C chemokine receptor type 5";"Homo sapiens";"SINGLE PROTEIN";"CHEMBL1909046";"15";"DrugMatrix";"";"";"CHEMBL3307715";"";"";"Not Active";""
"CHEMBL264374";"BEZAFIBRATE";"3.0";"361.83";"0";"3.55";"BEZAFIBRATE";"CC(C)(Oc1ccc(CCNC(=O)c2ccc(Cl)cc2)cc1)C(=O)O";"Ki";"";"";"";"";"";"Inhibition < 50% @ 10 uM and thus dose-reponse curve not measured";"";"";"";"";"";"0";"CHEMBL1909126";"DRUGMATRIX: Chemokine CCR5 radioligand binding (ligand: [125I] MIP-1alpha)";"B";"BAO_0000249";"cell membrane format";"None";"None";"None";"HEK293";"Membrane";"";"";"";"CHEMBL274";"C-C chemokine receptor type 5";"Homo sapiens";"SINGLE PROTEIN";"CHEMBL1909046";"15";"DrugMatrix";"";"";"CHEMBL3307715";"";"";"Not Active";""
"CHEMBL72";"DESIPRAMINE";"4.0";"266.39";"0";"3.53";"DESIPRAMINE";"CNCCCN1c2ccccc2CCc2ccccc21";"Ki";"";"";"";"";"";"Inhibition < 50% @ 10 uM and thus dose-reponse curve not measured";"";"";"";"";"";"0";"CHEMBL1909126";"DRUGMATRIX: Chemokine CCR5 radioligand binding (ligand: [125I] MIP-1alpha)";"B";"BAO_0000249";"cell membrane format";"None";"None";"None";"HEK293";"Membrane";"";"";"";"CHEMBL274";"C-C chemokine receptor type 5";"Homo sapiens";"SINGLE PROTEIN";"CHEMBL1909046";"15";"DrugMatrix";"";"";"CHEMBL3307715";"";"";"Not Active";""
"CHEMBL702";"PIPERACILLIN";"4.0";"517.56";"1";"-0.24";"PIPERACILLIN";"CCN1CCN(C(=O)N[C@@H](C(=O)N[C@@H]2C(=O)N3[C@@H]2SC(C)(C)[C@@H]3C(=O)O)c2ccccc2)C(=O)C1=O";"Ki";"";"";"";"";"";"Inhibition < 50% @ 10 uM and thus dose-reponse curve not measured";"";"";"";"";"";"0";"CHEMBL1909126";"DRUGMATRIX: Chemokine CCR5 radioligand binding (ligand: [125I] MIP-1alpha)";"B";"BAO_0000249";"cell membrane format";"None";"None";"None";"HEK293";"Membrane";"";"";"";"CHEMBL274";"C-C chemokine receptor type 5";"Homo sapiens";"SINGLE PROTEIN";"CHEMBL1909046";"15";"DrugMatrix";"";"";"CHEMBL3307715";"";"";"Not Active";""
"CHEMBL113648";"";"None";"531.48";"1";"4.72";"8b";"Cc1cccc(C)c1C(=O)N1CCC(C)(N2CCN(Cc3ccc(I)cc3)CC2)CC1";"Ki";"'='";"62.0";"nM";"7.21";"";"";"UO_0000065";"13.56";"0.32";"2.49";"26.90";"0";"CHEMBL649956";"Binding affinity towards C-C chemokine receptor type 5";"B";"BAO_0000357";"single protein format";"None";"None";"None";"None";"None";"";"";"";"CHEMBL274";"C-C chemokine receptor type 5";"Homo sapiens";"SINGLE PROTEIN";"CHEMBL1134622";"1";"Scientific Literature";"J Med Chem";"2001";"None";"";"";"";"62.0"
"CHEMBL1771";"CLOPIDOGREL";"4.0";"321.83";"0";"3.67";"CLOPIDOGREL";"COC(=O)[C@H](c1ccccc1Cl)N1CCc2sccc2C1";"Ki";"";"";"";"";"";"Inhibition < 50% @ 10 uM and thus dose-reponse curve not measured";"";"";"";"";"";"0";"CHEMBL1909126";"DRUGMATRIX: Chemokine CCR5 radioligand binding (ligand: [125I] MIP-1alpha)";"B";"BAO_0000249";"cell membrane format";"None";"None";"None";"HEK293";"Membrane";"";"";"";"CHEMBL274";"C-C chemokine receptor type 5";"Homo sapiens";"SINGLE PROTEIN";"CHEMBL1909046";"15";"DrugMatrix";"";"";"CHEMBL3307715";"";"";"Not Active";""
"CHEMBL55";"PENTAMIDINE";"4.0";"340.43";"0";"2.88";"PENTAMIDINE";"N=C(N)c1ccc(OCCCCCOc2ccc(C(=N)N)cc2)cc1";"Ki";"";"";"";"";"";"Inhibition < 50% @ 10 uM and thus dose-reponse curve not measured";"";"";"";"";"";"0";"CHEMBL1909126";"DRUGMATRIX: Chemokine CCR5 radioligand binding (ligand: [125I] MIP-1alpha)";"B";"BAO_0000249";"cell membrane format";"None";"None";"None";"HEK293";"Membrane";"";"";"";"CHEMBL274";"C-C chemokine receptor type 5";"Homo sapiens";"SINGLE PROTEIN";"CHEMBL1909046";"15";"DrugMatrix";"";"";"CHEMBL3307715";"";"";"Not Active";""
"CHEMBL1540";"PENCICLOVIR";"4.0";"253.26";"0";"-0.90";"PENCICLOVIR";"Nc1nc(O)c2ncn(CCC(CO)CO)c2n1";"Ki";"";"";"";"";"";"Inhibition < 50% @ 10 uM and thus dose-reponse curve not measured";"";"";"";"";"";"0";"CHEMBL1909126";"DRUGMATRIX: Chemokine CCR5 radioligand binding (ligand: [125I] MIP-1alpha)";"B";"BAO_0000249";"cell membrane format";"None";"None";"None";"HEK293";"Membrane";"";"";"";"CHEMBL274";"C-C chemokine receptor type 5";"Homo sapiens";"SINGLE PROTEIN";"CHEMBL1909046";"15";"DrugMatrix";"";"";"CHEMBL3307715";"";"";"Not Active";""
"CHEMBL429";"LABETALOL";"4.0";"328.41";"0";"2.14";"LABETALOL";"CC(CCc1ccccc1)NCC(O)c1ccc(O)c(C(N)=O)c1";"Ki";"";"";"";"";"";"Inhibition < 50% @ 10 uM and thus dose-reponse curve not measured";"";"";"";"";"";"0";"CHEMBL1909126";"DRUGMATRIX: Chemokine CCR5 radioligand binding (ligand: [125I] MIP-1alpha)";"B";"BAO_0000249";"cell membrane format";"None";"None";"None";"HEK293";"Membrane";"";"";"";"CHEMBL274";"C-C chemokine receptor type 5";"Homo sapiens";"SINGLE PROTEIN";"CHEMBL1909046";"15";"DrugMatrix";"";"";"CHEMBL3307715";"";"";"Not Active";""
"CHEMBL211501";"ANTIMYCIN A";"None";"548.63";"1";"3.48";"ANTIMYCIN A";"CCCCCC[C@H]1C(=O)O[C@H](C)[C@H](NC(=O)c2cccc(NC=O)c2O)C(=O)O[C@@H](C)[C@@H]1OC(=O)CC(C)C";"Ki";"";"";"";"";"";"Inhibition < 50% @ 10 uM and thus dose-reponse curve not measured";"";"";"";"";"";"0";"CHEMBL1909126";"DRUGMATRIX: Chemokine CCR5 radioligand binding (ligand: [125I] MIP-1alpha)";"B";"BAO_0000249";"cell membrane format";"None";"None";"None";"HEK293";"Membrane";"";"";"";"CHEMBL274";"C-C chemokine receptor type 5";"Homo sapiens";"SINGLE PROTEIN";"CHEMBL1909046";"15";"DrugMatrix";"";"";"CHEMBL3307715";"";"";"Not Active";""
"CHEMBL527";"PIROXICAM";"4.0";"331.35";"0";"1.58";"PIROXICAM";"CN1C(C(=O)Nc2ccccn2)=C(O)c2ccccc2S1(=O)=O";"Ki";"";"";"";"";"";"Inhibition < 50% @ 10 uM and thus dose-reponse curve not measured";"";"";"";"";"";"0";"CHEMBL1909126";"DRUGMATRIX: Chemokine CCR5 radioligand binding (ligand: [125I] MIP-1alpha)";"B";"BAO_0000249";"cell membrane format";"None";"None";"None";"HEK293";"Membrane";"";"";"";"CHEMBL274";"C-C chemokine receptor type 5";"Homo sapiens";"SINGLE PROTEIN";"CHEMBL1909046";"15";"DrugMatrix";"";"";"CHEMBL3307715";"";"";"Not Active";""
"CHEMBL595";"PIOGLITAZONE";"4.0";"356.45";"0";"3.16";"PIOGLITAZONE";"CCc1ccc(CCOc2ccc(CC3SC(=O)NC3=O)cc2)nc1";"Ki";"";"";"";"";"";"Inhibition < 50% @ 10 uM and thus dose-reponse curve not measured";"";"";"";"";"";"0";"CHEMBL1909126";"DRUGMATRIX: Chemokine CCR5 radioligand binding (ligand: [125I] MIP-1alpha)";"B";"BAO_0000249";"cell membrane format";"None";"None";"None";"HEK293";"Membrane";"";"";"";"CHEMBL274";"C-C chemokine receptor type 5";"Homo sapiens";"SINGLE PROTEIN";"CHEMBL1909046";"15";"DrugMatrix";"";"";"CHEMBL3307715";"";"";"Not Active";""
"CHEMBL1231";"OXYBUTYNIN";"4.0";"357.49";"0";"3.34";"OXYBUTYNIN";"CCN(CC)CC#CCOC(=O)C(O)(c1ccccc1)C1CCCCC1";"Ki";"";"";"";"";"";"Inhibition < 50% @ 10 uM and thus dose-reponse curve not measured";"";"";"";"";"";"0";"CHEMBL1909126";"DRUGMATRIX: Chemokine CCR5 radioligand binding (ligand: [125I] MIP-1alpha)";"B";"BAO_0000249";"cell membrane format";"None";"None";"None";"HEK293";"Membrane";"";"";"";"CHEMBL274";"C-C chemokine receptor type 5";"Homo sapiens";"SINGLE PROTEIN";"CHEMBL1909046";"15";"DrugMatrix";"";"";"CHEMBL3307715";"";"";"Not Active";""
"CHEMBL1909073";"PIPERILATE ETHOBROMIDE";"None";"448.40";"0";"3.49";"PIPERILATE ETHOBROMIDE";"CC[N+]1(CCOC(=O)C(O)(c2ccccc2)c2ccccc2)CCCCC1.[Br-]";"Ki";"";"";"";"";"";"Inhibition < 50% @ 10 uM and thus dose-reponse curve not measured";"";"";"";"";"";"0";"CHEMBL1909126";"DRUGMATRIX: Chemokine CCR5 radioligand binding (ligand: [125I] MIP-1alpha)";"B";"BAO_0000249";"cell membrane format";"None";"None";"None";"HEK293";"Membrane";"";"";"";"CHEMBL274";"C-C chemokine receptor type 5";"Homo sapiens";"SINGLE PROTEIN";"CHEMBL1909046";"15";"DrugMatrix";"";"";"CHEMBL3307715";"";"";"Not Active";""
"CHEMBL268291";"DIMETHYLFORMAMIDE";"None";"73.10";"0";"-0.30";"N,N-DIMETHYLFORMAMIDE";"CN(C)C=O";"Ki";"";"";"";"";"";"Inhibition < 50% @ 10 uM and thus dose-reponse curve not measured";"";"";"";"";"";"0";"CHEMBL1909126";"DRUGMATRIX: Chemokine CCR5 radioligand binding (ligand: [125I] MIP-1alpha)";"B";"BAO_0000249";"cell membrane format";"None";"None";"None";"HEK293";"Membrane";"";"";"";"CHEMBL274";"C-C chemokine receptor type 5";"Homo sapiens";"SINGLE PROTEIN";"CHEMBL1909046";"15";"DrugMatrix";"";"";"CHEMBL3307715";"";"";"Not Active";""
"CHEMBL1909075";"";"None";"None";"None";"None";"QUINOLONE, CHEMI-LINZ ; CYANAMID";"";"Ki";"";"";"";"";"";"Inhibition < 50% @ 10 uM and thus dose-reponse curve not measured";"";"";"";"";"";"0";"CHEMBL1909126";"DRUGMATRIX: Chemokine CCR5 radioligand binding (ligand: [125I] MIP-1alpha)";"B";"BAO_0000249";"cell membrane format";"None";"None";"None";"HEK293";"Membrane";"";"";"";"CHEMBL274";"C-C chemokine receptor type 5";"Homo sapiens";"SINGLE PROTEIN";"CHEMBL1909046";"15";"DrugMatrix";"";"";"CHEMBL3307715";"";"";"Not Active";""
"CHEMBL140484";"";"None";"617.63";"2";"7.28";"77";"CCO/N=C(/c1ccc(Br)cc1)C1CCN(C2(C)CCN(C(=O)c3c(C)cc(-c4ccncc4)cc3C)CC2)CC1";"Ki";"'='";"0.1";"nM";"10.00";"";"";"UO_0000065";"16.19";"0.33";"2.72";"17.23";"0";"CHEMBL649945";"Inhibition of RANTES binding to the human C-C chemokine receptor type 5 (CCR5)";"B";"BAO_0000357";"single protein format";"None";"None";"None";"None";"None";"";"";"";"CHEMBL274";"C-C chemokine receptor type 5";"Homo sapiens";"SINGLE PROTEIN";"CHEMBL1144903";"1";"Scientific Literature";"J Med Chem";"2003";"None";"";"";"";"0.1"
"CHEMBL110871";"";"None";"497.52";"1";"6.58";"14";"Cc1cccc(C)c1C(=O)N1CCC(C)(N2CCC(C(C)c3ccc(Br)cc3)CC2)CC1";"Ki";"'='";"62.0";"nM";"7.21";"";"";"UO_0000065";"14.49";"0.31";"0.63";"30.61";"0";"CHEMBL649945";"Inhibition of RANTES binding to the human C-C chemokine receptor type 5 (CCR5)";"B";"BAO_0000357";"single protein format";"None";"None";"None";"None";"None";"";"";"";"CHEMBL274";"C-C chemokine receptor type 5";"Homo sapiens";"SINGLE PROTEIN";"CHEMBL1144903";"1";"Scientific Literature";"J Med Chem";"2003";"None";"";"";"";"62.0"
"CHEMBL648";"CYCLIZINE";"4.0";"266.39";"0";"3.02";"CYCLIZINE";"CN1CCN(C(c2ccccc2)c2ccccc2)CC1";"Ki";"";"";"";"";"";"Inhibition < 50% @ 10 uM and thus dose-reponse curve not measured";"";"";"";"";"";"0";"CHEMBL1909126";"DRUGMATRIX: Chemokine CCR5 radioligand binding (ligand: [125I] MIP-1alpha)";"B";"BAO_0000249";"cell membrane format";"None";"None";"None";"HEK293";"Membrane";"";"";"";"CHEMBL274";"C-C chemokine receptor type 5";"Homo sapiens";"SINGLE PROTEIN";"CHEMBL1909046";"15";"DrugMatrix";"";"";"CHEMBL3307715";"";"";"Not Active";""
"CHEMBL1231530";"BETAMIPRON";"2.0";"193.20";"0";"0.89";"BETAMIPRON";"O=C(O)CCNC(=O)c1ccccc1";"Ki";"";"";"";"";"";"Inhibition < 50% @ 10 uM and thus dose-reponse curve not measured";"";"";"";"";"";"0";"CHEMBL1909126";"DRUGMATRIX: Chemokine CCR5 radioligand binding (ligand: [125I] MIP-1alpha)";"B";"BAO_0000249";"cell membrane format";"None";"None";"None";"HEK293";"Membrane";"";"";"";"CHEMBL274";"C-C chemokine receptor type 5";"Homo sapiens";"SINGLE PROTEIN";"CHEMBL1909046";"15";"DrugMatrix";"";"";"CHEMBL3307715";"";"";"Not Active";""
"CHEMBL1440";"TETRACYCLINE";"4.0";"444.44";"1";"-0.21";"TETRACYCLINE";"CN(C)[C@@H]1C(O)=C(C(N)=O)C(=O)[C@@]2(O)C(O)=C3C(=O)c4c(O)cccc4[C@@](C)(O)[C@H]3C[C@@H]12";"Ki";"";"";"";"";"";"Inhibition < 50% @ 10 uM and thus dose-reponse curve not measured";"";"";"";"";"";"0";"CHEMBL1909126";"DRUGMATRIX: Chemokine CCR5 radioligand binding (ligand: [125I] MIP-1alpha)";"B";"BAO_0000249";"cell membrane format";"None";"None";"None";"HEK293";"Membrane";"";"";"";"CHEMBL274";"C-C chemokine receptor type 5";"Homo sapiens";"SINGLE PROTEIN";"CHEMBL1909046";"15";"DrugMatrix";"";"";"CHEMBL3307715";"";"";"Not Active";""
"CHEMBL90555";"VINCRISTINE";"4.0";"824.97";"2";"3.52";"VINCRISTINE";"CC[C@]1(O)C[C@H]2CN(CCc3c([nH]c4ccccc34)[C@@](C(=O)OC)(c3cc4c(cc3OC)N(C=O)[C@H]3[C@@](O)(C(=O)OC)[C@H](OC(C)=O)[C@]5(CC)C=CCN6CC[C@]43[C@@H]65)C2)C1";"Ki";"";"";"";"";"";"Inhibition < 50% @ 10 uM and thus dose-reponse curve not measured";"";"";"";"";"";"0";"CHEMBL1909126";"DRUGMATRIX: Chemokine CCR5 radioligand binding (ligand: [125I] MIP-1alpha)";"B";"BAO_0000249";"cell membrane format";"None";"None";"None";"HEK293";"Membrane";"";"";"";"CHEMBL274";"C-C chemokine receptor type 5";"Homo sapiens";"SINGLE PROTEIN";"CHEMBL1909046";"15";"DrugMatrix";"";"";"CHEMBL3307715";"";"";"Not Active";""
"CHEMBL16073";"PHENACETIN";"4.0";"179.22";"0";"2.04";"PHENACETIN";"CCOc1ccc(NC(C)=O)cc1";"Ki";"";"";"";"";"";"Inhibition < 50% @ 10 uM and thus dose-reponse curve not measured";"";"";"";"";"";"0";"CHEMBL1909126";"DRUGMATRIX: Chemokine CCR5 radioligand binding (ligand: [125I] MIP-1alpha)";"B";"BAO_0000249";"cell membrane format";"None";"None";"None";"HEK293";"Membrane";"";"";"";"CHEMBL274";"C-C chemokine receptor type 5";"Homo sapiens";"SINGLE PROTEIN";"CHEMBL1909046";"15";"DrugMatrix";"";"";"CHEMBL3307715";"";"";"Not Active";""
"CHEMBL772";"RESERPINE";"4.0";"608.69";"1";"4.17";"SID107574";"COC(=O)[C@H]1[C@H]2C[C@@H]3c4[nH]c5cc(OC)ccc5c4CCN3C[C@H]2C[C@@H](OC(=O)c2cc(OC)c(OC)c(OC)c2)[C@@H]1OC";"Ki";"";"";"";"";"";"Inhibition < 50% @ 10 uM and thus dose-reponse curve not measured";"";"";"";"";"";"0";"CHEMBL1909126";"DRUGMATRIX: Chemokine CCR5 radioligand binding (ligand: [125I] MIP-1alpha)";"B";"BAO_0000249";"cell membrane format";"None";"None";"None";"HEK293";"Membrane";"";"";"";"CHEMBL274";"C-C chemokine receptor type 5";"Homo sapiens";"SINGLE PROTEIN";"CHEMBL1909046";"15";"DrugMatrix";"";"";"CHEMBL3307715";"";"";"Not Active";""
"CHEMBL337820";"";"None";"571.61";"2";"5.89";"73";"Cc1nc(C(F)(F)F)nc(C)c1C(=O)N1CCC(C)(N2CCN([C@@H](C)c3ccc(C(F)(F)F)cc3)[C@@H](C)C2)CC1";"Ki";"'='";"10.0";"nM";"8.00";"";"";"UO_0000065";"14.00";"0.27";"2.11";"15.22";"0";"CHEMBL649945";"Inhibition of RANTES binding to the human C-C chemokine receptor type 5 (CCR5)";"B";"BAO_0000357";"single protein format";"None";"None";"None";"None";"None";"";"";"";"CHEMBL274";"C-C chemokine receptor type 5";"Homo sapiens";"SINGLE PROTEIN";"CHEMBL1144903";"1";"Scientific Literature";"J Med Chem";"2003";"None";"";"";"";"10.0"
"CHEMBL111982";"";"None";"517.46";"1";"4.33";"53";"Cc1cccc(C)c1C(=O)N1CCC(N2CCN(Cc3ccc(I)cc3)CC2)CC1";"Ki";"'='";"440.0";"nM";"6.36";"";"";"UO_0000065";"12.28";"0.29";"2.03";"23.73";"1";"CHEMBL649945";"Inhibition of RANTES binding to the human C-C chemokine receptor type 5 (CCR5)";"B";"BAO_0000357";"single protein format";"None";"None";"None";"None";"None";"";"";"";"CHEMBL274";"C-C chemokine receptor type 5";"Homo sapiens";"SINGLE PROTEIN";"CHEMBL1144903";"1";"Scientific Literature";"J Med Chem";"2003";"None";"";"";"";"440.0"
"CHEMBL1201237";"LEVOBUNOLOL";"4.0";"291.39";"0";"2.33";"LEVOBUNOLOL";"CC(C)(C)NC[C@H](O)COc1cccc2c1CCCC2=O";"Ki";"";"";"";"";"";"Inhibition < 50% @ 10 uM and thus dose-reponse curve not measured";"";"";"";"";"";"0";"CHEMBL1909126";"DRUGMATRIX: Chemokine CCR5 radioligand binding (ligand: [125I] MIP-1alpha)";"B";"BAO_0000249";"cell membrane format";"None";"None";"None";"HEK293";"Membrane";"";"";"";"CHEMBL274";"C-C chemokine receptor type 5";"Homo sapiens";"SINGLE PROTEIN";"CHEMBL1909046";"15";"DrugMatrix";"";"";"CHEMBL3307715";"";"";"Not Active";""
"CHEMBL1909068";"";"None";"None";"None";"None";"MC 258717";"";"Ki";"";"";"";"";"";"Inhibition < 50% @ 10 uM and thus dose-reponse curve not measured";"";"";"";"";"";"0";"CHEMBL1909126";"DRUGMATRIX: Chemokine CCR5 radioligand binding (ligand: [125I] MIP-1alpha)";"B";"BAO_0000249";"cell membrane format";"None";"None";"None";"HEK293";"Membrane";"";"";"";"CHEMBL274";"C-C chemokine receptor type 5";"Homo sapiens";"SINGLE PROTEIN";"CHEMBL1909046";"15";"DrugMatrix";"";"";"CHEMBL3307715";"";"";"Not Active";""
"CHEMBL404849";"SULOCTIDIL";"4.0";"337.57";"1";"5.56";"SULOCTIDIL";"CCCCCCCCNC(C)C(O)c1ccc(SC(C)C)cc1";"Ki";"";"";"";"";"";"Inhibition < 50% @ 10 uM and thus dose-reponse curve not measured";"";"";"";"";"";"0";"CHEMBL1909126";"DRUGMATRIX: Chemokine CCR5 radioligand binding (ligand: [125I] MIP-1alpha)";"B";"BAO_0000249";"cell membrane format";"None";"None";"None";"HEK293";"Membrane";"";"";"";"CHEMBL274";"C-C chemokine receptor type 5";"Homo sapiens";"SINGLE PROTEIN";"CHEMBL1909046";"15";"DrugMatrix";"";"";"CHEMBL3307715";"";"";"Not Active";""
"CHEMBL1909057";"COPPER(II) OXIDE";"None";"79.55";"None";"None";"COPPER(II) OXIDE";"";"Ki";"";"";"";"";"";"Inhibition < 50% @ 10 uM and thus dose-reponse curve not measured";"";"";"";"";"";"0";"CHEMBL1909126";"DRUGMATRIX: Chemokine CCR5 radioligand binding (ligand: [125I] MIP-1alpha)";"B";"BAO_0000249";"cell membrane format";"None";"None";"None";"HEK293";"Membrane";"";"";"";"CHEMBL274";"C-C chemokine receptor type 5";"Homo sapiens";"SINGLE PROTEIN";"CHEMBL1909046";"15";"DrugMatrix";"";"";"CHEMBL3307715";"";"";"Not Active";""
"CHEMBL165790";"IPRIFLAVONE";"2.0";"280.32";"0";"4.25";"IPRIFLAVONE";"CC(C)Oc1ccc2c(=O)c(-c3ccccc3)coc2c1";"Ki";"";"";"";"";"";"Inhibition < 50% @ 10 uM and thus dose-reponse curve not measured";"";"";"";"";"";"0";"CHEMBL1909126";"DRUGMATRIX: Chemokine CCR5 radioligand binding (ligand: [125I] MIP-1alpha)";"B";"BAO_0000249";"cell membrane format";"None";"None";"None";"HEK293";"Membrane";"";"";"";"CHEMBL274";"C-C chemokine receptor type 5";"Homo sapiens";"SINGLE PROTEIN";"CHEMBL1909046";"15";"DrugMatrix";"";"";"CHEMBL3307715";"";"";"Not Active";""
"CHEMBL275742";"DEXPROPRANOLOL";"2.0";"259.35";"0";"2.58";"R-(+)-PROPRANOLOL";"CC(C)NC[C@@H](O)COc1cccc2ccccc12";"Ki";"";"";"";"";"";"Inhibition < 50% @ 10 uM and thus dose-reponse curve not measured";"";"";"";"";"";"0";"CHEMBL1909126";"DRUGMATRIX: Chemokine CCR5 radioligand binding (ligand: [125I] MIP-1alpha)";"B";"BAO_0000249";"cell membrane format";"None";"None";"None";"HEK293";"Membrane";"";"";"";"CHEMBL274";"C-C chemokine receptor type 5";"Homo sapiens";"SINGLE PROTEIN";"CHEMBL1909046";"15";"DrugMatrix";"";"";"CHEMBL3307715";"";"";"Not Active";""
"CHEMBL1386";"TRANSPLATIN";"3.0";"300.05";"None";"None";"TRANS-PLATINUM(II)DIAMMINE DICHLORIDE";"";"Ki";"";"";"";"";"";"Inhibition < 50% @ 10 uM and thus dose-reponse curve not measured";"";"";"";"";"";"0";"CHEMBL1909126";"DRUGMATRIX: Chemokine CCR5 radioligand binding (ligand: [125I] MIP-1alpha)";"B";"BAO_0000249";"cell membrane format";"None";"None";"None";"HEK293";"Membrane";"";"";"";"CHEMBL274";"C-C chemokine receptor type 5";"Homo sapiens";"SINGLE PROTEIN";"CHEMBL1909046";"15";"DrugMatrix";"";"";"CHEMBL3307715";"";"";"Not Active";""
"CHEMBL437";"SULFATHIAZOLE";"4.0";"255.32";"0";"1.53";"SULFATHIAZOLE";"Nc1ccc(S(=O)(=O)Nc2nccs2)cc1";"Ki";"";"";"";"";"";"Inhibition < 50% @ 10 uM and thus dose-reponse curve not measured";"";"";"";"";"";"0";"CHEMBL1909126";"DRUGMATRIX: Chemokine CCR5 radioligand binding (ligand: [125I] MIP-1alpha)";"B";"BAO_0000249";"cell membrane format";"None";"None";"None";"HEK293";"Membrane";"";"";"";"CHEMBL274";"C-C chemokine receptor type 5";"Homo sapiens";"SINGLE PROTEIN";"CHEMBL1909046";"15";"DrugMatrix";"";"";"CHEMBL3307715";"";"";"Not Active";""
"CHEMBL1070";"NABUMETONE";"4.0";"228.29";"0";"3.37";"NABUMETONE";"COc1ccc2cc(CCC(C)=O)ccc2c1";"Ki";"";"";"";"";"";"Inhibition < 50% @ 10 uM and thus dose-reponse curve not measured";"";"";"";"";"";"0";"CHEMBL1909126";"DRUGMATRIX: Chemokine CCR5 radioligand binding (ligand: [125I] MIP-1alpha)";"B";"BAO_0000249";"cell membrane format";"None";"None";"None";"HEK293";"Membrane";"";"";"";"CHEMBL274";"C-C chemokine receptor type 5";"Homo sapiens";"SINGLE PROTEIN";"CHEMBL1909046";"15";"DrugMatrix";"";"";"CHEMBL3307715";"";"";"Not Active";""
"CHEMBL140827";"";"None";"543.46";"2";"6.17";"table 1";"C[C@H]1CN(C2(C)CCN(C(=O)c3c(Cl)cncc3Cl)CC2)CCN1[C@@H](C)c1ccc(C(F)(F)F)cc1";"Ki";"'='";"0.7";"nM";"9.15";"";"";"UO_0000065";"16.85";"0.35";"2.98";"23.07";"1";"CHEMBL649953";"Ability to inhibit [125I]-labeled RANTES binding to the CCR5 receptor expressed in membrane preparations from CHO cells";"B";"BAO_0000219";"cell-based format";"None";"None";"None";"CHO";"None";"";"";"";"CHEMBL274";"C-C chemokine receptor type 5";"Homo sapiens";"SINGLE PROTEIN";"CHEMBL1136572";"1";"Scientific Literature";"Bioorg Med Chem Lett";"2003";"CHEMBL3308072";"";"";"";"0.7"
"CHEMBL1477";"CERIVASTATIN";"4.0";"459.56";"0";"4.88";"CERIVASTATIN";"COCc1c(C(C)C)nc(C(C)C)c(/C=C/[C@@H](O)C[C@@H](O)CC(=O)O)c1-c1ccc(F)cc1";"Ki";"";"";"";"";"";"Inhibition < 50% @ 10 uM and thus dose-reponse curve not measured";"";"";"";"";"";"0";"CHEMBL1909126";"DRUGMATRIX: Chemokine CCR5 radioligand binding (ligand: [125I] MIP-1alpha)";"B";"BAO_0000249";"cell membrane format";"None";"None";"None";"HEK293";"Membrane";"";"";"";"CHEMBL274";"C-C chemokine receptor type 5";"Homo sapiens";"SINGLE PROTEIN";"CHEMBL1909046";"15";"DrugMatrix";"";"";"CHEMBL3307715";"";"";"Not Active";""
"CHEMBL1372";"OXIGLUTATIONE";"4.0";"612.64";"3";"-3.88";"GLUTATHIONE, OXIDIZED FORM";"N[C@@H](CCC(=O)N[C@@H](CSSC[C@H](NC(=O)CC[C@H](N)C(=O)O)C(=O)NCC(=O)O)C(=O)NCC(=O)O)C(=O)O";"Ki";"";"";"";"";"";"Inhibition < 50% @ 10 uM and thus dose-reponse curve not measured";"";"";"";"";"";"0";"CHEMBL1909126";"DRUGMATRIX: Chemokine CCR5 radioligand binding (ligand: [125I] MIP-1alpha)";"B";"BAO_0000249";"cell membrane format";"None";"None";"None";"HEK293";"Membrane";"";"";"";"CHEMBL274";"C-C chemokine receptor type 5";"Homo sapiens";"SINGLE PROTEIN";"CHEMBL1909046";"15";"DrugMatrix";"";"";"CHEMBL3307715";"";"";"Not Active";""
"CHEMBL1400945";"PREGNENOLONE CARBONITRILE ";"None";"341.50";"0";"4.26";"PREGNENOLONE-16ALPHA-CARBONITRILE";"CC(=O)[C@H]1[C@H](C#N)C[C@H]2[C@@H]3CC=C4C[C@@H](O)CC[C@]4(C)[C@H]3CC[C@@]21C";"Ki";"";"";"";"";"";"Inhibition < 50% @ 10 uM and thus dose-reponse curve not measured";"";"";"";"";"";"0";"CHEMBL1909126";"DRUGMATRIX: Chemokine CCR5 radioligand binding (ligand: [125I] MIP-1alpha)";"B";"BAO_0000249";"cell membrane format";"None";"None";"None";"HEK293";"Membrane";"";"";"";"CHEMBL274";"C-C chemokine receptor type 5";"Homo sapiens";"SINGLE PROTEIN";"CHEMBL1909046";"15";"DrugMatrix";"";"";"CHEMBL3307715";"";"";"Not Active";""
"CHEMBL707";"DOXAZOSIN";"4.0";"451.48";"0";"1.72";"doxazosin";"COc1cc2nc(N3CCN(C(=O)C4COc5ccccc5O4)CC3)nc(N)c2cc1OC";"Ki";"";"";"";"";"";"Inhibition < 50% @ 10 uM and thus dose-reponse curve not measured";"";"";"";"";"";"0";"CHEMBL1909126";"DRUGMATRIX: Chemokine CCR5 radioligand binding (ligand: [125I] MIP-1alpha)";"B";"BAO_0000249";"cell membrane format";"None";"None";"None";"HEK293";"Membrane";"";"";"";"CHEMBL274";"C-C chemokine receptor type 5";"Homo sapiens";"SINGLE PROTEIN";"CHEMBL1909046";"15";"DrugMatrix";"";"";"CHEMBL3307715";"";"";"Not Active";""
"CHEMBL63323";"NIFLUMIC ACID";"2.0";"282.22";"0";"3.54";"NIFLUMIC ACID";"O=C(O)c1cccnc1Nc1cccc(C(F)(F)F)c1";"Ki";"";"";"";"";"";"Inhibition < 50% @ 10 uM and thus dose-reponse curve not measured";"";"";"";"";"";"0";"CHEMBL1909126";"DRUGMATRIX: Chemokine CCR5 radioligand binding (ligand: [125I] MIP-1alpha)";"B";"BAO_0000249";"cell membrane format";"None";"None";"None";"HEK293";"Membrane";"";"";"";"CHEMBL274";"C-C chemokine receptor type 5";"Homo sapiens";"SINGLE PROTEIN";"CHEMBL1909046";"15";"DrugMatrix";"";"";"CHEMBL3307715";"";"";"Not Active";""
"CHEMBL481";"IRINOTECAN";"4.0";"586.69";"1";"4.09";"IRINOTECAN";"CCc1c2c(nc3ccc(OC(=O)N4CCC(N5CCCCC5)CC4)cc13)-c1cc3c(c(=O)n1C2)COC(=O)[C@]3(O)CC";"Ki";"";"";"";"";"";"Inhibition < 50% @ 10 uM and thus dose-reponse curve not measured";"";"";"";"";"";"0";"CHEMBL1909126";"DRUGMATRIX: Chemokine CCR5 radioligand binding (ligand: [125I] MIP-1alpha)";"B";"BAO_0000249";"cell membrane format";"None";"None";"None";"HEK293";"Membrane";"";"";"";"CHEMBL274";"C-C chemokine receptor type 5";"Homo sapiens";"SINGLE PROTEIN";"CHEMBL1909046";"15";"DrugMatrix";"";"";"CHEMBL3307715";"";"";"Not Active";""
"CHEMBL742";"KETAMINE";"4.0";"237.73";"0";"2.90";"KETAMINE";"CNC1(c2ccccc2Cl)CCCCC1=O";"Ki";"";"";"";"";"";"Inhibition < 50% @ 10 uM and thus dose-reponse curve not measured";"";"";"";"";"";"0";"CHEMBL1909126";"DRUGMATRIX: Chemokine CCR5 radioligand binding (ligand: [125I] MIP-1alpha)";"B";"BAO_0000249";"cell membrane format";"None";"None";"None";"HEK293";"Membrane";"";"";"";"CHEMBL274";"C-C chemokine receptor type 5";"Homo sapiens";"SINGLE PROTEIN";"CHEMBL1909046";"15";"DrugMatrix";"";"";"CHEMBL3307715";"";"";"Not Active";""
"CHEMBL1628227";"DOXEPIN";"4.0";"279.38";"0";"3.96";"DOXEPIN";"CN(C)CCC=C1c2ccccc2COc2ccccc21";"Ki";"";"";"";"";"";"Inhibition < 50% @ 10 uM and thus dose-reponse curve not measured";"";"";"";"";"";"0";"CHEMBL1909126";"DRUGMATRIX: Chemokine CCR5 radioligand binding (ligand: [125I] MIP-1alpha)";"B";"BAO_0000249";"cell membrane format";"None";"None";"None";"HEK293";"Membrane";"";"";"";"CHEMBL274";"C-C chemokine receptor type 5";"Homo sapiens";"SINGLE PROTEIN";"CHEMBL1909046";"15";"DrugMatrix";"";"";"CHEMBL3307715";"";"";"Not Active";""
"CHEMBL349008";"";"None";"671.27";"2";"6.52";"11e";"CCO/N=C(\c1ccc(Br)cc1)C1CCN(C2(C)CCN(C(=O)c3c(Br)cncc3Br)CC2)CC1";"Ki";"'='";"0.3";"nM";"9.52";"";"";"UO_0000065";"14.19";"0.37";"3.00";"16.41";"0";"CHEMBL650119";"Inhibition of [125I]RANTES binding to CCR5 receptor.";"B";"BAO_0000357";"single protein format";"None";"None";"None";"None";"None";"";"";"";"CHEMBL274";"C-C chemokine receptor type 5";"Homo sapiens";"SINGLE PROTEIN";"CHEMBL1136595";"1";"Scientific Literature";"Bioorg Med Chem Lett";"2003";"None";"";"";"";"0.3"
"CHEMBL16";"PHENYTOIN";"4.0";"252.27";"0";"1.77";"Phenytoin";"O=C1NC(=O)C(c2ccccc2)(c2ccccc2)N1";"Ki";"";"";"";"";"";"Inhibition < 50% @ 10 uM and thus dose-reponse curve not measured";"";"";"";"";"";"0";"CHEMBL1909126";"DRUGMATRIX: Chemokine CCR5 radioligand binding (ligand: [125I] MIP-1alpha)";"B";"BAO_0000249";"cell membrane format";"None";"None";"None";"HEK293";"Membrane";"";"";"";"CHEMBL274";"C-C chemokine receptor type 5";"Homo sapiens";"SINGLE PROTEIN";"CHEMBL1909046";"15";"DrugMatrix";"";"";"CHEMBL3307715";"";"";"Not Active";""
"CHEMBL1194";"PRILOCAINE";"4.0";"220.32";"0";"2.32";"PRILOCAINE";"CCCNC(C)C(=O)Nc1ccccc1C";"Ki";"";"";"";"";"";"Inhibition < 50% @ 10 uM and thus dose-reponse curve not measured";"";"";"";"";"";"0";"CHEMBL1909126";"DRUGMATRIX: Chemokine CCR5 radioligand binding (ligand: [125I] MIP-1alpha)";"B";"BAO_0000249";"cell membrane format";"None";"None";"None";"HEK293";"Membrane";"";"";"";"CHEMBL274";"C-C chemokine receptor type 5";"Homo sapiens";"SINGLE PROTEIN";"CHEMBL1909046";"15";"DrugMatrix";"";"";"CHEMBL3307715";"";"";"Not Active";""
"CHEMBL514";"LOMUSTINE";"4.0";"233.70";"0";"2.25";"LOMUSTINE";"O=NN(CCCl)C(=O)NC1CCCCC1";"Ki";"";"";"";"";"";"Inhibition < 50% @ 10 uM and thus dose-reponse curve not measured";"";"";"";"";"";"0";"CHEMBL1909126";"DRUGMATRIX: Chemokine CCR5 radioligand binding (ligand: [125I] MIP-1alpha)";"B";"BAO_0000249";"cell membrane format";"None";"None";"None";"HEK293";"Membrane";"";"";"";"CHEMBL274";"C-C chemokine receptor type 5";"Homo sapiens";"SINGLE PROTEIN";"CHEMBL1909046";"15";"DrugMatrix";"";"";"CHEMBL3307715";"";"";"Not Active";""
"CHEMBL5483011";"INDINAVIR";"3.0";"631.82";"1";"2.87";"INDINAVIR";"CC(C)(C)NC(=O)[C@@H]1CN(Cc2cccnc2)CCN1C[C@@H](O)C[C@@H](Cc1ccccc1)C(=O)N[C@H]1c2ccccc2C[C@H]1O.O";"Ki";"";"";"";"";"";"Inhibition < 50% @ 10 uM and thus dose-reponse curve not measured";"";"";"";"";"";"0";"CHEMBL1909126";"DRUGMATRIX: Chemokine CCR5 radioligand binding (ligand: [125I] MIP-1alpha)";"B";"BAO_0000249";"cell membrane format";"None";"None";"None";"HEK293";"Membrane";"";"";"";"CHEMBL274";"C-C chemokine receptor type 5";"Homo sapiens";"SINGLE PROTEIN";"CHEMBL1909046";"15";"DrugMatrix";"";"";"CHEMBL3307715";"";"";"Not Active";""
"CHEMBL488025";"EXISULIND";"3.0";"372.42";"0";"4.03";"SULINDAC SULFONE";"CC1=C(CC(=O)O)c2cc(F)ccc2/C1=C\c1ccc(S(C)(=O)=O)cc1";"Ki";"";"";"";"";"";"Inhibition < 50% @ 10 uM and thus dose-reponse curve not measured";"";"";"";"";"";"0";"CHEMBL1909126";"DRUGMATRIX: Chemokine CCR5 radioligand binding (ligand: [125I] MIP-1alpha)";"B";"BAO_0000249";"cell membrane format";"None";"None";"None";"HEK293";"Membrane";"";"";"";"CHEMBL274";"C-C chemokine receptor type 5";"Homo sapiens";"SINGLE PROTEIN";"CHEMBL1909046";"15";"DrugMatrix";"";"";"CHEMBL3307715";"";"";"Not Active";""
"CHEMBL83668";"TOLNAFTATE";"3.0";"307.42";"0";"4.95";"TOLNAFTATE";"Cc1cccc(N(C)C(=S)Oc2ccc3ccccc3c2)c1";"Ki";"";"";"";"";"";"Inhibition < 50% @ 10 uM and thus dose-reponse curve not measured";"";"";"";"";"";"0";"CHEMBL1909126";"DRUGMATRIX: Chemokine CCR5 radioligand binding (ligand: [125I] MIP-1alpha)";"B";"BAO_0000249";"cell membrane format";"None";"None";"None";"HEK293";"Membrane";"";"";"";"CHEMBL274";"C-C chemokine receptor type 5";"Homo sapiens";"SINGLE PROTEIN";"CHEMBL1909046";"15";"DrugMatrix";"";"";"CHEMBL3307715";"";"";"Not Active";""
"CHEMBL1076211";"TOLPERISONE";"3.0";"245.37";"0";"3.30";"TOLPERISONE";"Cc1ccc(C(=O)C(C)CN2CCCCC2)cc1";"Ki";"";"";"";"";"";"Inhibition < 50% @ 10 uM and thus dose-reponse curve not measured";"";"";"";"";"";"0";"CHEMBL1909126";"DRUGMATRIX: Chemokine CCR5 radioligand binding (ligand: [125I] MIP-1alpha)";"B";"BAO_0000249";"cell membrane format";"None";"None";"None";"HEK293";"Membrane";"";"";"";"CHEMBL274";"C-C chemokine receptor type 5";"Homo sapiens";"SINGLE PROTEIN";"CHEMBL1909046";"15";"DrugMatrix";"";"";"CHEMBL3307715";"";"";"Not Active";""
"CHEMBL17157";"TERFENADINE";"4.0";"471.69";"1";"6.45";"TERFENADINE";"CC(C)(C)c1ccc(C(O)CCCN2CCC(C(O)(c3ccccc3)c3ccccc3)CC2)cc1";"Ki";"'='";"852.0";"nM";"6.07";"";"";"UO_0000065";"12.87";"0.24";"-0.38";"13.89";"0";"CHEMBL1909126";"DRUGMATRIX: Chemokine CCR5 radioligand binding (ligand: [125I] MIP-1alpha)";"B";"BAO_0000249";"cell membrane format";"None";"None";"None";"HEK293";"Membrane";"";"";"";"CHEMBL274";"C-C chemokine receptor type 5";"Homo sapiens";"SINGLE PROTEIN";"CHEMBL1909046";"15";"DrugMatrix";"";"";"CHEMBL3307715";"";"";"";"0.852"
"CHEMBL541";"BENZOIC ACID";"-1.0";"122.12";"0";"1.38";"BENZOIC ACID";"O=C(O)c1ccccc1";"Ki";"";"";"";"";"";"Inhibition < 50% @ 10 uM and thus dose-reponse curve not measured";"";"";"";"";"";"0";"CHEMBL1909126";"DRUGMATRIX: Chemokine CCR5 radioligand binding (ligand: [125I] MIP-1alpha)";"B";"BAO_0000249";"cell membrane format";"None";"None";"None";"HEK293";"Membrane";"";"";"";"CHEMBL274";"C-C chemokine receptor type 5";"Homo sapiens";"SINGLE PROTEIN";"CHEMBL1909046";"15";"DrugMatrix";"";"";"CHEMBL3307715";"";"";"Not Active";""
"CHEMBL506";"PRIMAQUINE";"4.0";"259.35";"0";"2.78";"PRIMAQUINE";"COc1cc(NC(C)CCCN)c2ncccc2c1";"Ki";"";"";"";"";"";"Inhibition < 50% @ 10 uM and thus dose-reponse curve not measured";"";"";"";"";"";"0";"CHEMBL1909126";"DRUGMATRIX: Chemokine CCR5 radioligand binding (ligand: [125I] MIP-1alpha)";"B";"BAO_0000249";"cell membrane format";"None";"None";"None";"HEK293";"Membrane";"";"";"";"CHEMBL274";"C-C chemokine receptor type 5";"Homo sapiens";"SINGLE PROTEIN";"CHEMBL1909046";"15";"DrugMatrix";"";"";"CHEMBL3307715";"";"";"Not Active";""
"CHEMBL348667";"";"None";"460.63";"0";"3.73";"14";"Cc1ncnc(C)c1C(=O)N1CCC(C)(N2CCN([C@@H](C)c3ccc(C#N)cc3)[C@@H](C)C2)CC1";"Ki";"'='";"20.0";"nM";"7.70";"";"";"UO_0000065";"16.71";"0.31";"3.97";"10.08";"0";"CHEMBL649953";"Ability to inhibit [125I]-labeled RANTES binding to the CCR5 receptor expressed in membrane preparations from CHO cells";"B";"BAO_0000219";"cell-based format";"None";"None";"None";"CHO";"None";"";"";"";"CHEMBL274";"C-C chemokine receptor type 5";"Homo sapiens";"SINGLE PROTEIN";"CHEMBL1136572";"1";"Scientific Literature";"Bioorg Med Chem Lett";"2003";"CHEMBL3308072";"";"";"";"20.0"
"CHEMBL164290";"N-NITROSODIETHYLAMINE";"None";"102.14";"0";"1.01";"nitrosodiethylamine";"CCN(CC)N=O";"Ki";"";"";"";"";"";"Inhibition < 50% @ 10 uM and thus dose-reponse curve not measured";"";"";"";"";"";"0";"CHEMBL1909126";"DRUGMATRIX: Chemokine CCR5 radioligand binding (ligand: [125I] MIP-1alpha)";"B";"BAO_0000249";"cell membrane format";"None";"None";"None";"HEK293";"Membrane";"";"";"";"CHEMBL274";"C-C chemokine receptor type 5";"Homo sapiens";"SINGLE PROTEIN";"CHEMBL1909046";"15";"DrugMatrix";"";"";"CHEMBL3307715";"";"";"Not Active";""
"CHEMBL29";"PENICILLIN G";"4.0";"334.40";"0";"0.86";"PENICILLIN G";"CC1(C)S[C@@H]2[C@H](NC(=O)Cc3ccccc3)C(=O)N2[C@H]1C(=O)O";"Ki";"";"";"";"";"";"Inhibition < 50% @ 10 uM and thus dose-reponse curve not measured";"";"";"";"";"";"0";"CHEMBL1909126";"DRUGMATRIX: Chemokine CCR5 radioligand binding (ligand: [125I] MIP-1alpha)";"B";"BAO_0000249";"cell membrane format";"None";"None";"None";"HEK293";"Membrane";"";"";"";"CHEMBL274";"C-C chemokine receptor type 5";"Homo sapiens";"SINGLE PROTEIN";"CHEMBL1909046";"15";"DrugMatrix";"";"";"CHEMBL3307715";"";"";"Not Active";""
"CHEMBL833";"TICLOPIDINE";"4.0";"263.79";"0";"3.96";"TICLOPIDINE";"Clc1ccccc1CN1CCc2sccc2C1";"Ki";"";"";"";"";"";"Inhibition < 50% @ 10 uM and thus dose-reponse curve not measured";"";"";"";"";"";"0";"CHEMBL1909126";"DRUGMATRIX: Chemokine CCR5 radioligand binding (ligand: [125I] MIP-1alpha)";"B";"BAO_0000249";"cell membrane format";"None";"None";"None";"HEK293";"Membrane";"";"";"";"CHEMBL274";"C-C chemokine receptor type 5";"Homo sapiens";"SINGLE PROTEIN";"CHEMBL1909046";"15";"DrugMatrix";"";"";"CHEMBL3307715";"";"";"Not Active";""
"CHEMBL1908847";"SPARTEINE";"4.0";"234.39";"0";"2.35";"SPARTEINE";"C1CCN2C[C@@H]3C[C@@H](CN4CCCC[C@@H]34)[C@H]2C1";"Ki";"";"";"";"";"";"Inhibition < 50% @ 10 uM and thus dose-reponse curve not measured";"";"";"";"";"";"0";"CHEMBL1909126";"DRUGMATRIX: Chemokine CCR5 radioligand binding (ligand: [125I] MIP-1alpha)";"B";"BAO_0000249";"cell membrane format";"None";"None";"None";"HEK293";"Membrane";"";"";"";"CHEMBL274";"C-C chemokine receptor type 5";"Homo sapiens";"SINGLE PROTEIN";"CHEMBL1909046";"15";"DrugMatrix";"";"";"CHEMBL3307715";"";"";"Not Active";""
"CHEMBL487894";"DIPYRONE SODIUM";"None";"333.35";"0";"0.77";"DIPYRONE";"Cc1c(N(C)CS(=O)(=O)[O-])c(=O)n(-c2ccccc2)n1C.[Na+]";"Ki";"";"";"";"";"";"Inhibition < 50% @ 10 uM and thus dose-reponse curve not measured";"";"";"";"";"";"0";"CHEMBL1909126";"DRUGMATRIX: Chemokine CCR5 radioligand binding (ligand: [125I] MIP-1alpha)";"B";"BAO_0000249";"cell membrane format";"None";"None";"None";"HEK293";"Membrane";"";"";"";"CHEMBL274";"C-C chemokine receptor type 5";"Homo sapiens";"SINGLE PROTEIN";"CHEMBL1909046";"15";"DrugMatrix";"";"";"CHEMBL3307715";"";"";"Not Active";""
"CHEMBL15768";"CAMPHOR";"3.0";"152.24";"0";"2.40";"D-CAMPHOR";"CC12CCC(CC1=O)C2(C)C";"Ki";"";"";"";"";"";"Inhibition < 50% @ 10 uM and thus dose-reponse curve not measured";"";"";"";"";"";"0";"CHEMBL1909126";"DRUGMATRIX: Chemokine CCR5 radioligand binding (ligand: [125I] MIP-1alpha)";"B";"BAO_0000249";"cell membrane format";"None";"None";"None";"HEK293";"Membrane";"";"";"";"CHEMBL274";"C-C chemokine receptor type 5";"Homo sapiens";"SINGLE PROTEIN";"CHEMBL1909046";"15";"DrugMatrix";"";"";"CHEMBL3307715";"";"";"Not Active";""
"CHEMBL480";"LANSOPRAZOLE";"4.0";"369.37";"0";"3.52";"LANSOPRAZOLE";"Cc1c(OCC(F)(F)F)ccnc1C[S+]([O-])c1nc2ccccc2[nH]1";"Ki";"";"";"";"";"";"Inhibition < 50% @ 10 uM and thus dose-reponse curve not measured";"";"";"";"";"";"0";"CHEMBL1909126";"DRUGMATRIX: Chemokine CCR5 radioligand binding (ligand: [125I] MIP-1alpha)";"B";"BAO_0000249";"cell membrane format";"None";"None";"None";"HEK293";"Membrane";"";"";"";"CHEMBL274";"C-C chemokine receptor type 5";"Homo sapiens";"SINGLE PROTEIN";"CHEMBL1909046";"15";"DrugMatrix";"";"";"CHEMBL3307715";"";"";"Not Active";""
"CHEMBL475534";"NITRENDIPINE";"3.0";"360.37";"0";"2.57";"NITRENDIPINE";"CCOC(=O)C1=C(C)NC(C)=C(C(=O)OC)C1c1cccc([N+](=O)[O-])c1";"Ki";"";"";"";"";"";"Inhibition < 50% @ 10 uM and thus dose-reponse curve not measured";"";"";"";"";"";"0";"CHEMBL1909126";"DRUGMATRIX: Chemokine CCR5 radioligand binding (ligand: [125I] MIP-1alpha)";"B";"BAO_0000249";"cell membrane format";"None";"None";"None";"HEK293";"Membrane";"";"";"";"CHEMBL274";"C-C chemokine receptor type 5";"Homo sapiens";"SINGLE PROTEIN";"CHEMBL1909046";"15";"DrugMatrix";"";"";"CHEMBL3307715";"";"";"Not Active";""
"CHEMBL221886";"SISOMICIN";"3.0";"447.53";"2";"-3.85";"SISOMICIN";"CN[C@@H]1[C@@H](O)[C@@H](O[C@@H]2[C@@H](O)[C@H](O[C@H]3OC(CN)=CC[C@H]3N)[C@@H](N)C[C@H]2N)OC[C@]1(C)O";"Ki";"";"";"";"";"";"Inhibition < 50% @ 10 uM and thus dose-reponse curve not measured";"";"";"";"";"";"0";"CHEMBL1909126";"DRUGMATRIX: Chemokine CCR5 radioligand binding (ligand: [125I] MIP-1alpha)";"B";"BAO_0000249";"cell membrane format";"None";"None";"None";"HEK293";"Membrane";"";"";"";"CHEMBL274";"C-C chemokine receptor type 5";"Homo sapiens";"SINGLE PROTEIN";"CHEMBL1909046";"15";"DrugMatrix";"";"";"CHEMBL3307715";"";"";"Not Active";""
"CHEMBL657";"DIPHENHYDRAMINE";"4.0";"255.36";"0";"3.35";"DIPHENHYDRAMINE";"CN(C)CCOC(c1ccccc1)c1ccccc1";"Ki";"";"";"";"";"";"Inhibition < 50% @ 10 uM and thus dose-reponse curve not measured";"";"";"";"";"";"0";"CHEMBL1909126";"DRUGMATRIX: Chemokine CCR5 radioligand binding (ligand: [125I] MIP-1alpha)";"B";"BAO_0000249";"cell membrane format";"None";"None";"None";"HEK293";"Membrane";"";"";"";"CHEMBL274";"C-C chemokine receptor type 5";"Homo sapiens";"SINGLE PROTEIN";"CHEMBL1909046";"15";"DrugMatrix";"";"";"CHEMBL3307715";"";"";"Not Active";""
"CHEMBL6067485";"GENTAMICIN";"4.0";"None";"None";"None";"Gentamycin";"";"Ki";"";"";"";"";"";"Inhibition < 50% @ 10 uM and thus dose-reponse curve not measured";"";"";"";"";"";"0";"CHEMBL1909126";"DRUGMATRIX: Chemokine CCR5 radioligand binding (ligand: [125I] MIP-1alpha)";"B";"BAO_0000249";"cell membrane format";"None";"None";"None";"HEK293";"Membrane";"";"";"";"CHEMBL274";"C-C chemokine receptor type 5";"Homo sapiens";"SINGLE PROTEIN";"CHEMBL1909046";"15";"DrugMatrix";"";"";"CHEMBL3307715";"";"";"Not Active";""
"CHEMBL256907";"MARAVIROC";"4.0";"513.68";"2";"5.95";"BDBM160935";"Cc1nnc(C(C)C)n1[C@H]1C[C@H]2CC[C@@H](C1)N2CC[C@H](NC(=O)C1CCC(F)(F)CC1)c1ccccc1";"Ki";"'='";"0.24";"nM";"9.62";"";"304257";"UO_0000065";"18.73";"0.36";"3.67";"15.26";"0";"CHEMBL3706103";"Radioligand Binding Assay: Afterwards, the pharmacological profile of bivalent ligand 1 at the chemokine receptor CCR5 was characterized similarly. The competitive radioligand binding assay was conducted in CCR5 rhesus macaque membrane preparations from Chem-1 cells. Monovalent ligand 3 and compound 4, an analogue of maraviroc, were tested along under the same condition. Introduction of the 4-NH2 group onto the phenyl ring of maraviroc, as seen in compound 4, caused approximately 65-fold decrease in the binding affinity, compared to maraviroc. The decrease of the binding affinity was even more profound for bivalent ligand 1 and monovalent ligand 3, as their Ki values dropped to submicromolar range, respectively.";"B";"BAO_0000249";"cell membrane format";"None";"None";"None";"Chem-1";"None";"";"";"";"CHEMBL274";"C-C chemokine receptor type 5";"Homo sapiens";"SINGLE PROTEIN";"CHEMBL3638635";"37";"BindingDB Patent Bioactivity Data";"";"2015";"None";"";"";"";"0.24"
"CHEMBL1747";"TOBRAMYCIN";"4.0";"467.52";"2";"-6.30";"TOBRAMYCIN";"NC[C@H]1O[C@H](O[C@H]2[C@H](O)[C@@H](O[C@H]3O[C@H](CO)[C@@H](O)[C@H](N)[C@H]3O)[C@H](N)C[C@@H]2N)[C@H](N)C[C@@H]1O";"Ki";"";"";"";"";"";"Inhibition < 50% @ 10 uM and thus dose-reponse curve not measured";"";"";"";"";"";"0";"CHEMBL1909126";"DRUGMATRIX: Chemokine CCR5 radioligand binding (ligand: [125I] MIP-1alpha)";"B";"BAO_0000249";"cell membrane format";"None";"None";"None";"HEK293";"Membrane";"";"";"";"CHEMBL274";"C-C chemokine receptor type 5";"Homo sapiens";"SINGLE PROTEIN";"CHEMBL1909046";"15";"DrugMatrix";"";"";"CHEMBL3307715";"";"";"Not Active";""
"CHEMBL403";"SULBACTAM";"4.0";"233.24";"0";"-0.79";"SULBACTAM";"CC1(C)[C@H](C(=O)O)N2C(=O)C[C@H]2S1(=O)=O";"Ki";"";"";"";"";"";"Inhibition < 50% @ 10 uM and thus dose-reponse curve not measured";"";"";"";"";"";"0";"CHEMBL1909126";"DRUGMATRIX: Chemokine CCR5 radioligand binding (ligand: [125I] MIP-1alpha)";"B";"BAO_0000249";"cell membrane format";"None";"None";"None";"HEK293";"Membrane";"";"";"";"CHEMBL274";"C-C chemokine receptor type 5";"Homo sapiens";"SINGLE PROTEIN";"CHEMBL1909046";"15";"DrugMatrix";"";"";"CHEMBL3307715";"";"";"Not Active";""
"CHEMBL439";"SULFADIAZINE";"4.0";"250.28";"0";"0.86";"SULFADIAZINE";"Nc1ccc(S(=O)(=O)Nc2ncccn2)cc1";"Ki";"";"";"";"";"";"Inhibition < 50% @ 10 uM and thus dose-reponse curve not measured";"";"";"";"";"";"0";"CHEMBL1909126";"DRUGMATRIX: Chemokine CCR5 radioligand binding (ligand: [125I] MIP-1alpha)";"B";"BAO_0000249";"cell membrane format";"None";"None";"None";"HEK293";"Membrane";"";"";"";"CHEMBL274";"C-C chemokine receptor type 5";"Homo sapiens";"SINGLE PROTEIN";"CHEMBL1909046";"15";"DrugMatrix";"";"";"CHEMBL3307715";"";"";"Not Active";""
"CHEMBL20883";"TEGAFUR";"3.0";"200.17";"0";"-0.02";"TEGAFUR";"O=c1[nH]c(=O)n(C2CCCO2)cc1F";"Ki";"";"";"";"";"";"Inhibition < 50% @ 10 uM and thus dose-reponse curve not measured";"";"";"";"";"";"0";"CHEMBL1909126";"DRUGMATRIX: Chemokine CCR5 radioligand binding (ligand: [125I] MIP-1alpha)";"B";"BAO_0000249";"cell membrane format";"None";"None";"None";"HEK293";"Membrane";"";"";"";"CHEMBL274";"C-C chemokine receptor type 5";"Homo sapiens";"SINGLE PROTEIN";"CHEMBL1909046";"15";"DrugMatrix";"";"";"CHEMBL3307715";"";"";"Not Active";""
"CHEMBL1908355";"TENIDAP";"2.0";"320.76";"0";"3.25";"TENIDAP";"NC(=O)N1C(=O)/C(=C(\O)c2cccs2)c2cc(Cl)ccc21";"Ki";"";"";"";"";"";"Inhibition < 50% @ 10 uM and thus dose-reponse curve not measured";"";"";"";"";"";"0";"CHEMBL1909126";"DRUGMATRIX: Chemokine CCR5 radioligand binding (ligand: [125I] MIP-1alpha)";"B";"BAO_0000249";"cell membrane format";"None";"None";"None";"HEK293";"Membrane";"";"";"";"CHEMBL274";"C-C chemokine receptor type 5";"Homo sapiens";"SINGLE PROTEIN";"CHEMBL1909046";"15";"DrugMatrix";"";"";"CHEMBL3307715";"";"";"Not Active";""
"CHEMBL350563";"";"None";"582.37";"2";"6.30";"11c";"CCO/N=C(\c1ccc(Br)cc1)C1CCN(C2(C)CCN(C(=O)c3c(Cl)cncc3Cl)CC2)CC1";"Ki";"'='";"0.4";"nM";"9.40";"";"";"UO_0000065";"16.14";"0.37";"3.10";"16.19";"0";"CHEMBL650119";"Inhibition of [125I]RANTES binding to CCR5 receptor.";"B";"BAO_0000357";"single protein format";"None";"None";"None";"None";"None";"";"";"";"CHEMBL274";"C-C chemokine receptor type 5";"Homo sapiens";"SINGLE PROTEIN";"CHEMBL1136595";"1";"Scientific Literature";"Bioorg Med Chem Lett";"2003";"None";"";"";"";"0.4"
"CHEMBL140390";"";"None";"556.55";"2";"5.39";"87";"CCCO/N=C(/c1ccc(Br)cc1)C1CCN(C2(C)CCN(C(=O)c3c(C)ncnc3C)CC2)CC1";"Ki";"'='";"2.0";"nM";"8.70";"";"";"UO_0000065";"15.63";"0.33";"3.31";"12.27";"0";"CHEMBL649945";"Inhibition of RANTES binding to the human C-C chemokine receptor type 5 (CCR5)";"B";"BAO_0000357";"single protein format";"None";"None";"None";"None";"None";"";"";"";"CHEMBL274";"C-C chemokine receptor type 5";"Homo sapiens";"SINGLE PROTEIN";"CHEMBL1144903";"1";"Scientific Literature";"J Med Chem";"2003";"None";"";"";"";"2.0"
"CHEMBL71";"CHLORPROMAZINE";"4.0";"318.87";"0";"4.89";"CHLORPROMAZINE";"CN(C)CCCN1c2ccccc2Sc2ccc(Cl)cc21";"Ki";"";"";"";"";"";"Inhibition < 50% @ 10 uM and thus dose-reponse curve not measured";"";"";"";"";"";"0";"CHEMBL1909126";"DRUGMATRIX: Chemokine CCR5 radioligand binding (ligand: [125I] MIP-1alpha)";"B";"BAO_0000249";"cell membrane format";"None";"None";"None";"HEK293";"Membrane";"";"";"";"CHEMBL274";"C-C chemokine receptor type 5";"Homo sapiens";"SINGLE PROTEIN";"CHEMBL1909046";"15";"DrugMatrix";"";"";"CHEMBL3307715";"";"";"Not Active";""
"CHEMBL517712";"ATROPINE";"4.0";"289.38";"0";"1.93";"ATROPINE";"CN1[C@@H]2CC[C@H]1C[C@@H](OC(=O)C(CO)c1ccccc1)C2";"Ki";"";"";"";"";"";"Inhibition < 50% @ 10 uM and thus dose-reponse curve not measured";"";"";"";"";"";"0";"CHEMBL1909126";"DRUGMATRIX: Chemokine CCR5 radioligand binding (ligand: [125I] MIP-1alpha)";"B";"BAO_0000249";"cell membrane format";"None";"None";"None";"HEK293";"Membrane";"";"";"";"CHEMBL274";"C-C chemokine receptor type 5";"Homo sapiens";"SINGLE PROTEIN";"CHEMBL1909046";"15";"DrugMatrix";"";"";"CHEMBL3307715";"";"";"Not Active";""
"CHEMBL1762";"TOCAINIDE";"4.0";"192.26";"0";"1.59";"TOCAINIDE";"Cc1cccc(C)c1NC(=O)C(C)N";"Ki";"";"";"";"";"";"Inhibition < 50% @ 10 uM and thus dose-reponse curve not measured";"";"";"";"";"";"0";"CHEMBL1909126";"DRUGMATRIX: Chemokine CCR5 radioligand binding (ligand: [125I] MIP-1alpha)";"B";"BAO_0000249";"cell membrane format";"None";"None";"None";"HEK293";"Membrane";"";"";"";"CHEMBL274";"C-C chemokine receptor type 5";"Homo sapiens";"SINGLE PROTEIN";"CHEMBL1909046";"15";"DrugMatrix";"";"";"CHEMBL3307715";"";"";"Not Active";""
"CHEMBL12948";"SEMUSTINE";"3.0";"247.73";"0";"2.50";"SEMUSTINE";"CC1CCC(NC(=O)N(CCCl)N=O)CC1";"Ki";"";"";"";"";"";"Inhibition < 50% @ 10 uM and thus dose-reponse curve not measured";"";"";"";"";"";"0";"CHEMBL1909126";"DRUGMATRIX: Chemokine CCR5 radioligand binding (ligand: [125I] MIP-1alpha)";"B";"BAO_0000249";"cell membrane format";"None";"None";"None";"HEK293";"Membrane";"";"";"";"CHEMBL274";"C-C chemokine receptor type 5";"Homo sapiens";"SINGLE PROTEIN";"CHEMBL1909046";"15";"DrugMatrix";"";"";"CHEMBL3307715";"";"";"Not Active";""
"CHEMBL817";"TOLAZAMIDE";"4.0";"311.41";"0";"1.77";"TOLAZAMIDE";"Cc1ccc(S(=O)(=O)NC(=O)NN2CCCCCC2)cc1";"Ki";"";"";"";"";"";"Inhibition < 50% @ 10 uM and thus dose-reponse curve not measured";"";"";"";"";"";"0";"CHEMBL1909126";"DRUGMATRIX: Chemokine CCR5 radioligand binding (ligand: [125I] MIP-1alpha)";"B";"BAO_0000249";"cell membrane format";"None";"None";"None";"HEK293";"Membrane";"";"";"";"CHEMBL274";"C-C chemokine receptor type 5";"Homo sapiens";"SINGLE PROTEIN";"CHEMBL1909046";"15";"DrugMatrix";"";"";"CHEMBL3307715";"";"";"Not Active";""
"CHEMBL13378";"(R,S)-AMPA";"None";"186.17";"0";"-0.36";"(RS)-AMPA";"Cc1onc(O)c1CC(N)C(=O)O";"Ki";"";"";"";"";"";"Inhibition < 50% @ 10 uM and thus dose-reponse curve not measured";"";"";"";"";"";"0";"CHEMBL1909126";"DRUGMATRIX: Chemokine CCR5 radioligand binding (ligand: [125I] MIP-1alpha)";"B";"BAO_0000249";"cell membrane format";"None";"None";"None";"HEK293";"Membrane";"";"";"";"CHEMBL274";"C-C chemokine receptor type 5";"Homo sapiens";"SINGLE PROTEIN";"CHEMBL1909046";"15";"DrugMatrix";"";"";"CHEMBL3307715";"";"";"Not Active";""
"CHEMBL5314360";"ACONITINE";"-1.0";"645.75";"2";"0.65";"ACONITINE";"CCN1C[C@]2(COC)[C@H](O)C[C@H](OC)[C@@]34[C@@H]5C[C@@]6(O)[C@H](OC(=O)c7ccccc7)[C@@H]5[C@@](OC(C)=O)([C@@H]([C@H](OC)[C@H]23)[C@@H]14)[C@@H](O)[C@@H]6OC";"Ki";"";"";"";"";"";"Inhibition < 50% @ 10 uM and thus dose-reponse curve not measured";"";"";"";"";"";"0";"CHEMBL1909126";"DRUGMATRIX: Chemokine CCR5 radioligand binding (ligand: [125I] MIP-1alpha)";"B";"BAO_0000249";"cell membrane format";"None";"None";"None";"HEK293";"Membrane";"";"";"";"CHEMBL274";"C-C chemokine receptor type 5";"Homo sapiens";"SINGLE PROTEIN";"CHEMBL1909046";"15";"DrugMatrix";"";"";"CHEMBL3307715";"";"";"Not Active";""
"CHEMBL1909048";"";"None";"313.83";"0";"4.43";"1-(2-CHLOROBENZOYL)-4-(PHENYLMETHYL)-PIPERIDINE";"O=C(c1ccccc1Cl)N1CCC(Cc2ccccc2)CC1";"Ki";"";"";"";"";"";"Inhibition < 50% @ 10 uM and thus dose-reponse curve not measured";"";"";"";"";"";"0";"CHEMBL1909126";"DRUGMATRIX: Chemokine CCR5 radioligand binding (ligand: [125I] MIP-1alpha)";"B";"BAO_0000249";"cell membrane format";"None";"None";"None";"HEK293";"Membrane";"";"";"";"CHEMBL274";"C-C chemokine receptor type 5";"Homo sapiens";"SINGLE PROTEIN";"CHEMBL1909046";"15";"DrugMatrix";"";"";"CHEMBL3307715";"";"";"Not Active";""
"CHEMBL504";"DIMETHYL SULFOXIDE";"4.0";"78.14";"0";"-0.01";"DIMETHYL SULFOXIDE";"C[S+](C)[O-]";"Ki";"";"";"";"";"";"Inhibition < 50% @ 10 uM and thus dose-reponse curve not measured";"";"";"";"";"";"0";"CHEMBL1909126";"DRUGMATRIX: Chemokine CCR5 radioligand binding (ligand: [125I] MIP-1alpha)";"B";"BAO_0000249";"cell membrane format";"None";"None";"None";"HEK293";"Membrane";"";"";"";"CHEMBL274";"C-C chemokine receptor type 5";"Homo sapiens";"SINGLE PROTEIN";"CHEMBL1909046";"15";"DrugMatrix";"";"";"CHEMBL3307715";"";"";"Not Active";""
"CHEMBL808";"ECONAZOLE";"4.0";"381.69";"1";"5.80";"ECONAZOLE";"Clc1ccc(COC(Cn2ccnc2)c2ccc(Cl)cc2Cl)cc1";"Ki";"";"";"";"";"";"Inhibition < 50% @ 10 uM and thus dose-reponse curve not measured";"";"";"";"";"";"0";"CHEMBL1909126";"DRUGMATRIX: Chemokine CCR5 radioligand binding (ligand: [125I] MIP-1alpha)";"B";"BAO_0000249";"cell membrane format";"None";"None";"None";"HEK293";"Membrane";"";"";"";"CHEMBL274";"C-C chemokine receptor type 5";"Homo sapiens";"SINGLE PROTEIN";"CHEMBL1909046";"15";"DrugMatrix";"";"";"CHEMBL3307715";"";"";"Not Active";""
"CHEMBL426123";"";"None";"258.23";"0";"0.09";"(-)-THALIDOMIDE";"O=C1CC[C@H](N2C(=O)c3ccccc3C2=O)C(=O)N1";"Ki";"";"";"";"";"";"Inhibition < 50% @ 10 uM and thus dose-reponse curve not measured";"";"";"";"";"";"0";"CHEMBL1909126";"DRUGMATRIX: Chemokine CCR5 radioligand binding (ligand: [125I] MIP-1alpha)";"B";"BAO_0000249";"cell membrane format";"None";"None";"None";"HEK293";"Membrane";"";"";"";"CHEMBL274";"C-C chemokine receptor type 5";"Homo sapiens";"SINGLE PROTEIN";"CHEMBL1909046";"15";"DrugMatrix";"";"";"CHEMBL3307715";"";"";"Not Active";""
"CHEMBL357995";"BOPINDOLOL";"2.0";"380.49";"0";"4.47";"BOPINDOLOL";"Cc1cc2c(OCC(CNC(C)(C)C)OC(=O)c3ccccc3)cccc2[nH]1";"Ki";"";"";"";"";"";"Inhibition < 50% @ 10 uM and thus dose-reponse curve not measured";"";"";"";"";"";"0";"CHEMBL1909126";"DRUGMATRIX: Chemokine CCR5 radioligand binding (ligand: [125I] MIP-1alpha)";"B";"BAO_0000249";"cell membrane format";"None";"None";"None";"HEK293";"Membrane";"";"";"";"CHEMBL274";"C-C chemokine receptor type 5";"Homo sapiens";"SINGLE PROTEIN";"CHEMBL1909046";"15";"DrugMatrix";"";"";"CHEMBL3307715";"";"";"Not Active";""
"CHEMBL188921";"BUFLOMEDIL";"4.0";"307.39";"0";"2.77";"BUFLOMEDIL";"COc1cc(OC)c(C(=O)CCCN2CCCC2)c(OC)c1";"Ki";"";"";"";"";"";"Inhibition < 50% @ 10 uM and thus dose-reponse curve not measured";"";"";"";"";"";"0";"CHEMBL1909126";"DRUGMATRIX: Chemokine CCR5 radioligand binding (ligand: [125I] MIP-1alpha)";"B";"BAO_0000249";"cell membrane format";"None";"None";"None";"HEK293";"Membrane";"";"";"";"CHEMBL274";"C-C chemokine receptor type 5";"Homo sapiens";"SINGLE PROTEIN";"CHEMBL1909046";"15";"DrugMatrix";"";"";"CHEMBL3307715";"";"";"Not Active";""
"CHEMBL65";"CAMPTOTHECIN";"-1.0";"348.36";"0";"2.08";"SID124882713";"CC[C@@]1(O)C(=O)OCc2c1cc1n(c2=O)Cc2cc3ccccc3nc2-1";"Ki";"";"";"";"";"";"Inhibition < 50% @ 10 uM and thus dose-reponse curve not measured";"";"";"";"";"";"0";"CHEMBL1909126";"DRUGMATRIX: Chemokine CCR5 radioligand binding (ligand: [125I] MIP-1alpha)";"B";"BAO_0000249";"cell membrane format";"None";"None";"None";"HEK293";"Membrane";"";"";"";"CHEMBL274";"C-C chemokine receptor type 5";"Homo sapiens";"SINGLE PROTEIN";"CHEMBL1909046";"15";"DrugMatrix";"";"";"CHEMBL3307715";"";"";"Not Active";""
"CHEMBL1430";"PENICILLAMINE";"4.0";"149.21";"0";"0.11";"PENICILLAMINE";"CC(C)(S)[C@@H](N)C(=O)O";"Ki";"";"";"";"";"";"Inhibition < 50% @ 10 uM and thus dose-reponse curve not measured";"";"";"";"";"";"0";"CHEMBL1909126";"DRUGMATRIX: Chemokine CCR5 radioligand binding (ligand: [125I] MIP-1alpha)";"B";"BAO_0000249";"cell membrane format";"None";"None";"None";"HEK293";"Membrane";"";"";"";"CHEMBL274";"C-C chemokine receptor type 5";"Homo sapiens";"SINGLE PROTEIN";"CHEMBL1909046";"15";"DrugMatrix";"";"";"CHEMBL3307715";"";"";"Not Active";""
"CHEMBL6067487";"IVERMECTIN";"4.0";"None";"None";"None";"IVERMECTIN";"";"Ki";"";"";"";"";"";"Inhibition < 50% @ 10 uM and thus dose-reponse curve not measured";"";"";"";"";"";"0";"CHEMBL1909126";"DRUGMATRIX: Chemokine CCR5 radioligand binding (ligand: [125I] MIP-1alpha)";"B";"BAO_0000249";"cell membrane format";"None";"None";"None";"HEK293";"Membrane";"";"";"";"CHEMBL274";"C-C chemokine receptor type 5";"Homo sapiens";"SINGLE PROTEIN";"CHEMBL1909046";"15";"DrugMatrix";"";"";"CHEMBL3307715";"";"";"Not Active";""
"CHEMBL81";"RALOXIFENE";"4.0";"473.59";"1";"6.08";"RALOXIFENE";"O=C(c1ccc(OCCN2CCCCC2)cc1)c1c(-c2ccc(O)cc2)sc2cc(O)ccc12";"Ki";"";"";"";"";"";"Inhibition < 50% @ 10 uM and thus dose-reponse curve not measured";"";"";"";"";"";"0";"CHEMBL1909126";"DRUGMATRIX: Chemokine CCR5 radioligand binding (ligand: [125I] MIP-1alpha)";"B";"BAO_0000249";"cell membrane format";"None";"None";"None";"HEK293";"Membrane";"";"";"";"CHEMBL274";"C-C chemokine receptor type 5";"Homo sapiens";"SINGLE PROTEIN";"CHEMBL1909046";"15";"DrugMatrix";"";"";"CHEMBL3307715";"";"";"Not Active";""
"CHEMBL685";"MEBENDAZOLE";"4.0";"295.30";"0";"2.97";"MEBENDAZOLE";"COC(=O)Nc1nc2cc(C(=O)c3ccccc3)ccc2[nH]1";"Ki";"";"";"";"";"";"Inhibition < 50% @ 10 uM and thus dose-reponse curve not measured";"";"";"";"";"";"0";"CHEMBL1909126";"DRUGMATRIX: Chemokine CCR5 radioligand binding (ligand: [125I] MIP-1alpha)";"B";"BAO_0000249";"cell membrane format";"None";"None";"None";"HEK293";"Membrane";"";"";"";"CHEMBL274";"C-C chemokine receptor type 5";"Homo sapiens";"SINGLE PROTEIN";"CHEMBL1909046";"15";"DrugMatrix";"";"";"CHEMBL3307715";"";"";"Not Active";""
"CHEMBL603";"ZAFIRLUKAST";"4.0";"575.69";"2";"5.70";"ZAFIRLUKAST";"COc1cc(C(=O)NS(=O)(=O)c2ccccc2C)ccc1Cc1cn(C)c2ccc(NC(=O)OC3CCCC3)cc12";"Ki";"";"";"";"";"";"Inhibition < 50% @ 10 uM and thus dose-reponse curve not measured";"";"";"";"";"";"0";"CHEMBL1909126";"DRUGMATRIX: Chemokine CCR5 radioligand binding (ligand: [125I] MIP-1alpha)";"B";"BAO_0000249";"cell membrane format";"None";"None";"None";"HEK293";"Membrane";"";"";"";"CHEMBL274";"C-C chemokine receptor type 5";"Homo sapiens";"SINGLE PROTEIN";"CHEMBL1909046";"15";"DrugMatrix";"";"";"CHEMBL3307715";"";"";"Not Active";""
"CHEMBL1464";"WARFARIN";"4.0";"308.33";"0";"3.61";"WARFARIN";"CC(=O)CC(c1ccccc1)c1c(O)c2ccccc2oc1=O";"Ki";"";"";"";"";"";"Inhibition < 50% @ 10 uM and thus dose-reponse curve not measured";"";"";"";"";"";"0";"CHEMBL1909126";"DRUGMATRIX: Chemokine CCR5 radioligand binding (ligand: [125I] MIP-1alpha)";"B";"BAO_0000249";"cell membrane format";"None";"None";"None";"HEK293";"Membrane";"";"";"";"CHEMBL274";"C-C chemokine receptor type 5";"Homo sapiens";"SINGLE PROTEIN";"CHEMBL1909046";"15";"DrugMatrix";"";"";"CHEMBL3307715";"";"";"Not Active";""
"CHEMBL689";"MANNITOL";"4.0";"182.17";"1";"-3.59";"MANNITOL";"OC[C@@H](O)[C@@H](O)[C@H](O)[C@H](O)CO";"Ki";"";"";"";"";"";"Inhibition < 50% @ 10 uM and thus dose-reponse curve not measured";"";"";"";"";"";"0";"CHEMBL1909126";"DRUGMATRIX: Chemokine CCR5 radioligand binding (ligand: [125I] MIP-1alpha)";"B";"BAO_0000249";"cell membrane format";"None";"None";"None";"HEK293";"Membrane";"";"";"";"CHEMBL274";"C-C chemokine receptor type 5";"Homo sapiens";"SINGLE PROTEIN";"CHEMBL1909046";"15";"DrugMatrix";"";"";"CHEMBL3307715";"";"";"Not Active";""
"CHEMBL83";"TAMOXIFEN";"4.0";"371.52";"1";"6.00";"Tamoxifen";"CC/C(=C(\c1ccccc1)c1ccc(OCCN(C)C)cc1)c1ccccc1";"Ki";"";"";"";"";"";"Inhibition < 50% @ 10 uM and thus dose-reponse curve not measured";"";"";"";"";"";"0";"CHEMBL1909126";"DRUGMATRIX: Chemokine CCR5 radioligand binding (ligand: [125I] MIP-1alpha)";"B";"BAO_0000249";"cell membrane format";"None";"None";"None";"HEK293";"Membrane";"";"";"";"CHEMBL274";"C-C chemokine receptor type 5";"Homo sapiens";"SINGLE PROTEIN";"CHEMBL1909046";"15";"DrugMatrix";"";"";"CHEMBL3307715";"";"";"Not Active";""
"CHEMBL447";"SECOBARBITAL";"4.0";"238.29";"0";"1.35";"SECOBARBITAL";"C=CCC1(C(C)CCC)C(=O)NC(=O)NC1=O";"Ki";"";"";"";"";"";"Inhibition < 50% @ 10 uM and thus dose-reponse curve not measured";"";"";"";"";"";"0";"CHEMBL1909126";"DRUGMATRIX: Chemokine CCR5 radioligand binding (ligand: [125I] MIP-1alpha)";"B";"BAO_0000249";"cell membrane format";"None";"None";"None";"HEK293";"Membrane";"";"";"";"CHEMBL274";"C-C chemokine receptor type 5";"Homo sapiens";"SINGLE PROTEIN";"CHEMBL1909046";"15";"DrugMatrix";"";"";"CHEMBL3307715";"";"";"Not Active";""
"CHEMBL1321154";"ROXARSONE";"None";"263.04";"None";"None";"ROXARSONE";"O=[N+]([O-])c1cc([As](=O)(O)O)ccc1O";"Ki";"";"";"";"";"";"Inhibition < 50% @ 10 uM and thus dose-reponse curve not measured";"";"";"";"";"";"0";"CHEMBL1909126";"DRUGMATRIX: Chemokine CCR5 radioligand binding (ligand: [125I] MIP-1alpha)";"B";"BAO_0000249";"cell membrane format";"None";"None";"None";"HEK293";"Membrane";"";"";"";"CHEMBL274";"C-C chemokine receptor type 5";"Homo sapiens";"SINGLE PROTEIN";"CHEMBL1909046";"15";"DrugMatrix";"";"";"CHEMBL3307715";"";"";"Not Active";""
"CHEMBL1490";"TRIHEXYPHENIDYL";"4.0";"301.47";"0";"4.33";"TRIHEXYPHENIDYL";"OC(CCN1CCCCC1)(c1ccccc1)C1CCCCC1";"Ki";"";"";"";"";"";"Inhibition < 50% @ 10 uM and thus dose-reponse curve not measured";"";"";"";"";"";"0";"CHEMBL1909126";"DRUGMATRIX: Chemokine CCR5 radioligand binding (ligand: [125I] MIP-1alpha)";"B";"BAO_0000249";"cell membrane format";"None";"None";"None";"HEK293";"Membrane";"";"";"";"CHEMBL274";"C-C chemokine receptor type 5";"Homo sapiens";"SINGLE PROTEIN";"CHEMBL1909046";"15";"DrugMatrix";"";"";"CHEMBL3307715";"";"";"Not Active";""
"CHEMBL113154";"";"None";"580.94";"2";"5.29";"8f";"C[C@H]1CN(C2(C)CCN(C(=O)c3c(N)cccc3Cl)CC2)CCN1[C@@H](C)c1ccc(I)cc1";"Ki";"'='";"5.0";"nM";"8.30";"";"";"UO_0000065";"14.29";"0.34";"3.01";"15.72";"0";"CHEMBL649956";"Binding affinity towards C-C chemokine receptor type 5";"B";"BAO_0000357";"single protein format";"None";"None";"None";"None";"None";"";"";"";"CHEMBL274";"C-C chemokine receptor type 5";"Homo sapiens";"SINGLE PROTEIN";"CHEMBL1134622";"1";"Scientific Literature";"J Med Chem";"2001";"None";"";"";"";"5.0"
"CHEMBL2367887";"";"None";"1427.58";"None";"None";"2";"COC1[C@@H](O)C(OC2[C@@H](O)[C@H](O[C@H]3[C@H](O)[C@@H](O)[C@H](O[C@H]4[C@H](O[C@H]5CC[C@]6(C)C7=C[C@H](O)C89C(=O)O[C@@](C)(CCCC(C)C)C8CC[C@@]9(C)C7CCC6C5(C)C)OC[C@@H](O[C@@H]5O[C@H](CO)[C@@H](O)[C@H](OC6O[C@H](CO)[C@@H](O)[C@H](OC)[C@H]6O)[C@H]5O)[C@@H]4O)O[C@@H]3C)O[C@H](CO)[C@H]2O)O[C@H](CO)[C@H]1O";"Ki";"'='";"5100.0";"nM";"5.29";"";"";"UO_0000065";"3.71";"None";"None";"None";"0";"CHEMBL660275";"Inhibitory activity against human CCR5 chemokine receptor (CCR5) expressed in CHO cells";"B";"BAO_0000219";"cell-based format";"None";"None";"None";"CHO";"None";"";"";"";"CHEMBL274";"C-C chemokine receptor type 5";"Homo sapiens";"SINGLE PROTEIN";"CHEMBL1134953";"1";"Scientific Literature";"Bioorg Med Chem Lett";"2002";"CHEMBL3308072";"";"";"";"5.1"
"CHEMBL113648";"";"None";"531.48";"1";"4.72";"54";"Cc1cccc(C)c1C(=O)N1CCC(C)(N2CCN(Cc3ccc(I)cc3)CC2)CC1";"Ki";"'='";"62.0";"nM";"7.21";"";"";"UO_0000065";"13.56";"0.32";"2.49";"26.90";"1";"CHEMBL649945";"Inhibition of RANTES binding to the human C-C chemokine receptor type 5 (CCR5)";"B";"BAO_0000357";"single protein format";"None";"None";"None";"None";"None";"";"";"";"CHEMBL274";"C-C chemokine receptor type 5";"Homo sapiens";"SINGLE PROTEIN";"CHEMBL1144903";"1";"Scientific Literature";"J Med Chem";"2003";"None";"";"";"";"62.0"
"CHEMBL1419";"SIBUTRAMINE";"4.0";"279.86";"0";"4.74";"SIBUTRAMINE";"CC(C)CC(N(C)C)C1(c2ccc(Cl)cc2)CCC1";"Ki";"";"";"";"";"";"Inhibition < 50% @ 10 uM and thus dose-reponse curve not measured";"";"";"";"";"";"0";"CHEMBL1909126";"DRUGMATRIX: Chemokine CCR5 radioligand binding (ligand: [125I] MIP-1alpha)";"B";"BAO_0000249";"cell membrane format";"None";"None";"None";"HEK293";"Membrane";"";"";"";"CHEMBL274";"C-C chemokine receptor type 5";"Homo sapiens";"SINGLE PROTEIN";"CHEMBL1909046";"15";"DrugMatrix";"";"";"CHEMBL3307715";"";"";"Not Active";""
"CHEMBL276832";"HYDRALAZINE";"4.0";"160.18";"0";"0.92";"HYDRALAZINE";"NNc1nncc2ccccc12";"Ki";"";"";"";"";"";"Inhibition < 50% @ 10 uM and thus dose-reponse curve not measured";"";"";"";"";"";"0";"CHEMBL1909126";"DRUGMATRIX: Chemokine CCR5 radioligand binding (ligand: [125I] MIP-1alpha)";"B";"BAO_0000249";"cell membrane format";"None";"None";"None";"HEK293";"Membrane";"";"";"";"CHEMBL274";"C-C chemokine receptor type 5";"Homo sapiens";"SINGLE PROTEIN";"CHEMBL1909046";"15";"DrugMatrix";"";"";"CHEMBL3307715";"";"";"Not Active";""
"CHEMBL826";"ENOXACIN";"4.0";"320.32";"0";"0.66";"ENOXACIN";"CCn1cc(C(=O)O)c(=O)c2cc(F)c(N3CCNCC3)nc21";"Ki";"";"";"";"";"";"Inhibition < 50% @ 10 uM and thus dose-reponse curve not measured";"";"";"";"";"";"0";"CHEMBL1909126";"DRUGMATRIX: Chemokine CCR5 radioligand binding (ligand: [125I] MIP-1alpha)";"B";"BAO_0000249";"cell membrane format";"None";"None";"None";"HEK293";"Membrane";"";"";"";"CHEMBL274";"C-C chemokine receptor type 5";"Homo sapiens";"SINGLE PROTEIN";"CHEMBL1909046";"15";"DrugMatrix";"";"";"CHEMBL3307715";"";"";"Not Active";""
"CHEMBL1237174";"HYDRAZINE";"0.5";"32.05";"0";"-1.18";"HYDRAZINE";"NN";"Ki";"";"";"";"";"";"Inhibition < 50% @ 10 uM and thus dose-reponse curve not measured";"";"";"";"";"";"0";"CHEMBL1909126";"DRUGMATRIX: Chemokine CCR5 radioligand binding (ligand: [125I] MIP-1alpha)";"B";"BAO_0000249";"cell membrane format";"None";"None";"None";"HEK293";"Membrane";"";"";"";"CHEMBL274";"C-C chemokine receptor type 5";"Homo sapiens";"SINGLE PROTEIN";"CHEMBL1909046";"15";"DrugMatrix";"";"";"CHEMBL3307715";"";"";"Not Active";""
"CHEMBL521";"IBUPROFEN";"4.0";"206.28";"0";"3.07";"IBUPROFEN";"CC(C)Cc1ccc(C(C)C(=O)O)cc1";"Ki";"";"";"";"";"";"Inhibition < 50% @ 10 uM and thus dose-reponse curve not measured";"";"";"";"";"";"0";"CHEMBL1909126";"DRUGMATRIX: Chemokine CCR5 radioligand binding (ligand: [125I] MIP-1alpha)";"B";"BAO_0000249";"cell membrane format";"None";"None";"None";"HEK293";"Membrane";"";"";"";"CHEMBL274";"C-C chemokine receptor type 5";"Homo sapiens";"SINGLE PROTEIN";"CHEMBL1909046";"15";"DrugMatrix";"";"";"CHEMBL3307715";"";"";"Not Active";""
"CHEMBL865";"VALDECOXIB";"4.0";"314.37";"0";"2.96";"VALDECOXIB";"Cc1onc(-c2ccccc2)c1-c1ccc(S(N)(=O)=O)cc1";"Ki";"";"";"";"";"";"Inhibition < 50% @ 10 uM and thus dose-reponse curve not measured";"";"";"";"";"";"0";"CHEMBL1909126";"DRUGMATRIX: Chemokine CCR5 radioligand binding (ligand: [125I] MIP-1alpha)";"B";"BAO_0000249";"cell membrane format";"None";"None";"None";"HEK293";"Membrane";"";"";"";"CHEMBL274";"C-C chemokine receptor type 5";"Homo sapiens";"SINGLE PROTEIN";"CHEMBL1909046";"15";"DrugMatrix";"";"";"CHEMBL3307715";"";"";"Not Active";""
"CHEMBL227934";"STRYCHNINE";"-1.0";"334.42";"0";"2.09";"STRYCHNINE";"O=C1C[C@@H]2OCC=C3CN4CC[C@]56c7ccccc7N1[C@H]5[C@H]2[C@H]3C[C@H]46";"Ki";"";"";"";"";"";"Inhibition < 50% @ 10 uM and thus dose-reponse curve not measured";"";"";"";"";"";"0";"CHEMBL1909126";"DRUGMATRIX: Chemokine CCR5 radioligand binding (ligand: [125I] MIP-1alpha)";"B";"BAO_0000249";"cell membrane format";"None";"None";"None";"HEK293";"Membrane";"";"";"";"CHEMBL274";"C-C chemokine receptor type 5";"Homo sapiens";"SINGLE PROTEIN";"CHEMBL1909046";"15";"DrugMatrix";"";"";"CHEMBL3307715";"";"";"Not Active";""
"CHEMBL485259";"EUCALYPTOL";"3.0";"154.25";"0";"2.74";"EUCALYPTOL";"CC12CCC(CC1)C(C)(C)O2";"Ki";"";"";"";"";"";"Inhibition < 50% @ 10 uM and thus dose-reponse curve not measured";"";"";"";"";"";"0";"CHEMBL1909126";"DRUGMATRIX: Chemokine CCR5 radioligand binding (ligand: [125I] MIP-1alpha)";"B";"BAO_0000249";"cell membrane format";"None";"None";"None";"HEK293";"Membrane";"";"";"";"CHEMBL274";"C-C chemokine receptor type 5";"Homo sapiens";"SINGLE PROTEIN";"CHEMBL1909046";"15";"DrugMatrix";"";"";"CHEMBL3307715";"";"";"Not Active";""
"CHEMBL32749";"FERULATE";"-1.0";"194.19";"0";"1.50";"FERULIC ACID";"COc1cc(/C=C/C(=O)O)ccc1O";"Ki";"";"";"";"";"";"Inhibition < 50% @ 10 uM and thus dose-reponse curve not measured";"";"";"";"";"";"0";"CHEMBL1909126";"DRUGMATRIX: Chemokine CCR5 radioligand binding (ligand: [125I] MIP-1alpha)";"B";"BAO_0000249";"cell membrane format";"None";"None";"None";"HEK293";"Membrane";"";"";"";"CHEMBL274";"C-C chemokine receptor type 5";"Homo sapiens";"SINGLE PROTEIN";"CHEMBL1909046";"15";"DrugMatrix";"";"";"CHEMBL3307715";"";"";"Not Active";""
"CHEMBL41543";"";"None";"238.29";"0";"3.00";"10,11-DIHYDRO-CARBAMAZEPINE";"NC(=O)N1c2ccccc2CCc2ccccc21";"Ki";"";"";"";"";"";"Inhibition < 50% @ 10 uM and thus dose-reponse curve not measured";"";"";"";"";"";"0";"CHEMBL1909126";"DRUGMATRIX: Chemokine CCR5 radioligand binding (ligand: [125I] MIP-1alpha)";"B";"BAO_0000249";"cell membrane format";"None";"None";"None";"HEK293";"Membrane";"";"";"";"CHEMBL274";"C-C chemokine receptor type 5";"Homo sapiens";"SINGLE PROTEIN";"CHEMBL1909046";"15";"DrugMatrix";"";"";"CHEMBL3307715";"";"";"Not Active";""
"CHEMBL660";"AMANTADINE";"4.0";"151.25";"0";"1.91";"AMANTADINE";"NC12CC3CC(CC(C3)C1)C2";"Ki";"";"";"";"";"";"Inhibition < 50% @ 10 uM and thus dose-reponse curve not measured";"";"";"";"";"";"0";"CHEMBL1909126";"DRUGMATRIX: Chemokine CCR5 radioligand binding (ligand: [125I] MIP-1alpha)";"B";"BAO_0000249";"cell membrane format";"None";"None";"None";"HEK293";"Membrane";"";"";"";"CHEMBL274";"C-C chemokine receptor type 5";"Homo sapiens";"SINGLE PROTEIN";"CHEMBL1909046";"15";"DrugMatrix";"";"";"CHEMBL3307715";"";"";"Not Active";""
"CHEMBL24441";"BETAHISTINE";"2.0";"136.20";"0";"0.84";"BETAHISTINE";"CNCCc1ccccn1";"Ki";"";"";"";"";"";"Inhibition < 50% @ 10 uM and thus dose-reponse curve not measured";"";"";"";"";"";"0";"CHEMBL1909126";"DRUGMATRIX: Chemokine CCR5 radioligand binding (ligand: [125I] MIP-1alpha)";"B";"BAO_0000249";"cell membrane format";"None";"None";"None";"HEK293";"Membrane";"";"";"";"CHEMBL274";"C-C chemokine receptor type 5";"Homo sapiens";"SINGLE PROTEIN";"CHEMBL1909046";"15";"DrugMatrix";"";"";"CHEMBL3307715";"";"";"Not Active";""
"CHEMBL66623";"";"None";"539.72";"2";"5.43";"13a";"Cc1cccc(C)c1C(=O)N1CCC(N2CCN(Cc3ccc(Cc4ccc5c(c4)OCO5)cc3)[C@@H](C)C2)CC1";"Ki";"'='";"44.0";"nM";"7.36";"";"";"UO_0000065";"13.63";"0.25";"1.93";"16.26";"0";"CHEMBL649954";"Inhibition of [125I]-labeled RANTES binding to C-C chemokine receptor type 5";"B";"BAO_0000357";"single protein format";"None";"None";"None";"None";"None";"";"";"";"CHEMBL274";"C-C chemokine receptor type 5";"Homo sapiens";"SINGLE PROTEIN";"CHEMBL1133909";"1";"Scientific Literature";"Bioorg Med Chem Lett";"2001";"None";"";"";"";"44.0"
"CHEMBL976";"PRAZIQUANTEL";"4.0";"312.41";"0";"2.53";"PRAZIQUANTEL";"O=C(C1CCCCC1)N1CC(=O)N2CCc3ccccc3C2C1";"Ki";"";"";"";"";"";"Inhibition < 50% @ 10 uM and thus dose-reponse curve not measured";"";"";"";"";"";"0";"CHEMBL1909126";"DRUGMATRIX: Chemokine CCR5 radioligand binding (ligand: [125I] MIP-1alpha)";"B";"BAO_0000249";"cell membrane format";"None";"None";"None";"HEK293";"Membrane";"";"";"";"CHEMBL274";"C-C chemokine receptor type 5";"Homo sapiens";"SINGLE PROTEIN";"CHEMBL1909046";"15";"DrugMatrix";"";"";"CHEMBL3307715";"";"";"Not Active";""
"CHEMBL253376";"BROMHEXINE";"3.0";"376.14";"0";"4.56";"BROMHEXINE";"CN(Cc1cc(Br)cc(Br)c1N)C1CCCCC1";"Ki";"";"";"";"";"";"Inhibition < 50% @ 10 uM and thus dose-reponse curve not measured";"";"";"";"";"";"0";"CHEMBL1909126";"DRUGMATRIX: Chemokine CCR5 radioligand binding (ligand: [125I] MIP-1alpha)";"B";"BAO_0000249";"cell membrane format";"None";"None";"None";"HEK293";"Membrane";"";"";"";"CHEMBL274";"C-C chemokine receptor type 5";"Homo sapiens";"SINGLE PROTEIN";"CHEMBL1909046";"15";"DrugMatrix";"";"";"CHEMBL3307715";"";"";"Not Active";""
"CHEMBL914";"FEXOFENADINE";"4.0";"501.67";"2";"5.51";"FEXOFENADINE";"CC(C)(C(=O)O)c1ccc(C(O)CCCN2CCC(C(O)(c3ccccc3)c3ccccc3)CC2)cc1";"Ki";"";"";"";"";"";"Inhibition < 50% @ 10 uM and thus dose-reponse curve not measured";"";"";"";"";"";"0";"CHEMBL1909126";"DRUGMATRIX: Chemokine CCR5 radioligand binding (ligand: [125I] MIP-1alpha)";"B";"BAO_0000249";"cell membrane format";"None";"None";"None";"HEK293";"Membrane";"";"";"";"CHEMBL274";"C-C chemokine receptor type 5";"Homo sapiens";"SINGLE PROTEIN";"CHEMBL1909046";"15";"DrugMatrix";"";"";"CHEMBL3307715";"";"";"Not Active";""
"CHEMBL499815";"ATRACTYLOSIDE";"None";"803.00";"2";"1.67";"ATRACTYLOSIDE";"C=C1[C@@H]2CCC3[C@@](CC[C@@H]4[C@H](C(=O)O)C[C@@H](O[C@@H]5O[C@H](CO)[C@@H](OS(=O)(=O)[O-])[C@H](OS(=O)(=O)[O-])[C@H]5OC(=O)CC(C)C)C[C@@]34C)(C2)[C@@H]1O.[K+].[K+]";"Ki";"";"";"";"";"";"Inhibition < 50% @ 10 uM and thus dose-reponse curve not measured";"";"";"";"";"";"0";"CHEMBL1909126";"DRUGMATRIX: Chemokine CCR5 radioligand binding (ligand: [125I] MIP-1alpha)";"B";"BAO_0000249";"cell membrane format";"None";"None";"None";"HEK293";"Membrane";"";"";"";"CHEMBL274";"C-C chemokine receptor type 5";"Homo sapiens";"SINGLE PROTEIN";"CHEMBL1909046";"15";"DrugMatrix";"";"";"CHEMBL3307715";"";"";"Not Active";""
"CHEMBL45245";"";"None";"195.22";"0";"2.68";"6(5H)-PHENANTHRIDINONE";"O=c1[nH]c2ccccc2c2ccccc12";"Ki";"";"";"";"";"";"Inhibition < 50% @ 10 uM and thus dose-reponse curve not measured";"";"";"";"";"";"0";"CHEMBL1909126";"DRUGMATRIX: Chemokine CCR5 radioligand binding (ligand: [125I] MIP-1alpha)";"B";"BAO_0000249";"cell membrane format";"None";"None";"None";"HEK293";"Membrane";"";"";"";"CHEMBL274";"C-C chemokine receptor type 5";"Homo sapiens";"SINGLE PROTEIN";"CHEMBL1909046";"15";"DrugMatrix";"";"";"CHEMBL3307715";"";"";"Not Active";""
"CHEMBL420";"GUANABENZ";"4.0";"231.09";"0";"1.81";"GUANABENZ";"N=C(N)N/N=C/c1c(Cl)cccc1Cl";"Ki";"";"";"";"";"";"Inhibition < 50% @ 10 uM and thus dose-reponse curve not measured";"";"";"";"";"";"0";"CHEMBL1909126";"DRUGMATRIX: Chemokine CCR5 radioligand binding (ligand: [125I] MIP-1alpha)";"B";"BAO_0000249";"cell membrane format";"None";"None";"None";"HEK293";"Membrane";"";"";"";"CHEMBL274";"C-C chemokine receptor type 5";"Homo sapiens";"SINGLE PROTEIN";"CHEMBL1909046";"15";"DrugMatrix";"";"";"CHEMBL3307715";"";"";"Not Active";""
"CHEMBL1282";"IMIQUIMOD";"4.0";"240.31";"0";"2.82";"IMIQUIMOD";"CC(C)Cn1cnc2c(N)nc3ccccc3c21";"Ki";"";"";"";"";"";"Inhibition < 50% @ 10 uM and thus dose-reponse curve not measured";"";"";"";"";"";"0";"CHEMBL1909126";"DRUGMATRIX: Chemokine CCR5 radioligand binding (ligand: [125I] MIP-1alpha)";"B";"BAO_0000249";"cell membrane format";"None";"None";"None";"HEK293";"Membrane";"";"";"";"CHEMBL274";"C-C chemokine receptor type 5";"Homo sapiens";"SINGLE PROTEIN";"CHEMBL1909046";"15";"DrugMatrix";"";"";"CHEMBL3307715";"";"";"Not Active";""
"CHEMBL305660";"EBASTINE";"4.0";"469.67";"1";"7.22";"EBASTINE";"CC(C)(C)c1ccc(C(=O)CCCN2CCC(OC(c3ccccc3)c3ccccc3)CC2)cc1";"Ki";"";"";"";"";"";"Inhibition < 50% @ 10 uM and thus dose-reponse curve not measured";"";"";"";"";"";"0";"CHEMBL1909126";"DRUGMATRIX: Chemokine CCR5 radioligand binding (ligand: [125I] MIP-1alpha)";"B";"BAO_0000249";"cell membrane format";"None";"None";"None";"HEK293";"Membrane";"";"";"";"CHEMBL274";"C-C chemokine receptor type 5";"Homo sapiens";"SINGLE PROTEIN";"CHEMBL1909046";"15";"DrugMatrix";"";"";"CHEMBL3307715";"";"";"Not Active";""
"CHEMBL508112";"BENZOTHIAZYL DISULFIDE";"None";"332.50";"1";"5.71";"BENZOTHIAZYL DISULFIDE";"c1ccc2sc(SSc3nc4ccccc4s3)nc2c1";"Ki";"";"";"";"";"";"Inhibition < 50% @ 10 uM and thus dose-reponse curve not measured";"";"";"";"";"";"0";"CHEMBL1909126";"DRUGMATRIX: Chemokine CCR5 radioligand binding (ligand: [125I] MIP-1alpha)";"B";"BAO_0000249";"cell membrane format";"None";"None";"None";"HEK293";"Membrane";"";"";"";"CHEMBL274";"C-C chemokine receptor type 5";"Homo sapiens";"SINGLE PROTEIN";"CHEMBL1909046";"15";"DrugMatrix";"";"";"CHEMBL3307715";"";"";"Not Active";""
"CHEMBL1200396";"BUPIVACAINE HYDROCHLORIDE";"4.0";"324.90";"0";"3.90";"BUPIVACAINE HYDROCHLORIDE";"CCCCN1CCCCC1C(=O)Nc1c(C)cccc1C.Cl";"Ki";"";"";"";"";"";"Inhibition < 50% @ 10 uM and thus dose-reponse curve not measured";"";"";"";"";"";"0";"CHEMBL1909126";"DRUGMATRIX: Chemokine CCR5 radioligand binding (ligand: [125I] MIP-1alpha)";"B";"BAO_0000249";"cell membrane format";"None";"None";"None";"HEK293";"Membrane";"";"";"";"CHEMBL274";"C-C chemokine receptor type 5";"Homo sapiens";"SINGLE PROTEIN";"CHEMBL1909046";"15";"DrugMatrix";"";"";"CHEMBL3307715";"";"";"Not Active";""
"CHEMBL558551";"";"None";"258.23";"0";"0.09";"(+)-THALIDOMIDE";"O=C1CC[C@@H](N2C(=O)c3ccccc3C2=O)C(=O)N1";"Ki";"";"";"";"";"";"Inhibition < 50% @ 10 uM and thus dose-reponse curve not measured";"";"";"";"";"";"0";"CHEMBL1909126";"DRUGMATRIX: Chemokine CCR5 radioligand binding (ligand: [125I] MIP-1alpha)";"B";"BAO_0000249";"cell membrane format";"None";"None";"None";"HEK293";"Membrane";"";"";"";"CHEMBL274";"C-C chemokine receptor type 5";"Homo sapiens";"SINGLE PROTEIN";"CHEMBL1909046";"15";"DrugMatrix";"";"";"CHEMBL3307715";"";"";"Not Active";""
"CHEMBL871";"ETIDRONIC ACID";"4.0";"206.03";"0";"-0.99";"ETIDRONATE";"CC(O)(P(=O)(O)O)P(=O)(O)O";"Ki";"";"";"";"";"";"Inhibition < 50% @ 10 uM and thus dose-reponse curve not measured";"";"";"";"";"";"0";"CHEMBL1909126";"DRUGMATRIX: Chemokine CCR5 radioligand binding (ligand: [125I] MIP-1alpha)";"B";"BAO_0000249";"cell membrane format";"None";"None";"None";"HEK293";"Membrane";"";"";"";"CHEMBL274";"C-C chemokine receptor type 5";"Homo sapiens";"SINGLE PROTEIN";"CHEMBL1909046";"15";"DrugMatrix";"";"";"CHEMBL3307715";"";"";"Not Active";""
"CHEMBL203266";"TRIMETAZIDINE";"3.0";"266.34";"0";"1.12";"TRIMETAZIDINE";"COc1ccc(CN2CCNCC2)c(OC)c1OC";"Ki";"";"";"";"";"";"Inhibition < 50% @ 10 uM and thus dose-reponse curve not measured";"";"";"";"";"";"0";"CHEMBL1909126";"DRUGMATRIX: Chemokine CCR5 radioligand binding (ligand: [125I] MIP-1alpha)";"B";"BAO_0000249";"cell membrane format";"None";"None";"None";"HEK293";"Membrane";"";"";"";"CHEMBL274";"C-C chemokine receptor type 5";"Homo sapiens";"SINGLE PROTEIN";"CHEMBL1909046";"15";"DrugMatrix";"";"";"CHEMBL3307715";"";"";"Not Active";""
"CHEMBL611";"TERAZOSIN";"4.0";"387.44";"0";"1.06";"TERAZOSIN";"COc1cc2nc(N3CCN(C(=O)C4CCCO4)CC3)nc(N)c2cc1OC";"Ki";"";"";"";"";"";"Inhibition < 50% @ 10 uM and thus dose-reponse curve not measured";"";"";"";"";"";"0";"CHEMBL1909126";"DRUGMATRIX: Chemokine CCR5 radioligand binding (ligand: [125I] MIP-1alpha)";"B";"BAO_0000249";"cell membrane format";"None";"None";"None";"HEK293";"Membrane";"";"";"";"CHEMBL274";"C-C chemokine receptor type 5";"Homo sapiens";"SINGLE PROTEIN";"CHEMBL1909046";"15";"DrugMatrix";"";"";"CHEMBL3307715";"";"";"Not Active";""
"CHEMBL163078";"";"None";"331.46";"0";"2.42";"3";"Cc1cc[n+]([O-])c(C)c1C(=O)N1CCC(C)(N2CCCCC2)CC1";"Ki";"'='";"92.93";"nM";"7.03";"";"";"UO_0000065";"21.21";"0.40";"4.61";"13.93";"0";"CHEMBL650747";"Inhibitory activity against CCR5 receptor in CHO cell membranes was determined using radio-ligand [125I]-RANTES binding assay";"B";"BAO_0000219";"cell-based format";"None";"None";"None";"CHO";"None";"";"";"";"CHEMBL274";"C-C chemokine receptor type 5";"Homo sapiens";"SINGLE PROTEIN";"CHEMBL1136594";"1";"Scientific Literature";"Bioorg Med Chem Lett";"2003";"CHEMBL3308072";"";"";"";"92.93"
"CHEMBL372795";"STREPTOMYCIN";"4.0";"581.58";"3";"-8.16";"STREPTOMYCIN";"CN[C@@H]1[C@H](O[C@H]2[C@H](O[C@H]3[C@H](O)[C@@H](O)[C@H](N=C(N)N)[C@@H](O)[C@@H]3N=C(N)N)O[C@@H](C)[C@]2(O)C=O)O[C@@H](CO)[C@H](O)[C@H]1O";"Ki";"";"";"";"";"";"Inhibition < 50% @ 10 uM and thus dose-reponse curve not measured";"";"";"";"";"";"0";"CHEMBL1909126";"DRUGMATRIX: Chemokine CCR5 radioligand binding (ligand: [125I] MIP-1alpha)";"B";"BAO_0000249";"cell membrane format";"None";"None";"None";"HEK293";"Membrane";"";"";"";"CHEMBL274";"C-C chemokine receptor type 5";"Homo sapiens";"SINGLE PROTEIN";"CHEMBL1909046";"15";"DrugMatrix";"";"";"CHEMBL3307715";"";"";"Not Active";""
"CHEMBL154";"NAPROXEN";"4.0";"230.26";"0";"3.04";"NAPROXEN";"COc1ccc2cc([C@H](C)C(=O)O)ccc2c1";"Ki";"";"";"";"";"";"Inhibition < 50% @ 10 uM and thus dose-reponse curve not measured";"";"";"";"";"";"0";"CHEMBL1909126";"DRUGMATRIX: Chemokine CCR5 radioligand binding (ligand: [125I] MIP-1alpha)";"B";"BAO_0000249";"cell membrane format";"None";"None";"None";"HEK293";"Membrane";"";"";"";"CHEMBL274";"C-C chemokine receptor type 5";"Homo sapiens";"SINGLE PROTEIN";"CHEMBL1909046";"15";"DrugMatrix";"";"";"CHEMBL3307715";"";"";"Not Active";""
"CHEMBL642";"ACEBUTOLOL";"4.0";"336.43";"0";"2.37";"ACEBUTOLOL";"CCCC(=O)Nc1ccc(OCC(O)CNC(C)C)c(C(C)=O)c1";"Ki";"";"";"";"";"";"Inhibition < 50% @ 10 uM and thus dose-reponse curve not measured";"";"";"";"";"";"0";"CHEMBL1909126";"DRUGMATRIX: Chemokine CCR5 radioligand binding (ligand: [125I] MIP-1alpha)";"B";"BAO_0000249";"cell membrane format";"None";"None";"None";"HEK293";"Membrane";"";"";"";"CHEMBL274";"C-C chemokine receptor type 5";"Homo sapiens";"SINGLE PROTEIN";"CHEMBL1909046";"15";"DrugMatrix";"";"";"CHEMBL3307715";"";"";"Not Active";""
"CHEMBL93645";"ACECLOFENAC";"2.0";"354.19";"0";"3.91";"ACECLOFENAC";"O=C(O)COC(=O)Cc1ccccc1Nc1c(Cl)cccc1Cl";"Ki";"";"";"";"";"";"Inhibition < 50% @ 10 uM and thus dose-reponse curve not measured";"";"";"";"";"";"0";"CHEMBL1909126";"DRUGMATRIX: Chemokine CCR5 radioligand binding (ligand: [125I] MIP-1alpha)";"B";"BAO_0000249";"cell membrane format";"None";"None";"None";"HEK293";"Membrane";"";"";"";"CHEMBL274";"C-C chemokine receptor type 5";"Homo sapiens";"SINGLE PROTEIN";"CHEMBL1909046";"15";"DrugMatrix";"";"";"CHEMBL3307715";"";"";"Not Active";""
"CHEMBL1365675";"AMITRAZ";"2.0";"293.41";"0";"4.87";"AMITRAZ";"Cc1ccc(/N=C/N(C)/C=N/c2ccc(C)cc2C)c(C)c1";"Ki";"";"";"";"";"";"Inhibition < 50% @ 10 uM and thus dose-reponse curve not measured";"";"";"";"";"";"0";"CHEMBL1909126";"DRUGMATRIX: Chemokine CCR5 radioligand binding (ligand: [125I] MIP-1alpha)";"B";"BAO_0000249";"cell membrane format";"None";"None";"None";"HEK293";"Membrane";"";"";"";"CHEMBL274";"C-C chemokine receptor type 5";"Homo sapiens";"SINGLE PROTEIN";"CHEMBL1909046";"15";"DrugMatrix";"";"";"CHEMBL3307715";"";"";"Not Active";""
"CHEMBL34139";"GENACONAZOLE";"None";"331.34";"0";"0.88";"GENACONAZOLE (RR(+) ISOMER)";"C[C@H]([C@](O)(Cn1cncn1)c1ccc(F)cc1F)S(C)(=O)=O";"Ki";"";"";"";"";"";"Inhibition < 50% @ 10 uM and thus dose-reponse curve not measured";"";"";"";"";"";"0";"CHEMBL1909126";"DRUGMATRIX: Chemokine CCR5 radioligand binding (ligand: [125I] MIP-1alpha)";"B";"BAO_0000249";"cell membrane format";"None";"None";"None";"HEK293";"Membrane";"";"";"";"CHEMBL274";"C-C chemokine receptor type 5";"Homo sapiens";"SINGLE PROTEIN";"CHEMBL1909046";"15";"DrugMatrix";"";"";"CHEMBL3307715";"";"";"Not Active";""
"CHEMBL456";"ETHACRYNIC ACID";"4.0";"303.14";"0";"3.61";"ETHACRYNIC ACID";"C=C(CC)C(=O)c1ccc(OCC(=O)O)c(Cl)c1Cl";"Ki";"";"";"";"";"";"Inhibition < 50% @ 10 uM and thus dose-reponse curve not measured";"";"";"";"";"";"0";"CHEMBL1909126";"DRUGMATRIX: Chemokine CCR5 radioligand binding (ligand: [125I] MIP-1alpha)";"B";"BAO_0000249";"cell membrane format";"None";"None";"None";"HEK293";"Membrane";"";"";"";"CHEMBL274";"C-C chemokine receptor type 5";"Homo sapiens";"SINGLE PROTEIN";"CHEMBL1909046";"15";"DrugMatrix";"";"";"CHEMBL3307715";"";"";"Not Active";""
"CHEMBL413965";"FELBINAC";"3.0";"212.25";"0";"2.98";"FELBINAC";"O=C(O)Cc1ccc(-c2ccccc2)cc1";"Ki";"";"";"";"";"";"Inhibition < 50% @ 10 uM and thus dose-reponse curve not measured";"";"";"";"";"";"0";"CHEMBL1909126";"DRUGMATRIX: Chemokine CCR5 radioligand binding (ligand: [125I] MIP-1alpha)";"B";"BAO_0000249";"cell membrane format";"None";"None";"None";"HEK293";"Membrane";"";"";"";"CHEMBL274";"C-C chemokine receptor type 5";"Homo sapiens";"SINGLE PROTEIN";"CHEMBL1909046";"15";"DrugMatrix";"";"";"CHEMBL3307715";"";"";"Not Active";""
"CHEMBL1405";"ESTRONE";"4.0";"270.37";"0";"3.82";"ESTRONE";"C[C@]12CC[C@@H]3c4ccc(O)cc4CC[C@H]3[C@@H]1CCC2=O";"Ki";"";"";"";"";"";"Inhibition < 50% @ 10 uM and thus dose-reponse curve not measured";"";"";"";"";"";"0";"CHEMBL1909126";"DRUGMATRIX: Chemokine CCR5 radioligand binding (ligand: [125I] MIP-1alpha)";"B";"BAO_0000249";"cell membrane format";"None";"None";"None";"HEK293";"Membrane";"";"";"";"CHEMBL274";"C-C chemokine receptor type 5";"Homo sapiens";"SINGLE PROTEIN";"CHEMBL1909046";"15";"DrugMatrix";"";"";"CHEMBL3307715";"";"";"Not Active";""
"CHEMBL1467";"ALLOPURINOL";"4.0";"136.11";"0";"0.06";"allopurinol";"Oc1ncnc2[nH]ncc12";"Ki";"";"";"";"";"";"Inhibition < 50% @ 10 uM and thus dose-reponse curve not measured";"";"";"";"";"";"0";"CHEMBL1909126";"DRUGMATRIX: Chemokine CCR5 radioligand binding (ligand: [125I] MIP-1alpha)";"B";"BAO_0000249";"cell membrane format";"None";"None";"None";"HEK293";"Membrane";"";"";"";"CHEMBL274";"C-C chemokine receptor type 5";"Homo sapiens";"SINGLE PROTEIN";"CHEMBL1909046";"15";"DrugMatrix";"";"";"CHEMBL3307715";"";"";"Not Active";""
"CHEMBL1568";"FLUDARABINE";"3.0";"285.24";"0";"-1.84";"FLUDARABINE";"Nc1nc(F)nc2c1ncn2[C@@H]1O[C@H](CO)[C@@H](O)[C@@H]1O";"Ki";"";"";"";"";"";"Inhibition < 50% @ 10 uM and thus dose-reponse curve not measured";"";"";"";"";"";"0";"CHEMBL1909126";"DRUGMATRIX: Chemokine CCR5 radioligand binding (ligand: [125I] MIP-1alpha)";"B";"BAO_0000249";"cell membrane format";"None";"None";"None";"HEK293";"Membrane";"";"";"";"CHEMBL274";"C-C chemokine receptor type 5";"Homo sapiens";"SINGLE PROTEIN";"CHEMBL1909046";"15";"DrugMatrix";"";"";"CHEMBL3307715";"";"";"Not Active";""
"CHEMBL20";"ACETAZOLAMIDE";"4.0";"222.25";"0";"-0.86";"ACETAZOLAMIDE";"CC(=O)Nc1nnc(S(N)(=O)=O)s1";"Ki";"";"";"";"";"";"Inhibition < 50% @ 10 uM and thus dose-reponse curve not measured";"";"";"";"";"";"0";"CHEMBL1909126";"DRUGMATRIX: Chemokine CCR5 radioligand binding (ligand: [125I] MIP-1alpha)";"B";"BAO_0000249";"cell membrane format";"None";"None";"None";"HEK293";"Membrane";"";"";"";"CHEMBL274";"C-C chemokine receptor type 5";"Homo sapiens";"SINGLE PROTEIN";"CHEMBL1909046";"15";"DrugMatrix";"";"";"CHEMBL3307715";"";"";"Not Active";""
"CHEMBL532";"ERYTHROMYCIN";"4.0";"733.94";"2";"1.79";"ERYTHROMYCIN";"CC[C@H]1OC(=O)[C@H](C)[C@@H](O[C@H]2C[C@@](C)(OC)[C@@H](O)[C@H](C)O2)[C@H](C)[C@@H](O[C@@H]2O[C@H](C)C[C@H](N(C)C)[C@H]2O)[C@](C)(O)C[C@@H](C)C(=O)[C@H](C)[C@@H](O)[C@]1(C)O";"Ki";"";"";"";"";"";"Inhibition < 50% @ 10 uM and thus dose-reponse curve not measured";"";"";"";"";"";"0";"CHEMBL1909126";"DRUGMATRIX: Chemokine CCR5 radioligand binding (ligand: [125I] MIP-1alpha)";"B";"BAO_0000249";"cell membrane format";"None";"None";"None";"HEK293";"Membrane";"";"";"";"CHEMBL274";"C-C chemokine receptor type 5";"Homo sapiens";"SINGLE PROTEIN";"CHEMBL1909046";"15";"DrugMatrix";"";"";"CHEMBL3307715";"";"";"Not Active";""
"CHEMBL1537";"AZLOCILLIN";"4.0";"461.50";"0";"0.09";"AZLOCILLIN";"CC1(C)S[C@@H]2[C@H](NC(=O)[C@H](NC(=O)N3CCNC3=O)c3ccccc3)C(=O)N2[C@H]1C(=O)O";"Ki";"";"";"";"";"";"Inhibition < 50% @ 10 uM and thus dose-reponse curve not measured";"";"";"";"";"";"0";"CHEMBL1909126";"DRUGMATRIX: Chemokine CCR5 radioligand binding (ligand: [125I] MIP-1alpha)";"B";"BAO_0000249";"cell membrane format";"None";"None";"None";"HEK293";"Membrane";"";"";"";"CHEMBL274";"C-C chemokine receptor type 5";"Homo sapiens";"SINGLE PROTEIN";"CHEMBL1909046";"15";"DrugMatrix";"";"";"CHEMBL3307715";"";"";"Not Active";""
"CHEMBL1201010";"FLUDROCORTISONE ACETATE";"4.0";"422.49";"0";"2.44";"FLUDROCORTISONE ACETATE";"CC(=O)OCC(=O)[C@@]1(O)CC[C@H]2[C@@H]3CCC4=CC(=O)CC[C@]4(C)[C@@]3(F)[C@@H](O)C[C@@]21C";"Ki";"";"";"";"";"";"Inhibition < 50% @ 10 uM and thus dose-reponse curve not measured";"";"";"";"";"";"0";"CHEMBL1909126";"DRUGMATRIX: Chemokine CCR5 radioligand binding (ligand: [125I] MIP-1alpha)";"B";"BAO_0000249";"cell membrane format";"None";"None";"None";"HEK293";"Membrane";"";"";"";"CHEMBL274";"C-C chemokine receptor type 5";"Homo sapiens";"SINGLE PROTEIN";"CHEMBL1909046";"15";"DrugMatrix";"";"";"CHEMBL3307715";"";"";"Not Active";""
"CHEMBL720";"BENZYL ALCOHOL";"4.0";"108.14";"0";"1.18";"BENZYL ALCOHOL";"OCc1ccccc1";"Ki";"";"";"";"";"";"Inhibition < 50% @ 10 uM and thus dose-reponse curve not measured";"";"";"";"";"";"0";"CHEMBL1909126";"DRUGMATRIX: Chemokine CCR5 radioligand binding (ligand: [125I] MIP-1alpha)";"B";"BAO_0000249";"cell membrane format";"None";"None";"None";"HEK293";"Membrane";"";"";"";"CHEMBL274";"C-C chemokine receptor type 5";"Homo sapiens";"SINGLE PROTEIN";"CHEMBL1909046";"15";"DrugMatrix";"";"";"CHEMBL3307715";"";"";"Not Active";""
"CHEMBL1105";"6-METHOXY-2-NAPHTHYLACETIC ACID";"-1.0";"216.24";"0";"2.48";"6-METHOXY-2-NAPHTHYLACETIC ACID";"COc1ccc2cc(CC(=O)O)ccc2c1";"Ki";"";"";"";"";"";"Inhibition < 50% @ 10 uM and thus dose-reponse curve not measured";"";"";"";"";"";"0";"CHEMBL1909126";"DRUGMATRIX: Chemokine CCR5 radioligand binding (ligand: [125I] MIP-1alpha)";"B";"BAO_0000249";"cell membrane format";"None";"None";"None";"HEK293";"Membrane";"";"";"";"CHEMBL274";"C-C chemokine receptor type 5";"Homo sapiens";"SINGLE PROTEIN";"CHEMBL1909046";"15";"DrugMatrix";"";"";"CHEMBL3307715";"";"";"Not Active";""
"CHEMBL1476898";"CADMIUM ACETATE";"None";"230.50";"None";"None";"CADMIUM ACETATE";"";"Ki";"";"";"";"";"";"Inhibition < 50% @ 10 uM and thus dose-reponse curve not measured";"";"";"";"";"";"0";"CHEMBL1909126";"DRUGMATRIX: Chemokine CCR5 radioligand binding (ligand: [125I] MIP-1alpha)";"B";"BAO_0000249";"cell membrane format";"None";"None";"None";"HEK293";"Membrane";"";"";"";"CHEMBL274";"C-C chemokine receptor type 5";"Homo sapiens";"SINGLE PROTEIN";"CHEMBL1909046";"15";"DrugMatrix";"";"";"CHEMBL3307715";"";"";"Not Active";""
"CHEMBL820";"BUSULFAN";"4.0";"246.31";"0";"-0.28";"BUSULFAN";"CS(=O)(=O)OCCCCOS(C)(=O)=O";"Ki";"";"";"";"";"";"Inhibition < 50% @ 10 uM and thus dose-reponse curve not measured";"";"";"";"";"";"0";"CHEMBL1909126";"DRUGMATRIX: Chemokine CCR5 radioligand binding (ligand: [125I] MIP-1alpha)";"B";"BAO_0000249";"cell membrane format";"None";"None";"None";"HEK293";"Membrane";"";"";"";"CHEMBL274";"C-C chemokine receptor type 5";"Homo sapiens";"SINGLE PROTEIN";"CHEMBL1909046";"15";"DrugMatrix";"";"";"CHEMBL3307715";"";"";"Not Active";""
"CHEMBL803";"CYTARABINE";"4.0";"243.22";"0";"-2.56";"CYTARABINE";"Nc1ccn([C@@H]2O[C@H](CO)[C@@H](O)[C@@H]2O)c(=O)n1";"Ki";"";"";"";"";"";"Inhibition < 50% @ 10 uM and thus dose-reponse curve not measured";"";"";"";"";"";"0";"CHEMBL1909126";"DRUGMATRIX: Chemokine CCR5 radioligand binding (ligand: [125I] MIP-1alpha)";"B";"BAO_0000249";"cell membrane format";"None";"None";"None";"HEK293";"Membrane";"";"";"";"CHEMBL274";"C-C chemokine receptor type 5";"Homo sapiens";"SINGLE PROTEIN";"CHEMBL1909046";"15";"DrugMatrix";"";"";"CHEMBL3307715";"";"";"Not Active";""
"CHEMBL181";"DIAZOXIDE";"4.0";"230.68";"0";"1.68";"DIAZOXIDE";"CC1=Nc2ccc(Cl)cc2S(=O)(=O)N1";"Ki";"";"";"";"";"";"Inhibition < 50% @ 10 uM and thus dose-reponse curve not measured";"";"";"";"";"";"0";"CHEMBL1909126";"DRUGMATRIX: Chemokine CCR5 radioligand binding (ligand: [125I] MIP-1alpha)";"B";"BAO_0000249";"cell membrane format";"None";"None";"None";"HEK293";"Membrane";"";"";"";"CHEMBL274";"C-C chemokine receptor type 5";"Homo sapiens";"SINGLE PROTEIN";"CHEMBL1909046";"15";"DrugMatrix";"";"";"CHEMBL3307715";"";"";"Not Active";""
"CHEMBL43064";"CINNARIZINE";"2.0";"368.52";"1";"5.11";"CINNARIZINE";"C(=C/c1ccccc1)\CN1CCN(C(c2ccccc2)c2ccccc2)CC1";"Ki";"";"";"";"";"";"Inhibition < 50% @ 10 uM and thus dose-reponse curve not measured";"";"";"";"";"";"0";"CHEMBL1909126";"DRUGMATRIX: Chemokine CCR5 radioligand binding (ligand: [125I] MIP-1alpha)";"B";"BAO_0000249";"cell membrane format";"None";"None";"None";"HEK293";"Membrane";"";"";"";"CHEMBL274";"C-C chemokine receptor type 5";"Homo sapiens";"SINGLE PROTEIN";"CHEMBL1909046";"15";"DrugMatrix";"";"";"CHEMBL3307715";"";"";"Not Active";""
"CHEMBL2338390";"";"None";"601.59";"1";"4.38";"2";"CO[C@@H]1COCC[C@@H]1NC1CCN(C(=O)c2nc(C(F)(F)F)nc(N3CCc4cc(C(F)(F)F)ccc4C3)c2C)CC1";"Ki";"'='";"150.0";"nM";"6.82";"";"";"UO_0000065";"11.34";"0.22";"2.44";"8.55";"0";"CHEMBL2344606";"Displacement of [125I]RANTES from human CCR5 expressed in CHO cell membranes coexpressing Gal6 after 6 hrs by scintillation counting analysis";"B";"BAO_0000219";"cell-based format";"Homo sapiens";"None";"None";"CHO";"None";"";"";"";"CHEMBL274";"C-C chemokine receptor type 5";"Homo sapiens";"SINGLE PROTEIN";"CHEMBL2331291";"1";"Scientific Literature";"ACS Med Chem Lett";"2013";"CHEMBL3308072";"";"";"";"150.0"
"CHEMBL1527608";"DOXOFYLLINE";"3.0";"266.26";"0";"-1.19";"DOXOFYLLINE";"Cn1c(=O)c2c(ncn2CC2OCCO2)n(C)c1=O";"Ki";"";"";"";"";"";"Inhibition < 50% @ 10 uM and thus dose-reponse curve not measured";"";"";"";"";"";"0";"CHEMBL1909126";"DRUGMATRIX: Chemokine CCR5 radioligand binding (ligand: [125I] MIP-1alpha)";"B";"BAO_0000249";"cell membrane format";"None";"None";"None";"HEK293";"Membrane";"";"";"";"CHEMBL274";"C-C chemokine receptor type 5";"Homo sapiens";"SINGLE PROTEIN";"CHEMBL1909046";"15";"DrugMatrix";"";"";"CHEMBL3307715";"";"";"Not Active";""
"CHEMBL27";"PROPRANOLOL";"4.0";"259.35";"0";"2.58";"PROPRANOLOL";"CC(C)NCC(O)COc1cccc2ccccc12";"Ki";"";"";"";"";"";"Inhibition < 50% @ 10 uM and thus dose-reponse curve not measured";"";"";"";"";"";"0";"CHEMBL1909126";"DRUGMATRIX: Chemokine CCR5 radioligand binding (ligand: [125I] MIP-1alpha)";"B";"BAO_0000249";"cell membrane format";"None";"None";"None";"HEK293";"Membrane";"";"";"";"CHEMBL274";"C-C chemokine receptor type 5";"Homo sapiens";"SINGLE PROTEIN";"CHEMBL1909046";"15";"DrugMatrix";"";"";"CHEMBL3307715";"";"";"Not Active";""
"CHEMBL741";"LAMOTRIGINE";"4.0";"256.10";"0";"2.01";"Lamotrigine";"Nc1nnc(-c2cccc(Cl)c2Cl)c(N)n1";"Ki";"";"";"";"";"";"Inhibition < 50% @ 10 uM and thus dose-reponse curve not measured";"";"";"";"";"";"0";"CHEMBL1909126";"DRUGMATRIX: Chemokine CCR5 radioligand binding (ligand: [125I] MIP-1alpha)";"B";"BAO_0000249";"cell membrane format";"None";"None";"None";"HEK293";"Membrane";"";"";"";"CHEMBL274";"C-C chemokine receptor type 5";"Homo sapiens";"SINGLE PROTEIN";"CHEMBL1909046";"15";"DrugMatrix";"";"";"CHEMBL3307715";"";"";"Not Active";""
"CHEMBL1177";"PEMOLINE";"4.0";"176.18";"0";"0.60";"PEMOLINE";"NC1=NC(=O)C(c2ccccc2)O1";"Ki";"";"";"";"";"";"Inhibition < 50% @ 10 uM and thus dose-reponse curve not measured";"";"";"";"";"";"0";"CHEMBL1909126";"DRUGMATRIX: Chemokine CCR5 radioligand binding (ligand: [125I] MIP-1alpha)";"B";"BAO_0000249";"cell membrane format";"None";"None";"None";"HEK293";"Membrane";"";"";"";"CHEMBL274";"C-C chemokine receptor type 5";"Homo sapiens";"SINGLE PROTEIN";"CHEMBL1909046";"15";"DrugMatrix";"";"";"CHEMBL3307715";"";"";"Not Active";""
"CHEMBL564";"PROMAZINE";"4.0";"284.43";"0";"4.24";"PROMAZINE";"CN(C)CCCN1c2ccccc2Sc2ccccc21";"Ki";"";"";"";"";"";"Inhibition < 50% @ 10 uM and thus dose-reponse curve not measured";"";"";"";"";"";"0";"CHEMBL1909126";"DRUGMATRIX: Chemokine CCR5 radioligand binding (ligand: [125I] MIP-1alpha)";"B";"BAO_0000249";"cell membrane format";"None";"None";"None";"HEK293";"Membrane";"";"";"";"CHEMBL274";"C-C chemokine receptor type 5";"Homo sapiens";"SINGLE PROTEIN";"CHEMBL1909046";"15";"DrugMatrix";"";"";"CHEMBL3307715";"";"";"Not Active";""
"CHEMBL57";"NEVIRAPINE";"4.0";"266.30";"0";"2.65";"96";"Cc1ccnc2c1NC(=O)c1cccnc1N2C1CC1";"Ki";"";"";"";"";"";"Inhibition < 50% @ 10 uM and thus dose-reponse curve not measured";"";"";"";"";"";"0";"CHEMBL1909126";"DRUGMATRIX: Chemokine CCR5 radioligand binding (ligand: [125I] MIP-1alpha)";"B";"BAO_0000249";"cell membrane format";"None";"None";"None";"HEK293";"Membrane";"";"";"";"CHEMBL274";"C-C chemokine receptor type 5";"Homo sapiens";"SINGLE PROTEIN";"CHEMBL1909046";"15";"DrugMatrix";"";"";"CHEMBL3307715";"";"";"Not Active";""
"CHEMBL12856";"INAMRINONE";"4.0";"187.20";"0";"1.02";"AMRINONE";"Nc1cc(-c2ccncc2)c[nH]c1=O";"Ki";"";"";"";"";"";"Inhibition < 50% @ 10 uM and thus dose-reponse curve not measured";"";"";"";"";"";"0";"CHEMBL1909126";"DRUGMATRIX: Chemokine CCR5 radioligand binding (ligand: [125I] MIP-1alpha)";"B";"BAO_0000249";"cell membrane format";"None";"None";"None";"HEK293";"Membrane";"";"";"";"CHEMBL274";"C-C chemokine receptor type 5";"Homo sapiens";"SINGLE PROTEIN";"CHEMBL1909046";"15";"DrugMatrix";"";"";"CHEMBL3307715";"";"";"Not Active";""
"CHEMBL452";"CLONAZEPAM";"4.0";"315.72";"0";"3.04";"CLONAZEPAM";"O=C1CN=C(c2ccccc2Cl)c2cc([N+](=O)[O-])ccc2N1";"Ki";"";"";"";"";"";"Inhibition < 50% @ 10 uM and thus dose-reponse curve not measured";"";"";"";"";"";"0";"CHEMBL1909126";"DRUGMATRIX: Chemokine CCR5 radioligand binding (ligand: [125I] MIP-1alpha)";"B";"BAO_0000249";"cell membrane format";"None";"None";"None";"HEK293";"Membrane";"";"";"";"CHEMBL274";"C-C chemokine receptor type 5";"Homo sapiens";"SINGLE PROTEIN";"CHEMBL1909046";"15";"DrugMatrix";"";"";"CHEMBL3307715";"";"";"Not Active";""
"CHEMBL711";"PHENINDIONE";"4.0";"222.24";"0";"2.85";"PHENINDIONE";"O=C1c2ccccc2C(=O)C1c1ccccc1";"Ki";"";"";"";"";"";"Inhibition < 50% @ 10 uM and thus dose-reponse curve not measured";"";"";"";"";"";"0";"CHEMBL1909126";"DRUGMATRIX: Chemokine CCR5 radioligand binding (ligand: [125I] MIP-1alpha)";"B";"BAO_0000249";"cell membrane format";"None";"None";"None";"HEK293";"Membrane";"";"";"";"CHEMBL274";"C-C chemokine receptor type 5";"Homo sapiens";"SINGLE PROTEIN";"CHEMBL1909046";"15";"DrugMatrix";"";"";"CHEMBL3307715";"";"";"Not Active";""
"CHEMBL1144";"PRAVASTATIN";"4.0";"424.53";"0";"2.44";"PRAVASTATIN";"CC[C@H](C)C(=O)O[C@H]1C[C@H](O)C=C2C=C[C@H](C)[C@H](CC[C@@H](O)C[C@@H](O)CC(=O)O)[C@H]21";"Ki";"";"";"";"";"";"Inhibition < 50% @ 10 uM and thus dose-reponse curve not measured";"";"";"";"";"";"0";"CHEMBL1909126";"DRUGMATRIX: Chemokine CCR5 radioligand binding (ligand: [125I] MIP-1alpha)";"B";"BAO_0000249";"cell membrane format";"None";"None";"None";"HEK293";"Membrane";"";"";"";"CHEMBL274";"C-C chemokine receptor type 5";"Homo sapiens";"SINGLE PROTEIN";"CHEMBL1909046";"15";"DrugMatrix";"";"";"CHEMBL3307715";"";"";"Not Active";""
"CHEMBL54";"HALOPERIDOL";"4.0";"375.87";"0";"4.43";"HALOPERIDOL";"O=C(CCCN1CCC(O)(c2ccc(Cl)cc2)CC1)c1ccc(F)cc1";"Ki";"";"";"";"";"";"Inhibition < 50% @ 10 uM and thus dose-reponse curve not measured";"";"";"";"";"";"0";"CHEMBL1909126";"DRUGMATRIX: Chemokine CCR5 radioligand binding (ligand: [125I] MIP-1alpha)";"B";"BAO_0000249";"cell membrane format";"None";"None";"None";"HEK293";"Membrane";"";"";"";"CHEMBL274";"C-C chemokine receptor type 5";"Homo sapiens";"SINGLE PROTEIN";"CHEMBL1909046";"15";"DrugMatrix";"";"";"CHEMBL3307715";"";"";"Not Active";""
"CHEMBL303503";"";"None";"644.62";"2";"5.93";"13h";"C[C@H]1CN(C2CCN(C(=O)c3c(Cl)cccc3Cl)CC2)CCN1[C@@H](C)c1ccc(S(=O)(=O)c2ccc3c(c2)OCO3)cc1";"Ki";"'='";"49.0";"nM";"7.31";"";"";"UO_0000065";"11.34";"0.23";"1.38";"9.21";"0";"CHEMBL649954";"Inhibition of [125I]-labeled RANTES binding to C-C chemokine receptor type 5";"B";"BAO_0000357";"single protein format";"None";"None";"None";"None";"None";"";"";"";"CHEMBL274";"C-C chemokine receptor type 5";"Homo sapiens";"SINGLE PROTEIN";"CHEMBL1133909";"1";"Scientific Literature";"Bioorg Med Chem Lett";"2001";"None";"";"";"";"49.0"
"CHEMBL128";"SUMATRIPTAN";"4.0";"295.41";"0";"1.32";"SUMATRIPTAN";"CNS(=O)(=O)Cc1ccc2[nH]cc(CCN(C)C)c2c1";"Ki";"";"";"";"";"";"Inhibition < 50% @ 10 uM and thus dose-reponse curve not measured";"";"";"";"";"";"0";"CHEMBL1909126";"DRUGMATRIX: Chemokine CCR5 radioligand binding (ligand: [125I] MIP-1alpha)";"B";"BAO_0000249";"cell membrane format";"None";"None";"None";"HEK293";"Membrane";"";"";"";"CHEMBL274";"C-C chemokine receptor type 5";"Homo sapiens";"SINGLE PROTEIN";"CHEMBL1909046";"15";"DrugMatrix";"";"";"CHEMBL3307715";"";"";"Not Active";""
"CHEMBL838";"BENAZEPRIL";"4.0";"424.50";"0";"2.57";"BENAZEPRIL";"CCOC(=O)[C@H](CCc1ccccc1)N[C@H]1CCc2ccccc2N(CC(=O)O)C1=O";"Ki";"";"";"";"";"";"Inhibition < 50% @ 10 uM and thus dose-reponse curve not measured";"";"";"";"";"";"0";"CHEMBL1909126";"DRUGMATRIX: Chemokine CCR5 radioligand binding (ligand: [125I] MIP-1alpha)";"B";"BAO_0000249";"cell membrane format";"None";"None";"None";"HEK293";"Membrane";"";"";"";"CHEMBL274";"C-C chemokine receptor type 5";"Homo sapiens";"SINGLE PROTEIN";"CHEMBL1909046";"15";"DrugMatrix";"";"";"CHEMBL3307715";"";"";"Not Active";""
"CHEMBL49080";"CLENBUTEROL";"2.0";"277.19";"0";"3.00";"CLENBUTEROL";"CC(C)(C)NCC(O)c1cc(Cl)c(N)c(Cl)c1";"Ki";"";"";"";"";"";"Inhibition < 50% @ 10 uM and thus dose-reponse curve not measured";"";"";"";"";"";"0";"CHEMBL1909126";"DRUGMATRIX: Chemokine CCR5 radioligand binding (ligand: [125I] MIP-1alpha)";"B";"BAO_0000249";"cell membrane format";"None";"None";"None";"HEK293";"Membrane";"";"";"";"CHEMBL274";"C-C chemokine receptor type 5";"Homo sapiens";"SINGLE PROTEIN";"CHEMBL1909046";"15";"DrugMatrix";"";"";"CHEMBL3307715";"";"";"Not Active";""
"CHEMBL1297";"FENOPROFEN";"4.0";"242.27";"0";"3.67";"FENOPROFEN";"CC(C(=O)O)c1cccc(Oc2ccccc2)c1";"Ki";"";"";"";"";"";"Inhibition < 50% @ 10 uM and thus dose-reponse curve not measured";"";"";"";"";"";"0";"CHEMBL1909126";"DRUGMATRIX: Chemokine CCR5 radioligand binding (ligand: [125I] MIP-1alpha)";"B";"BAO_0000249";"cell membrane format";"None";"None";"None";"HEK293";"Membrane";"";"";"";"CHEMBL274";"C-C chemokine receptor type 5";"Homo sapiens";"SINGLE PROTEIN";"CHEMBL1909046";"15";"DrugMatrix";"";"";"CHEMBL3307715";"";"";"Not Active";""
"CHEMBL1261";"CITRIC ACID";"4.0";"192.12";"0";"-1.25";"CITRIC ACID";"O=C(O)CC(O)(CC(=O)O)C(=O)O";"Ki";"";"";"";"";"";"Inhibition < 50% @ 10 uM and thus dose-reponse curve not measured";"";"";"";"";"";"0";"CHEMBL1909126";"DRUGMATRIX: Chemokine CCR5 radioligand binding (ligand: [125I] MIP-1alpha)";"B";"BAO_0000249";"cell membrane format";"None";"None";"None";"HEK293";"Membrane";"";"";"";"CHEMBL274";"C-C chemokine receptor type 5";"Homo sapiens";"SINGLE PROTEIN";"CHEMBL1909046";"15";"DrugMatrix";"";"";"CHEMBL3307715";"";"";"Not Active";""
"CHEMBL153479";"AMBROXOL";"3.0";"378.11";"0";"3.19";"AMBROXOL";"Nc1c(Br)cc(Br)cc1CN[C@H]1CC[C@H](O)CC1";"Ki";"";"";"";"";"";"Inhibition < 50% @ 10 uM and thus dose-reponse curve not measured";"";"";"";"";"";"0";"CHEMBL1909126";"DRUGMATRIX: Chemokine CCR5 radioligand binding (ligand: [125I] MIP-1alpha)";"B";"BAO_0000249";"cell membrane format";"None";"None";"None";"HEK293";"Membrane";"";"";"";"CHEMBL274";"C-C chemokine receptor type 5";"Homo sapiens";"SINGLE PROTEIN";"CHEMBL1909046";"15";"DrugMatrix";"";"";"CHEMBL3307715";"";"";"Not Active";""
"CHEMBL1403281";"ERGOCRYPTINE";"None";"575.71";"1";"2.43";"ALPHA-ERGOCRYPTINE";"CC(C)C[C@H]1C(=O)N2CCC[C@H]2[C@]2(O)O[C@](NC(=O)[C@@H]3C=C4c5cccc6[nH]cc(c56)C[C@H]4N(C)C3)(C(C)C)C(=O)N12";"Ki";"";"";"";"";"";"Inhibition < 50% @ 10 uM and thus dose-reponse curve not measured";"";"";"";"";"";"0";"CHEMBL1909126";"DRUGMATRIX: Chemokine CCR5 radioligand binding (ligand: [125I] MIP-1alpha)";"B";"BAO_0000249";"cell membrane format";"None";"None";"None";"HEK293";"Membrane";"";"";"";"CHEMBL274";"C-C chemokine receptor type 5";"Homo sapiens";"SINGLE PROTEIN";"CHEMBL1909046";"15";"DrugMatrix";"";"";"CHEMBL3307715";"";"";"Not Active";""
"CHEMBL1385840";"ERGOCORNINE";"None";"561.68";"1";"2.04";"ERGOCORNINE";"CC(C)[C@H]1C(=O)N2CCC[C@H]2[C@]2(O)O[C@](NC(=O)[C@@H]3C=C4c5cccc6[nH]cc(c56)C[C@H]4N(C)C3)(C(C)C)C(=O)N12";"Ki";"";"";"";"";"";"Inhibition < 50% @ 10 uM and thus dose-reponse curve not measured";"";"";"";"";"";"0";"CHEMBL1909126";"DRUGMATRIX: Chemokine CCR5 radioligand binding (ligand: [125I] MIP-1alpha)";"B";"BAO_0000249";"cell membrane format";"None";"None";"None";"HEK293";"Membrane";"";"";"";"CHEMBL274";"C-C chemokine receptor type 5";"Homo sapiens";"SINGLE PROTEIN";"CHEMBL1909046";"15";"DrugMatrix";"";"";"CHEMBL3307715";"";"";"Not Active";""
"CHEMBL578";"ENALAPRIL";"4.0";"376.45";"0";"1.60";"ENALAPRIL";"CCOC(=O)[C@H](CCc1ccccc1)N[C@@H](C)C(=O)N1CCC[C@H]1C(=O)O";"Ki";"";"";"";"";"";"Inhibition < 50% @ 10 uM and thus dose-reponse curve not measured";"";"";"";"";"";"0";"CHEMBL1909126";"DRUGMATRIX: Chemokine CCR5 radioligand binding (ligand: [125I] MIP-1alpha)";"B";"BAO_0000249";"cell membrane format";"None";"None";"None";"HEK293";"Membrane";"";"";"";"CHEMBL274";"C-C chemokine receptor type 5";"Homo sapiens";"SINGLE PROTEIN";"CHEMBL1909046";"15";"DrugMatrix";"";"";"CHEMBL3307715";"";"";"Not Active";""
"CHEMBL88";"CYCLOPHOSPHAMIDE ANHYDROUS";"4.0";"261.09";"0";"1.88";"CYCLOPHOSPHAMIDE";"O=P1(N(CCCl)CCCl)NCCCO1";"Ki";"";"";"";"";"";"Inhibition < 50% @ 10 uM and thus dose-reponse curve not measured";"";"";"";"";"";"0";"CHEMBL1909126";"DRUGMATRIX: Chemokine CCR5 radioligand binding (ligand: [125I] MIP-1alpha)";"B";"BAO_0000249";"cell membrane format";"None";"None";"None";"HEK293";"Membrane";"";"";"";"CHEMBL274";"C-C chemokine receptor type 5";"Homo sapiens";"SINGLE PROTEIN";"CHEMBL1909046";"15";"DrugMatrix";"";"";"CHEMBL3307715";"";"";"Not Active";""
"CHEMBL513";"CARMUSTINE";"4.0";"214.05";"0";"1.16";"CARMUSTINE";"O=NN(CCCl)C(=O)NCCCl";"Ki";"";"";"";"";"";"Inhibition < 50% @ 10 uM and thus dose-reponse curve not measured";"";"";"";"";"";"0";"CHEMBL1909126";"DRUGMATRIX: Chemokine CCR5 radioligand binding (ligand: [125I] MIP-1alpha)";"B";"BAO_0000249";"cell membrane format";"None";"None";"None";"HEK293";"Membrane";"";"";"";"CHEMBL274";"C-C chemokine receptor type 5";"Homo sapiens";"SINGLE PROTEIN";"CHEMBL1909046";"15";"DrugMatrix";"";"";"CHEMBL3307715";"";"";"Not Active";""
"CHEMBL1766";"DESOXIMETASONE";"4.0";"376.47";"0";"2.78";"DESOXIMETASONE";"C[C@@H]1C[C@H]2[C@@H]3CCC4=CC(=O)C=C[C@]4(C)[C@@]3(F)[C@@H](O)C[C@]2(C)[C@H]1C(=O)CO";"Ki";"";"";"";"";"";"Inhibition < 50% @ 10 uM and thus dose-reponse curve not measured";"";"";"";"";"";"0";"CHEMBL1909126";"DRUGMATRIX: Chemokine CCR5 radioligand binding (ligand: [125I] MIP-1alpha)";"B";"BAO_0000249";"cell membrane format";"None";"None";"None";"HEK293";"Membrane";"";"";"";"CHEMBL274";"C-C chemokine receptor type 5";"Homo sapiens";"SINGLE PROTEIN";"CHEMBL1909046";"15";"DrugMatrix";"";"";"CHEMBL3307715";"";"";"Not Active";""
"CHEMBL411";"DIETHYLSTILBESTROL";"4.0";"268.36";"0";"4.83";"DIETHYLSTILBESTROL";"CC/C(=C(/CC)c1ccc(O)cc1)c1ccc(O)cc1";"Ki";"";"";"";"";"";"Inhibition < 50% @ 10 uM and thus dose-reponse curve not measured";"";"";"";"";"";"0";"CHEMBL1909126";"DRUGMATRIX: Chemokine CCR5 radioligand binding (ligand: [125I] MIP-1alpha)";"B";"BAO_0000249";"cell membrane format";"None";"None";"None";"HEK293";"Membrane";"";"";"";"CHEMBL274";"C-C chemokine receptor type 5";"Homo sapiens";"SINGLE PROTEIN";"CHEMBL1909046";"15";"DrugMatrix";"";"";"CHEMBL3307715";"";"";"Not Active";""
"CHEMBL277474";"ANTIPYRINE";"3.0";"188.23";"0";"1.48";"ANTIPYRINE";"Cc1cc(=O)n(-c2ccccc2)n1C";"Ki";"";"";"";"";"";"Inhibition < 50% @ 10 uM and thus dose-reponse curve not measured";"";"";"";"";"";"0";"CHEMBL1909126";"DRUGMATRIX: Chemokine CCR5 radioligand binding (ligand: [125I] MIP-1alpha)";"B";"BAO_0000249";"cell membrane format";"None";"None";"None";"HEK293";"Membrane";"";"";"";"CHEMBL274";"C-C chemokine receptor type 5";"Homo sapiens";"SINGLE PROTEIN";"CHEMBL1909046";"15";"DrugMatrix";"";"";"CHEMBL3307715";"";"";"Not Active";""
"CHEMBL534";"KETOTIFEN";"4.0";"309.43";"0";"4.01";"KETOTIFEN";"CN1CCC(=C2c3ccccc3CC(=O)c3sccc32)CC1";"Ki";"";"";"";"";"";"Inhibition < 50% @ 10 uM and thus dose-reponse curve not measured";"";"";"";"";"";"0";"CHEMBL1909126";"DRUGMATRIX: Chemokine CCR5 radioligand binding (ligand: [125I] MIP-1alpha)";"B";"BAO_0000249";"cell membrane format";"None";"None";"None";"HEK293";"Membrane";"";"";"";"CHEMBL274";"C-C chemokine receptor type 5";"Homo sapiens";"SINGLE PROTEIN";"CHEMBL1909046";"15";"DrugMatrix";"";"";"CHEMBL3307715";"";"";"Not Active";""
"CHEMBL585";"TRIAMTERENE";"4.0";"253.27";"0";"0.83";"TRIAMTERENE";"Nc1nc(N)c2nc(-c3ccccc3)c(N)nc2n1";"Ki";"";"";"";"";"";"Inhibition < 50% @ 10 uM and thus dose-reponse curve not measured";"";"";"";"";"";"0";"CHEMBL1909126";"DRUGMATRIX: Chemokine CCR5 radioligand binding (ligand: [125I] MIP-1alpha)";"B";"BAO_0000249";"cell membrane format";"None";"None";"None";"HEK293";"Membrane";"";"";"";"CHEMBL274";"C-C chemokine receptor type 5";"Homo sapiens";"SINGLE PROTEIN";"CHEMBL1909046";"15";"DrugMatrix";"";"";"CHEMBL3307715";"";"";"Not Active";""
"CHEMBL290916";"EDARAVONE";"4.0";"174.20";"0";"1.80";"EDARAVONE";"CC1=NN(c2ccccc2)C(=O)C1";"Ki";"";"";"";"";"";"Inhibition < 50% @ 10 uM and thus dose-reponse curve not measured";"";"";"";"";"";"0";"CHEMBL1909126";"DRUGMATRIX: Chemokine CCR5 radioligand binding (ligand: [125I] MIP-1alpha)";"B";"BAO_0000249";"cell membrane format";"None";"None";"None";"HEK293";"Membrane";"";"";"";"CHEMBL274";"C-C chemokine receptor type 5";"Homo sapiens";"SINGLE PROTEIN";"CHEMBL1909046";"15";"DrugMatrix";"";"";"CHEMBL3307715";"";"";"Not Active";""
"CHEMBL115769";"";"None";"334.35";"0";"3.97";"RWJ-68354";"COc1cc(N)[nH]c2nc(-c3ccc(F)cc3)c(-c3ccncc3)c1-2";"Ki";"";"";"";"";"";"Inhibition < 50% @ 10 uM and thus dose-reponse curve not measured";"";"";"";"";"";"0";"CHEMBL1909126";"DRUGMATRIX: Chemokine CCR5 radioligand binding (ligand: [125I] MIP-1alpha)";"B";"BAO_0000249";"cell membrane format";"None";"None";"None";"HEK293";"Membrane";"";"";"";"CHEMBL274";"C-C chemokine receptor type 5";"Homo sapiens";"SINGLE PROTEIN";"CHEMBL1909046";"15";"DrugMatrix";"";"";"CHEMBL3307715";"";"";"Not Active";""
"CHEMBL583";"GREPAFLOXACIN";"4.0";"359.40";"0";"2.28";"GREPAFLOXACIN";"Cc1c(F)c(N2CCNC(C)C2)cc2c1c(=O)c(C(=O)O)cn2C1CC1";"Ki";"";"";"";"";"";"Inhibition < 50% @ 10 uM and thus dose-reponse curve not measured";"";"";"";"";"";"0";"CHEMBL1909126";"DRUGMATRIX: Chemokine CCR5 radioligand binding (ligand: [125I] MIP-1alpha)";"B";"BAO_0000249";"cell membrane format";"None";"None";"None";"HEK293";"Membrane";"";"";"";"CHEMBL274";"C-C chemokine receptor type 5";"Homo sapiens";"SINGLE PROTEIN";"CHEMBL1909046";"15";"DrugMatrix";"";"";"CHEMBL3307715";"";"";"Not Active";""
"CHEMBL306043";"GOLD SODIUM THIOMALATE";"2.0";"346.11";"None";"None";"GOLD SODIUM THIOMALATE";"";"Ki";"";"";"";"";"";"Inhibition < 50% @ 10 uM and thus dose-reponse curve not measured";"";"";"";"";"";"0";"CHEMBL1909126";"DRUGMATRIX: Chemokine CCR5 radioligand binding (ligand: [125I] MIP-1alpha)";"B";"BAO_0000249";"cell membrane format";"None";"None";"None";"HEK293";"Membrane";"";"";"";"CHEMBL274";"C-C chemokine receptor type 5";"Homo sapiens";"SINGLE PROTEIN";"CHEMBL1909046";"15";"DrugMatrix";"";"";"CHEMBL3307715";"";"";"Not Active";""
"CHEMBL1463";"FLUCYTOSINE";"4.0";"129.09";"0";"-0.51";"FLUCYTOSINE";"Nc1nc(=O)[nH]cc1F";"Ki";"";"";"";"";"";"Inhibition < 50% @ 10 uM and thus dose-reponse curve not measured";"";"";"";"";"";"0";"CHEMBL1909126";"DRUGMATRIX: Chemokine CCR5 radioligand binding (ligand: [125I] MIP-1alpha)";"B";"BAO_0000249";"cell membrane format";"None";"None";"None";"HEK293";"Membrane";"";"";"";"CHEMBL274";"C-C chemokine receptor type 5";"Homo sapiens";"SINGLE PROTEIN";"CHEMBL1909046";"15";"DrugMatrix";"";"";"CHEMBL3307715";"";"";"Not Active";""
"CHEMBL1062";"HYDROXYPROGESTERONE";"None";"330.47";"0";"3.84";"HYDROXYPROGESTERONE";"CC(=O)[C@@]1(O)CC[C@H]2[C@@H]3CCC4=CC(=O)CC[C@]4(C)[C@H]3CC[C@@]21C";"Ki";"";"";"";"";"";"Inhibition < 50% @ 10 uM and thus dose-reponse curve not measured";"";"";"";"";"";"0";"CHEMBL1909126";"DRUGMATRIX: Chemokine CCR5 radioligand binding (ligand: [125I] MIP-1alpha)";"B";"BAO_0000249";"cell membrane format";"None";"None";"None";"HEK293";"Membrane";"";"";"";"CHEMBL274";"C-C chemokine receptor type 5";"Homo sapiens";"SINGLE PROTEIN";"CHEMBL1909046";"15";"DrugMatrix";"";"";"CHEMBL3307715";"";"";"Not Active";""
"CHEMBL1201207";"BETAMETHASONE PHOSPHORIC ACID";"4.0";"472.45";"0";"2.01";"BETAMETHASONE PHOSPHATE";"C[C@H]1C[C@H]2[C@@H]3CCC4=CC(=O)C=C[C@]4(C)[C@@]3(F)[C@@H](O)C[C@]2(C)[C@@]1(O)C(=O)COP(=O)(O)O";"Ki";"";"";"";"";"";"Inhibition < 50% @ 10 uM and thus dose-reponse curve not measured";"";"";"";"";"";"0";"CHEMBL1909126";"DRUGMATRIX: Chemokine CCR5 radioligand binding (ligand: [125I] MIP-1alpha)";"B";"BAO_0000249";"cell membrane format";"None";"None";"None";"HEK293";"Membrane";"";"";"";"CHEMBL274";"C-C chemokine receptor type 5";"Homo sapiens";"SINGLE PROTEIN";"CHEMBL1909046";"15";"DrugMatrix";"";"";"CHEMBL3307715";"";"";"Not Active";""
"CHEMBL1381098";"1-NAPHTHYLISOTHIOCYANATE";"None";"185.25";"0";"3.57";"1-NAPHTHYL ISOTHIOCYANATE";"S=C=Nc1cccc2ccccc12";"Ki";"";"";"";"";"";"Inhibition < 50% @ 10 uM and thus dose-reponse curve not measured";"";"";"";"";"";"0";"CHEMBL1909126";"DRUGMATRIX: Chemokine CCR5 radioligand binding (ligand: [125I] MIP-1alpha)";"B";"BAO_0000249";"cell membrane format";"None";"None";"None";"HEK293";"Membrane";"";"";"";"CHEMBL274";"C-C chemokine receptor type 5";"Homo sapiens";"SINGLE PROTEIN";"CHEMBL1909046";"15";"DrugMatrix";"";"";"CHEMBL3307715";"";"";"Not Active";""
"CHEMBL1200845";"HALCINONIDE";"4.0";"454.97";"0";"3.89";"HALCINONIDE";"CC1(C)O[C@@H]2C[C@H]3[C@@H]4CCC5=CC(=O)CC[C@]5(C)[C@@]4(F)[C@@H](O)C[C@]3(C)[C@]2(C(=O)CCl)O1";"Ki";"";"";"";"";"";"Inhibition < 50% @ 10 uM and thus dose-reponse curve not measured";"";"";"";"";"";"0";"CHEMBL1909126";"DRUGMATRIX: Chemokine CCR5 radioligand binding (ligand: [125I] MIP-1alpha)";"B";"BAO_0000249";"cell membrane format";"None";"None";"None";"HEK293";"Membrane";"";"";"";"CHEMBL274";"C-C chemokine receptor type 5";"Homo sapiens";"SINGLE PROTEIN";"CHEMBL1909046";"15";"DrugMatrix";"";"";"CHEMBL3307715";"";"";"Not Active";""
"CHEMBL1371";"CHLORZOXAZONE";"4.0";"169.57";"0";"1.77";"CHLORZOXAZONE";"O=c1[nH]c2cc(Cl)ccc2o1";"Ki";"";"";"";"";"";"Inhibition < 50% @ 10 uM and thus dose-reponse curve not measured";"";"";"";"";"";"0";"CHEMBL1909126";"DRUGMATRIX: Chemokine CCR5 radioligand binding (ligand: [125I] MIP-1alpha)";"B";"BAO_0000249";"cell membrane format";"None";"None";"None";"HEK293";"Membrane";"";"";"";"CHEMBL274";"C-C chemokine receptor type 5";"Homo sapiens";"SINGLE PROTEIN";"CHEMBL1909046";"15";"DrugMatrix";"";"";"CHEMBL3307715";"";"";"Not Active";""
"CHEMBL289469";"GRANISETRON";"4.0";"312.42";"0";"2.32";"GRANISETRON";"CN1C2CCCC1CC(NC(=O)c1nn(C)c3ccccc13)C2";"Ki";"";"";"";"";"";"Inhibition < 50% @ 10 uM and thus dose-reponse curve not measured";"";"";"";"";"";"0";"CHEMBL1909126";"DRUGMATRIX: Chemokine CCR5 radioligand binding (ligand: [125I] MIP-1alpha)";"B";"BAO_0000249";"cell membrane format";"None";"None";"None";"HEK293";"Membrane";"";"";"";"CHEMBL274";"C-C chemokine receptor type 5";"Homo sapiens";"SINGLE PROTEIN";"CHEMBL1909046";"15";"DrugMatrix";"";"";"CHEMBL3307715";"";"";"Not Active";""
"CHEMBL6067481";"COLISTIN";"4.0";"None";"None";"None";"COLISTIN";"";"Ki";"";"";"";"";"";"Inhibition < 50% @ 10 uM and thus dose-reponse curve not measured";"";"";"";"";"";"0";"CHEMBL1909126";"DRUGMATRIX: Chemokine CCR5 radioligand binding (ligand: [125I] MIP-1alpha)";"B";"BAO_0000249";"cell membrane format";"None";"None";"None";"HEK293";"Membrane";"";"";"";"CHEMBL274";"C-C chemokine receptor type 5";"Homo sapiens";"SINGLE PROTEIN";"CHEMBL1909046";"15";"DrugMatrix";"";"";"CHEMBL3307715";"";"";"Not Active";""
"CHEMBL456807";"PHENYLHYDRAZINE";"None";"108.14";"0";"0.97";"PHENYLHYDRAZINE";"NNc1ccccc1";"Ki";"";"";"";"";"";"Inhibition < 50% @ 10 uM and thus dose-reponse curve not measured";"";"";"";"";"";"0";"CHEMBL1909126";"DRUGMATRIX: Chemokine CCR5 radioligand binding (ligand: [125I] MIP-1alpha)";"B";"BAO_0000249";"cell membrane format";"None";"None";"None";"HEK293";"Membrane";"";"";"";"CHEMBL274";"C-C chemokine receptor type 5";"Homo sapiens";"SINGLE PROTEIN";"CHEMBL1909046";"15";"DrugMatrix";"";"";"CHEMBL3307715";"";"";"Not Active";""
"CHEMBL293492";"CINNAMALDEHYDE";"-1.0";"132.16";"0";"1.90";"CINNAMALDEHYDE";"O=C/C=C/c1ccccc1";"Ki";"";"";"";"";"";"Inhibition < 50% @ 10 uM and thus dose-reponse curve not measured";"";"";"";"";"";"0";"CHEMBL1909126";"DRUGMATRIX: Chemokine CCR5 radioligand binding (ligand: [125I] MIP-1alpha)";"B";"BAO_0000249";"cell membrane format";"None";"None";"None";"HEK293";"Membrane";"";"";"";"CHEMBL274";"C-C chemokine receptor type 5";"Homo sapiens";"SINGLE PROTEIN";"CHEMBL1909046";"15";"DrugMatrix";"";"";"CHEMBL3307715";"";"";"Not Active";""
"CHEMBL342137";"";"None";"517.64";"2";"5.18";"72";"Cc1nc(C)c(C(=O)N2CCC(C)(N3CCN([C@@H](C)c4ccc(C(F)(F)F)cc4)[C@@H](C)C3)CC2)c(C)n1";"Ki";"'='";"10.0";"nM";"8.00";"";"";"UO_0000065";"15.45";"0.30";"2.82";"15.22";"0";"CHEMBL649945";"Inhibition of RANTES binding to the human C-C chemokine receptor type 5 (CCR5)";"B";"BAO_0000357";"single protein format";"None";"None";"None";"None";"None";"";"";"";"CHEMBL274";"C-C chemokine receptor type 5";"Homo sapiens";"SINGLE PROTEIN";"CHEMBL1144903";"1";"Scientific Literature";"J Med Chem";"2003";"None";"";"";"";"10.0"
"CHEMBL139246";"";"None";"582.59";"2";"5.88";"98";"CCO/N=C(/c1ccc(Br)cc1)C1CCN(C2(C)CCN(C(=O)c3c(C)nc(C4CC4)nc3C)CC2)CC1";"Ki";"'='";"25.0";"nM";"7.60";"";"";"UO_0000065";"13.05";"0.27";"1.72";"10.72";"0";"CHEMBL649945";"Inhibition of RANTES binding to the human C-C chemokine receptor type 5 (CCR5)";"B";"BAO_0000357";"single protein format";"None";"None";"None";"None";"None";"";"";"";"CHEMBL274";"C-C chemokine receptor type 5";"Homo sapiens";"SINGLE PROTEIN";"CHEMBL1144903";"1";"Scientific Literature";"J Med Chem";"2003";"None";"";"";"";"25.0"
"CHEMBL105784";"";"None";"547.93";"2";"5.44";"18b";"CO/N=C(\c1ccc(Br)cc1)C1CCN(C2(C)CCN(C(=O)c3c(N)cccc3Cl)CC2)CC1";"Ki";"'='";"3.4";"nM";"8.47";"";"";"UO_0000065";"15.46";"0.34";"3.03";"11.90";"0";"CHEMBL649944";"Inhibition of RANTES binding to C-C chemokine receptor type 5";"B";"BAO_0000357";"single protein format";"None";"None";"None";"None";"None";"";"";"";"CHEMBL274";"C-C chemokine receptor type 5";"Homo sapiens";"SINGLE PROTEIN";"CHEMBL1134621";"1";"Scientific Literature";"J Med Chem";"2001";"None";"";"";"";"3.4"
"CHEMBL990";"BUTENAFINE";"4.0";"317.48";"1";"5.77";"BUTENAFINE";"CN(Cc1ccc(C(C)(C)C)cc1)Cc1cccc2ccccc12";"Ki";"";"";"";"";"";"Inhibition < 50% @ 10 uM and thus dose-reponse curve not measured";"";"";"";"";"";"0";"CHEMBL1909126";"DRUGMATRIX: Chemokine CCR5 radioligand binding (ligand: [125I] MIP-1alpha)";"B";"BAO_0000249";"cell membrane format";"None";"None";"None";"HEK293";"Membrane";"";"";"";"CHEMBL274";"C-C chemokine receptor type 5";"Homo sapiens";"SINGLE PROTEIN";"CHEMBL1909046";"15";"DrugMatrix";"";"";"CHEMBL3307715";"";"";"Not Active";""
"CHEMBL278172";"BENZOCAINE";"3.0";"165.19";"0";"1.45";"BENZOCAINE";"CCOC(=O)c1ccc(N)cc1";"Ki";"";"";"";"";"";"Inhibition < 50% @ 10 uM and thus dose-reponse curve not measured";"";"";"";"";"";"0";"CHEMBL1909126";"DRUGMATRIX: Chemokine CCR5 radioligand binding (ligand: [125I] MIP-1alpha)";"B";"BAO_0000249";"cell membrane format";"None";"None";"None";"HEK293";"Membrane";"";"";"";"CHEMBL274";"C-C chemokine receptor type 5";"Homo sapiens";"SINGLE PROTEIN";"CHEMBL1909046";"15";"DrugMatrix";"";"";"CHEMBL3307715";"";"";"Not Active";""
"CHEMBL252557";"GLYCOLIC ACID";"2.0";"76.05";"0";"-0.94";"GLYCOLIC ACID";"O=C(O)CO";"Ki";"";"";"";"";"";"Inhibition < 50% @ 10 uM and thus dose-reponse curve not measured";"";"";"";"";"";"0";"CHEMBL1909126";"DRUGMATRIX: Chemokine CCR5 radioligand binding (ligand: [125I] MIP-1alpha)";"B";"BAO_0000249";"cell membrane format";"None";"None";"None";"HEK293";"Membrane";"";"";"";"CHEMBL274";"C-C chemokine receptor type 5";"Homo sapiens";"SINGLE PROTEIN";"CHEMBL1909046";"15";"DrugMatrix";"";"";"CHEMBL3307715";"";"";"Not Active";""
"CHEMBL195437";"4-OCTYLPHENOL";"None";"206.33";"0";"4.30";"4-OCTYLPHENOL";"CCCCCCCCc1ccc(O)cc1";"Ki";"";"";"";"";"";"Inhibition < 50% @ 10 uM and thus dose-reponse curve not measured";"";"";"";"";"";"0";"CHEMBL1909126";"DRUGMATRIX: Chemokine CCR5 radioligand binding (ligand: [125I] MIP-1alpha)";"B";"BAO_0000249";"cell membrane format";"None";"None";"None";"HEK293";"Membrane";"";"";"";"CHEMBL274";"C-C chemokine receptor type 5";"Homo sapiens";"SINGLE PROTEIN";"CHEMBL1909046";"15";"DrugMatrix";"";"";"CHEMBL3307715";"";"";"Not Active";""
"CHEMBL1512";"FLUNISOLIDE";"4.0";"434.50";"0";"2.27";"FLUNISOLIDE";"CC1(C)O[C@@H]2C[C@H]3[C@@H]4C[C@H](F)C5=CC(=O)C=C[C@]5(C)[C@H]4[C@@H](O)C[C@]3(C)[C@]2(C(=O)CO)O1";"Ki";"";"";"";"";"";"Inhibition < 50% @ 10 uM and thus dose-reponse curve not measured";"";"";"";"";"";"0";"CHEMBL1909126";"DRUGMATRIX: Chemokine CCR5 radioligand binding (ligand: [125I] MIP-1alpha)";"B";"BAO_0000249";"cell membrane format";"None";"None";"None";"HEK293";"Membrane";"";"";"";"CHEMBL274";"C-C chemokine receptor type 5";"Homo sapiens";"SINGLE PROTEIN";"CHEMBL1909046";"15";"DrugMatrix";"";"";"CHEMBL3307715";"";"";"Not Active";""
"CHEMBL130";"CHLORAMPHENICOL";"4.0";"323.13";"0";"0.91";"CHLORAMPHENICOL";"O=C(N[C@H](CO)[C@H](O)c1ccc([N+](=O)[O-])cc1)C(Cl)Cl";"Ki";"";"";"";"";"";"Inhibition < 50% @ 10 uM and thus dose-reponse curve not measured";"";"";"";"";"";"0";"CHEMBL1909126";"DRUGMATRIX: Chemokine CCR5 radioligand binding (ligand: [125I] MIP-1alpha)";"B";"BAO_0000249";"cell membrane format";"None";"None";"None";"HEK293";"Membrane";"";"";"";"CHEMBL274";"C-C chemokine receptor type 5";"Homo sapiens";"SINGLE PROTEIN";"CHEMBL1909046";"15";"DrugMatrix";"";"";"CHEMBL3307715";"";"";"Not Active";""
"CHEMBL1230333";"";"None";"170.23";"0";"2.16";"4-(2-THIENYL)BUTYRIC ACID";"O=C(O)CCCc1cccs1";"Ki";"";"";"";"";"";"Inhibition < 50% @ 10 uM and thus dose-reponse curve not measured";"";"";"";"";"";"0";"CHEMBL1909126";"DRUGMATRIX: Chemokine CCR5 radioligand binding (ligand: [125I] MIP-1alpha)";"B";"BAO_0000249";"cell membrane format";"None";"None";"None";"HEK293";"Membrane";"";"";"";"CHEMBL274";"C-C chemokine receptor type 5";"Homo sapiens";"SINGLE PROTEIN";"CHEMBL1909046";"15";"DrugMatrix";"";"";"CHEMBL3307715";"";"";"Not Active";""
"CHEMBL765";"GUANETHIDINE";"4.0";"198.31";"0";"0.74";"GUANETHIDINE";"N=C(N)NCCN1CCCCCCC1";"Ki";"";"";"";"";"";"Inhibition < 50% @ 10 uM and thus dose-reponse curve not measured";"";"";"";"";"";"0";"CHEMBL1909126";"DRUGMATRIX: Chemokine CCR5 radioligand binding (ligand: [125I] MIP-1alpha)";"B";"BAO_0000249";"cell membrane format";"None";"None";"None";"HEK293";"Membrane";"";"";"";"CHEMBL274";"C-C chemokine receptor type 5";"Homo sapiens";"SINGLE PROTEIN";"CHEMBL1909046";"15";"DrugMatrix";"";"";"CHEMBL3307715";"";"";"Not Active";""
